fecha,serie,modelo,observado,pronostico
2021-04-01,S1_la_aurora,"ARIMA(1,1,0)",33042.102901499005,61737.987333861274
2021-05-01,S1_la_aurora,"ARIMA(1,1,0)",58366.0,61942.84486519674
2021-06-01,S1_la_aurora,"ARIMA(1,1,0)",73409.0,61956.81784330627
2021-07-01,S1_la_aurora,"ARIMA(1,1,0)",70338.0,61957.76934642028
2021-08-01,S1_la_aurora,"ARIMA(1,1,0)",50329.0,61957.83413264885
2021-09-01,S1_la_aurora,"ARIMA(1,1,0)",45550.99999999996,61957.8385437992
2021-10-01,S1_la_aurora,"ARIMA(1,1,0)",58214.0,61957.838844144455
2021-11-01,S1_la_aurora,"ARIMA(1,1,0)",68341.0,61957.83886459434
2021-12-01,S1_la_aurora,"ARIMA(1,1,0)",122055.0,61957.838865986705
2022-01-01,S1_la_aurora,"ARIMA(1,1,0)",97425.0,61957.83886608146
2022-02-01,S1_la_aurora,"ARIMA(1,1,0)",80430.0,61957.83886608796
2022-03-01,S1_la_aurora,"ARIMA(1,1,0)",106039.0,61957.838866088394
2022-04-01,S1_la_aurora,"ARIMA(1,1,0)",120691.0,61957.838866088394
2022-05-01,S1_la_aurora,"ARIMA(1,1,0)",111743.0,61957.838866088394
2022-06-01,S1_la_aurora,"ARIMA(1,1,0)",123396.0,61957.838866088394
2022-07-01,S1_la_aurora,"ARIMA(1,1,0)",124569.0,61957.838866088394
2022-08-01,S1_la_aurora,"ARIMA(1,1,0)",108814.0,61957.838866088394
2022-09-01,S1_la_aurora,"ARIMA(1,1,0)",103185.0,61957.838866088394
2022-10-01,S1_la_aurora,"ARIMA(1,1,0)",122906.0,61957.838866088394
2022-11-01,S1_la_aurora,"ARIMA(1,1,0)",131130.0,61957.838866088394
2022-12-01,S1_la_aurora,"ARIMA(1,1,0)",158073.0,61957.838866088394
2023-01-01,S1_la_aurora,"ARIMA(1,1,0)",76213.0,61957.838866088394
2023-02-01,S1_la_aurora,"ARIMA(1,1,0)",75139.0,61957.838866088394
2023-03-01,S1_la_aurora,"ARIMA(1,1,0)",92427.0,61957.838866088394
2023-04-01,S1_la_aurora,"ARIMA(1,1,0)",79177.0,61957.838866088394
2023-05-01,S1_la_aurora,"ARIMA(1,1,0)",71800.0,61957.838866088394
2023-06-01,S1_la_aurora,"ARIMA(1,1,0)",87748.0,61957.838866088394
2023-07-01,S1_la_aurora,"ARIMA(1,1,0)",98942.0,61957.838866088394
2023-08-01,S1_la_aurora,"ARIMA(1,1,0)",79084.0,61957.838866088394
2023-09-01,S1_la_aurora,"ARIMA(1,1,0)",67300.0,61957.838866088394
2023-10-01,S1_la_aurora,"ARIMA(1,1,0)",59320.0,61957.838866088394
2023-11-01,S1_la_aurora,"ARIMA(1,1,0)",89115.0,61957.838866088394
2023-12-01,S1_la_aurora,"ARIMA(1,1,0)",108287.0,61957.838866088394
2024-01-01,S1_la_aurora,"ARIMA(1,1,0)",95943.0,61957.838866088394
2024-02-01,S1_la_aurora,"ARIMA(1,1,0)",98780.0,61957.838866088394
2024-03-01,S1_la_aurora,"ARIMA(1,1,0)",108306.0,61957.838866088394
2024-04-01,S1_la_aurora,"ARIMA(1,1,0)",87832.0,61957.838866088394
2024-05-01,S1_la_aurora,"ARIMA(1,1,0)",87971.0,61957.838866088394
2024-06-01,S1_la_aurora,"ARIMA(1,1,0)",104432.0,61957.838866088394
2024-07-01,S1_la_aurora,"ARIMA(1,1,0)",110289.0,61957.838866088394
2024-08-01,S1_la_aurora,"ARIMA(1,1,0)",88601.0,61957.838866088394
2024-09-01,S1_la_aurora,"ARIMA(1,1,0)",69259.0,61957.838866088394
2024-10-01,S1_la_aurora,"ARIMA(1,1,0)",81163.0,61957.838866088394
2024-11-01,S1_la_aurora,"ARIMA(1,1,0)",97101.0,61957.838866088394
2024-12-01,S1_la_aurora,"ARIMA(1,1,0)",112947.0,61957.838866088394
2025-01-01,S1_la_aurora,"ARIMA(1,1,0)",101100.0,61957.838866088394
2025-02-01,S1_la_aurora,"ARIMA(1,1,0)",92669.0,61957.838866088394
2025-03-01,S1_la_aurora,"ARIMA(1,1,0)",107158.0,61957.838866088394
2025-04-01,S1_la_aurora,"ARIMA(1,1,0)",93445.0,61957.838866088394
2025-05-01,S1_la_aurora,"ARIMA(1,1,0)",87746.0,61957.838866088394
2025-06-01,S1_la_aurora,"ARIMA(1,1,0)",99386.0,61957.838866088394
2025-07-01,S1_la_aurora,"ARIMA(1,1,0)",117314.0,61957.838866088394
2025-08-01,S1_la_aurora,"ARIMA(1,1,0)",90568.0,61957.838866088394
2025-09-01,S1_la_aurora,"ARIMA(1,1,0)",70415.0,61957.838866088394
2025-10-01,S1_la_aurora,"ARIMA(1,1,0)",89989.0,61957.838866088394
2025-11-01,S1_la_aurora,"ARIMA(1,1,0)",111541.0,61957.838866088394
2025-12-01,S1_la_aurora,"ARIMA(1,1,0)",127274.0,61957.838866088394
2026-01-01,S1_la_aurora,"ARIMA(1,1,0)",113422.0,61957.838866088394
2026-02-01,S1_la_aurora,"ARIMA(1,1,0)",106723.0,61957.838866088394
2026-03-01,S1_la_aurora,"ARIMA(1,1,0)",127510.0,61957.838866088394
2026-04-01,S1_la_aurora,"ARIMA(1,1,0)",102021.0,61957.838866088394
2026-05-01,S1_la_aurora,"ARIMA(1,1,0)",95801.0,61957.838866088394
2026-06-01,S1_la_aurora,"ARIMA(1,1,0)",98198.0,61957.838866088394
2021-04-01,S1_la_aurora,"ARIMA(0,1,1)",33042.102901499005,62929.51605005684
2021-05-01,S1_la_aurora,"ARIMA(0,1,1)",58366.0,62929.51605005684
2021-06-01,S1_la_aurora,"ARIMA(0,1,1)",73409.0,62929.51605005684
2021-07-01,S1_la_aurora,"ARIMA(0,1,1)",70338.0,62929.51605005684
2021-08-01,S1_la_aurora,"ARIMA(0,1,1)",50329.0,62929.51605005684
2021-09-01,S1_la_aurora,"ARIMA(0,1,1)",45550.99999999996,62929.51605005684
2021-10-01,S1_la_aurora,"ARIMA(0,1,1)",58214.0,62929.51605005684
2021-11-01,S1_la_aurora,"ARIMA(0,1,1)",68341.0,62929.51605005684
2021-12-01,S1_la_aurora,"ARIMA(0,1,1)",122055.0,62929.51605005684
2022-01-01,S1_la_aurora,"ARIMA(0,1,1)",97425.0,62929.51605005684
2022-02-01,S1_la_aurora,"ARIMA(0,1,1)",80430.0,62929.51605005684
2022-03-01,S1_la_aurora,"ARIMA(0,1,1)",106039.0,62929.51605005684
2022-04-01,S1_la_aurora,"ARIMA(0,1,1)",120691.0,62929.51605005684
2022-05-01,S1_la_aurora,"ARIMA(0,1,1)",111743.0,62929.51605005684
2022-06-01,S1_la_aurora,"ARIMA(0,1,1)",123396.0,62929.51605005684
2022-07-01,S1_la_aurora,"ARIMA(0,1,1)",124569.0,62929.51605005684
2022-08-01,S1_la_aurora,"ARIMA(0,1,1)",108814.0,62929.51605005684
2022-09-01,S1_la_aurora,"ARIMA(0,1,1)",103185.0,62929.51605005684
2022-10-01,S1_la_aurora,"ARIMA(0,1,1)",122906.0,62929.51605005684
2022-11-01,S1_la_aurora,"ARIMA(0,1,1)",131130.0,62929.51605005684
2022-12-01,S1_la_aurora,"ARIMA(0,1,1)",158073.0,62929.51605005684
2023-01-01,S1_la_aurora,"ARIMA(0,1,1)",76213.0,62929.51605005684
2023-02-01,S1_la_aurora,"ARIMA(0,1,1)",75139.0,62929.51605005684
2023-03-01,S1_la_aurora,"ARIMA(0,1,1)",92427.0,62929.51605005684
2023-04-01,S1_la_aurora,"ARIMA(0,1,1)",79177.0,62929.51605005684
2023-05-01,S1_la_aurora,"ARIMA(0,1,1)",71800.0,62929.51605005684
2023-06-01,S1_la_aurora,"ARIMA(0,1,1)",87748.0,62929.51605005684
2023-07-01,S1_la_aurora,"ARIMA(0,1,1)",98942.0,62929.51605005684
2023-08-01,S1_la_aurora,"ARIMA(0,1,1)",79084.0,62929.51605005684
2023-09-01,S1_la_aurora,"ARIMA(0,1,1)",67300.0,62929.51605005684
2023-10-01,S1_la_aurora,"ARIMA(0,1,1)",59320.0,62929.51605005684
2023-11-01,S1_la_aurora,"ARIMA(0,1,1)",89115.0,62929.51605005684
2023-12-01,S1_la_aurora,"ARIMA(0,1,1)",108287.0,62929.51605005684
2024-01-01,S1_la_aurora,"ARIMA(0,1,1)",95943.0,62929.51605005684
2024-02-01,S1_la_aurora,"ARIMA(0,1,1)",98780.0,62929.51605005684
2024-03-01,S1_la_aurora,"ARIMA(0,1,1)",108306.0,62929.51605005684
2024-04-01,S1_la_aurora,"ARIMA(0,1,1)",87832.0,62929.51605005684
2024-05-01,S1_la_aurora,"ARIMA(0,1,1)",87971.0,62929.51605005684
2024-06-01,S1_la_aurora,"ARIMA(0,1,1)",104432.0,62929.51605005684
2024-07-01,S1_la_aurora,"ARIMA(0,1,1)",110289.0,62929.51605005684
2024-08-01,S1_la_aurora,"ARIMA(0,1,1)",88601.0,62929.51605005684
2024-09-01,S1_la_aurora,"ARIMA(0,1,1)",69259.0,62929.51605005684
2024-10-01,S1_la_aurora,"ARIMA(0,1,1)",81163.0,62929.51605005684
2024-11-01,S1_la_aurora,"ARIMA(0,1,1)",97101.0,62929.51605005684
2024-12-01,S1_la_aurora,"ARIMA(0,1,1)",112947.0,62929.51605005684
2025-01-01,S1_la_aurora,"ARIMA(0,1,1)",101100.0,62929.51605005684
2025-02-01,S1_la_aurora,"ARIMA(0,1,1)",92669.0,62929.51605005684
2025-03-01,S1_la_aurora,"ARIMA(0,1,1)",107158.0,62929.51605005684
2025-04-01,S1_la_aurora,"ARIMA(0,1,1)",93445.0,62929.51605005684
2025-05-01,S1_la_aurora,"ARIMA(0,1,1)",87746.0,62929.51605005684
2025-06-01,S1_la_aurora,"ARIMA(0,1,1)",99386.0,62929.51605005684
2025-07-01,S1_la_aurora,"ARIMA(0,1,1)",117314.0,62929.51605005684
2025-08-01,S1_la_aurora,"ARIMA(0,1,1)",90568.0,62929.51605005684
2025-09-01,S1_la_aurora,"ARIMA(0,1,1)",70415.0,62929.51605005684
2025-10-01,S1_la_aurora,"ARIMA(0,1,1)",89989.0,62929.51605005684
2025-11-01,S1_la_aurora,"ARIMA(0,1,1)",111541.0,62929.51605005684
2025-12-01,S1_la_aurora,"ARIMA(0,1,1)",127274.0,62929.51605005684
2026-01-01,S1_la_aurora,"ARIMA(0,1,1)",113422.0,62929.51605005684
2026-02-01,S1_la_aurora,"ARIMA(0,1,1)",106723.0,62929.51605005684
2026-03-01,S1_la_aurora,"ARIMA(0,1,1)",127510.0,62929.51605005684
2026-04-01,S1_la_aurora,"ARIMA(0,1,1)",102021.0,62929.51605005684
2026-05-01,S1_la_aurora,"ARIMA(0,1,1)",95801.0,62929.51605005684
2026-06-01,S1_la_aurora,"ARIMA(0,1,1)",98198.0,62929.51605005684
2021-04-01,S1_la_aurora,"ARIMA(1,1,1)",33042.102901499005,65219.69433575858
2021-05-01,S1_la_aurora,"ARIMA(1,1,1)",58366.0,62850.57877046456
2021-06-01,S1_la_aurora,"ARIMA(1,1,1)",73409.0,63687.36620208307
2021-07-01,S1_la_aurora,"ARIMA(1,1,1)",70338.0,63386.986179956344
2021-08-01,S1_la_aurora,"ARIMA(1,1,1)",50329.0,63494.1934654242
2021-09-01,S1_la_aurora,"ARIMA(1,1,1)",45550.99999999996,63455.85159564271
2021-10-01,S1_la_aurora,"ARIMA(1,1,1)",58214.0,63469.55417250925
2021-11-01,S1_la_aurora,"ARIMA(1,1,1)",68341.0,63464.65586981645
2021-12-01,S1_la_aurora,"ARIMA(1,1,1)",122055.0,63466.40671641517
2022-01-01,S1_la_aurora,"ARIMA(1,1,1)",97425.0,63465.78087371285
2022-02-01,S1_la_aurora,"ARIMA(1,1,1)",80430.0,63466.00457941961
2022-03-01,S1_la_aurora,"ARIMA(1,1,1)",106039.0,63465.92461610252
2022-04-01,S1_la_aurora,"ARIMA(1,1,1)",120691.0,63465.95319884339
2022-05-01,S1_la_aurora,"ARIMA(1,1,1)",111743.0,63465.94298198949
2022-06-01,S1_la_aurora,"ARIMA(1,1,1)",123396.0,63465.94663398643
2022-07-01,S1_la_aurora,"ARIMA(1,1,1)",124569.0,63465.94532858623
2022-08-01,S1_la_aurora,"ARIMA(1,1,1)",108814.0,63465.94579519935
2022-09-01,S1_la_aurora,"ARIMA(1,1,1)",103185.0,63465.945628409325
2022-10-01,S1_la_aurora,"ARIMA(1,1,1)",122906.0,63465.9456880282
2022-11-01,S1_la_aurora,"ARIMA(1,1,1)",131130.0,63465.94566671753
2022-12-01,S1_la_aurora,"ARIMA(1,1,1)",158073.0,63465.945674335024
2023-01-01,S1_la_aurora,"ARIMA(1,1,1)",76213.0,63465.94567161217
2023-02-01,S1_la_aurora,"ARIMA(1,1,1)",75139.0,63465.94567258544
2023-03-01,S1_la_aurora,"ARIMA(1,1,1)",92427.0,63465.94567223753
2023-04-01,S1_la_aurora,"ARIMA(1,1,1)",79177.0,63465.94567236188
2023-05-01,S1_la_aurora,"ARIMA(1,1,1)",71800.0,63465.94567231746
2023-06-01,S1_la_aurora,"ARIMA(1,1,1)",87748.0,63465.94567233336
2023-07-01,S1_la_aurora,"ARIMA(1,1,1)",98942.0,63465.94567232772
2023-08-01,S1_la_aurora,"ARIMA(1,1,1)",79084.0,63465.94567232975
2023-09-01,S1_la_aurora,"ARIMA(1,1,1)",67300.0,63465.94567232907
2023-10-01,S1_la_aurora,"ARIMA(1,1,1)",59320.0,63465.9456723293
2023-11-01,S1_la_aurora,"ARIMA(1,1,1)",89115.0,63465.94567232919
2023-12-01,S1_la_aurora,"ARIMA(1,1,1)",108287.0,63465.94567232919
2024-01-01,S1_la_aurora,"ARIMA(1,1,1)",95943.0,63465.94567232919
2024-02-01,S1_la_aurora,"ARIMA(1,1,1)",98780.0,63465.94567232919
2024-03-01,S1_la_aurora,"ARIMA(1,1,1)",108306.0,63465.94567232919
2024-04-01,S1_la_aurora,"ARIMA(1,1,1)",87832.0,63465.94567232919
2024-05-01,S1_la_aurora,"ARIMA(1,1,1)",87971.0,63465.94567232919
2024-06-01,S1_la_aurora,"ARIMA(1,1,1)",104432.0,63465.94567232919
2024-07-01,S1_la_aurora,"ARIMA(1,1,1)",110289.0,63465.94567232919
2024-08-01,S1_la_aurora,"ARIMA(1,1,1)",88601.0,63465.94567232919
2024-09-01,S1_la_aurora,"ARIMA(1,1,1)",69259.0,63465.94567232919
2024-10-01,S1_la_aurora,"ARIMA(1,1,1)",81163.0,63465.94567232919
2024-11-01,S1_la_aurora,"ARIMA(1,1,1)",97101.0,63465.94567232919
2024-12-01,S1_la_aurora,"ARIMA(1,1,1)",112947.0,63465.94567232919
2025-01-01,S1_la_aurora,"ARIMA(1,1,1)",101100.0,63465.94567232919
2025-02-01,S1_la_aurora,"ARIMA(1,1,1)",92669.0,63465.94567232919
2025-03-01,S1_la_aurora,"ARIMA(1,1,1)",107158.0,63465.94567232919
2025-04-01,S1_la_aurora,"ARIMA(1,1,1)",93445.0,63465.94567232919
2025-05-01,S1_la_aurora,"ARIMA(1,1,1)",87746.0,63465.94567232919
2025-06-01,S1_la_aurora,"ARIMA(1,1,1)",99386.0,63465.94567232919
2025-07-01,S1_la_aurora,"ARIMA(1,1,1)",117314.0,63465.94567232919
2025-08-01,S1_la_aurora,"ARIMA(1,1,1)",90568.0,63465.94567232919
2025-09-01,S1_la_aurora,"ARIMA(1,1,1)",70415.0,63465.94567232919
2025-10-01,S1_la_aurora,"ARIMA(1,1,1)",89989.0,63465.94567232919
2025-11-01,S1_la_aurora,"ARIMA(1,1,1)",111541.0,63465.94567232919
2025-12-01,S1_la_aurora,"ARIMA(1,1,1)",127274.0,63465.94567232919
2026-01-01,S1_la_aurora,"ARIMA(1,1,1)",113422.0,63465.94567232919
2026-02-01,S1_la_aurora,"ARIMA(1,1,1)",106723.0,63465.94567232919
2026-03-01,S1_la_aurora,"ARIMA(1,1,1)",127510.0,63465.94567232919
2026-04-01,S1_la_aurora,"ARIMA(1,1,1)",102021.0,63465.94567232919
2026-05-01,S1_la_aurora,"ARIMA(1,1,1)",95801.0,63465.94567232919
2026-06-01,S1_la_aurora,"ARIMA(1,1,1)",98198.0,63465.94567232919
2021-04-01,S1_la_aurora,"SARIMA(1,1,1)(0,1,1,12)",33042.102901499005,10448.655075111534
2021-05-01,S1_la_aurora,"SARIMA(1,1,1)(0,1,1,12)",58366.0,10473.924668898353
2021-06-01,S1_la_aurora,"SARIMA(1,1,1)(0,1,1,12)",73409.0,16226.834872540305
2021-07-01,S1_la_aurora,"SARIMA(1,1,1)(0,1,1,12)",70338.0,15368.828491342285
2021-08-01,S1_la_aurora,"SARIMA(1,1,1)(0,1,1,12)",50329.0,14459.941960162982
2021-09-01,S1_la_aurora,"SARIMA(1,1,1)(0,1,1,12)",45550.99999999996,23264.521359605307
2021-10-01,S1_la_aurora,"SARIMA(1,1,1)(0,1,1,12)",58214.0,25486.0340208623
2021-11-01,S1_la_aurora,"SARIMA(1,1,1)(0,1,1,12)",68341.0,58739.926197580986
2021-12-01,S1_la_aurora,"SARIMA(1,1,1)(0,1,1,12)",122055.0,70473.37499215681
2022-01-01,S1_la_aurora,"SARIMA(1,1,1)(0,1,1,12)",97425.0,57795.9090950782
2022-02-01,S1_la_aurora,"SARIMA(1,1,1)(0,1,1,12)",80430.0,45992.17206669729
2022-03-01,S1_la_aurora,"SARIMA(1,1,1)(0,1,1,12)",106039.0,54350.453830900864
2022-04-01,S1_la_aurora,"SARIMA(1,1,1)(0,1,1,12)",120691.0,9150.032589791768
2022-05-01,S1_la_aurora,"SARIMA(1,1,1)(0,1,1,12)",111743.0,9336.970288647566
2022-06-01,S1_la_aurora,"SARIMA(1,1,1)(0,1,1,12)",123396.0,14380.56559426748
2022-07-01,S1_la_aurora,"SARIMA(1,1,1)(0,1,1,12)",124569.0,13646.66538570758
2022-08-01,S1_la_aurora,"SARIMA(1,1,1)(0,1,1,12)",108814.0,12831.390017246189
2022-09-01,S1_la_aurora,"SARIMA(1,1,1)(0,1,1,12)",103185.0,20648.727732101124
2022-10-01,S1_la_aurora,"SARIMA(1,1,1)(0,1,1,12)",122906.0,22618.877228007077
2022-11-01,S1_la_aurora,"SARIMA(1,1,1)(0,1,1,12)",131130.0,52132.94014321657
2022-12-01,S1_la_aurora,"SARIMA(1,1,1)(0,1,1,12)",158073.0,62546.149350870575
2023-01-01,S1_la_aurora,"SARIMA(1,1,1)(0,1,1,12)",76213.0,51294.84256230209
2023-02-01,S1_la_aurora,"SARIMA(1,1,1)(0,1,1,12)",75139.0,40818.79319854126
2023-03-01,S1_la_aurora,"SARIMA(1,1,1)(0,1,1,12)",92427.0,48236.91609926817
2023-04-01,S1_la_aurora,"SARIMA(1,1,1)(0,1,1,12)",79177.0,8120.8027375402335
2023-05-01,S1_la_aurora,"SARIMA(1,1,1)(0,1,1,12)",71800.0,8286.713234132387
2023-06-01,S1_la_aurora,"SARIMA(1,1,1)(0,1,1,12)",87748.0,12762.986103615669
2023-07-01,S1_la_aurora,"SARIMA(1,1,1)(0,1,1,12)",98942.0,12111.637759068451
2023-08-01,S1_la_aurora,"SARIMA(1,1,1)(0,1,1,12)",79084.0,11388.067580894816
2023-09-01,S1_la_aurora,"SARIMA(1,1,1)(0,1,1,12)",67300.0,18326.082103382574
2023-10-01,S1_la_aurora,"SARIMA(1,1,1)(0,1,1,12)",59320.0,20074.6218602862
2023-11-01,S1_la_aurora,"SARIMA(1,1,1)(0,1,1,12)",89115.0,46268.83329933325
2023-12-01,S1_la_aurora,"SARIMA(1,1,1)(0,1,1,12)",108287.0,55510.72603700017
2024-01-01,S1_la_aurora,"SARIMA(1,1,1)(0,1,1,12)",95943.0,45525.008048468575
2024-02-01,S1_la_aurora,"SARIMA(1,1,1)(0,1,1,12)",98780.0,36227.343648295995
2024-03-01,S1_la_aurora,"SARIMA(1,1,1)(0,1,1,12)",108306.0,42811.04851785452
2024-04-01,S1_la_aurora,"SARIMA(1,1,1)(0,1,1,12)",87832.0,7207.344667002515
2024-05-01,S1_la_aurora,"SARIMA(1,1,1)(0,1,1,12)",87971.0,7354.592934379855
2024-06-01,S1_la_aurora,"SARIMA(1,1,1)(0,1,1,12)",104432.0,11327.357996727678
2024-07-01,S1_la_aurora,"SARIMA(1,1,1)(0,1,1,12)",110289.0,10749.275734523273
2024-08-01,S1_la_aurora,"SARIMA(1,1,1)(0,1,1,12)",88601.0,10107.095418930267
2024-09-01,S1_la_aurora,"SARIMA(1,1,1)(0,1,1,12)",69259.0,16264.696284800591
2024-10-01,S1_la_aurora,"SARIMA(1,1,1)(0,1,1,12)",81163.0,17816.55379190448
2024-11-01,S1_la_aurora,"SARIMA(1,1,1)(0,1,1,12)",97101.0,41064.342985062816
2024-12-01,S1_la_aurora,"SARIMA(1,1,1)(0,1,1,12)",112947.0,49266.67328277067
2025-01-01,S1_la_aurora,"SARIMA(1,1,1)(0,1,1,12)",101100.0,40404.185962627205
2025-02-01,S1_la_aurora,"SARIMA(1,1,1)(0,1,1,12)",92669.0,32152.357406271596
2025-03-01,S1_la_aurora,"SARIMA(1,1,1)(0,1,1,12)",107158.0,37995.502685663705
2025-04-01,S1_la_aurora,"SARIMA(1,1,1)(0,1,1,12)",93445.0,6396.63575484232
2025-05-01,S1_la_aurora,"SARIMA(1,1,1)(0,1,1,12)",87746.0,6527.320989899393
2025-06-01,S1_la_aurora,"SARIMA(1,1,1)(0,1,1,12)",99386.0,10053.214674399891
2025-07-01,S1_la_aurora,"SARIMA(1,1,1)(0,1,1,12)",117314.0,9540.157253324076
2025-08-01,S1_la_aurora,"SARIMA(1,1,1)(0,1,1,12)",90568.0,8970.21176610672
2025-09-01,S1_la_aurora,"SARIMA(1,1,1)(0,1,1,12)",70415.0,14435.182803637992
2025-10-01,S1_la_aurora,"SARIMA(1,1,1)(0,1,1,12)",89989.0,15812.481611312423
2025-11-01,S1_la_aurora,"SARIMA(1,1,1)(0,1,1,12)",111541.0,36445.27308232726
2025-12-01,S1_la_aurora,"SARIMA(1,1,1)(0,1,1,12)",127274.0,43724.97478655635
2026-01-01,S1_la_aurora,"SARIMA(1,1,1)(0,1,1,12)",113422.0,35859.3729750582
2026-02-01,S1_la_aurora,"SARIMA(1,1,1)(0,1,1,12)",106723.0,28535.74076026005
2026-03-01,S1_la_aurora,"SARIMA(1,1,1)(0,1,1,12)",127510.0,33721.62734426358
2026-04-01,S1_la_aurora,"SARIMA(1,1,1)(0,1,1,12)",102021.0,5677.118393887542
2026-05-01,S1_la_aurora,"SARIMA(1,1,1)(0,1,1,12)",95801.0,5793.103668051446
2026-06-01,S1_la_aurora,"SARIMA(1,1,1)(0,1,1,12)",98198.0,8922.391727953353
2021-04-01,S1_la_aurora,"auto_arima(1, 0, 1)x(1, 0, 1, 12)",33042.102901499005,6407.019333959114
2021-05-01,S1_la_aurora,"auto_arima(1, 0, 1)x(1, 0, 1, 12)",58366.0,6741.77392029369
2021-06-01,S1_la_aurora,"auto_arima(1, 0, 1)x(1, 0, 1, 12)",73409.0,10954.511396818269
2021-07-01,S1_la_aurora,"auto_arima(1, 0, 1)x(1, 0, 1, 12)",70338.0,9789.29017266521
2021-08-01,S1_la_aurora,"auto_arima(1, 0, 1)x(1, 0, 1, 12)",50329.0,9613.175563238206
2021-09-01,S1_la_aurora,"auto_arima(1, 0, 1)x(1, 0, 1, 12)",45550.99999999996,18650.540015150276
2021-10-01,S1_la_aurora,"auto_arima(1, 0, 1)x(1, 0, 1, 12)",58214.0,19643.8482935729
2021-11-01,S1_la_aurora,"auto_arima(1, 0, 1)x(1, 0, 1, 12)",68341.0,55826.838140656786
2021-12-01,S1_la_aurora,"auto_arima(1, 0, 1)x(1, 0, 1, 12)",122055.0,67343.98377256564
2022-01-01,S1_la_aurora,"auto_arima(1, 0, 1)x(1, 0, 1, 12)",97425.0,55103.92950498254
2022-02-01,S1_la_aurora,"auto_arima(1, 0, 1)x(1, 0, 1, 12)",80430.0,42870.64915128382
2022-03-01,S1_la_aurora,"auto_arima(1, 0, 1)x(1, 0, 1, 12)",106039.0,53003.51775862063
2022-04-01,S1_la_aurora,"auto_arima(1, 0, 1)x(1, 0, 1, 12)",120691.0,5545.985340221854
2022-05-01,S1_la_aurora,"auto_arima(1, 0, 1)x(1, 0, 1, 12)",111743.0,5862.765876909386
2022-06-01,S1_la_aurora,"auto_arima(1, 0, 1)x(1, 0, 1, 12)",123396.0,9511.838428665502
2022-07-01,S1_la_aurora,"auto_arima(1, 0, 1)x(1, 0, 1, 12)",124569.0,8544.56035417469
2022-08-01,S1_la_aurora,"auto_arima(1, 0, 1)x(1, 0, 1, 12)",108814.0,8420.23803683923
2022-09-01,S1_la_aurora,"auto_arima(1, 0, 1)x(1, 0, 1, 12)",103185.0,16248.312897584648
2022-10-01,S1_la_aurora,"auto_arima(1, 0, 1)x(1, 0, 1, 12)",122906.0,17143.635868475732
2022-11-01,S1_la_aurora,"auto_arima(1, 0, 1)x(1, 0, 1, 12)",131130.0,48195.11021110735
2022-12-01,S1_la_aurora,"auto_arima(1, 0, 1)x(1, 0, 1, 12)",158073.0,58104.570732588174
2023-01-01,S1_la_aurora,"auto_arima(1, 0, 1)x(1, 0, 1, 12)",76213.0,47732.87268818604
2023-02-01,S1_la_aurora,"auto_arima(1, 0, 1)x(1, 0, 1, 12)",75139.0,37298.805775197674
2023-03-01,S1_la_aurora,"auto_arima(1, 0, 1)x(1, 0, 1, 12)",92427.0,46044.10421157331
2023-04-01,S1_la_aurora,"auto_arima(1, 0, 1)x(1, 0, 1, 12)",79177.0,4958.624269547221
2023-05-01,S1_la_aurora,"auto_arima(1, 0, 1)x(1, 0, 1, 12)",71800.0,5242.423853525454
2023-06-01,S1_la_aurora,"auto_arima(1, 0, 1)x(1, 0, 1, 12)",87748.0,8460.439252506225
2023-07-01,S1_la_aurora,"auto_arima(1, 0, 1)x(1, 0, 1, 12)",98942.0,7614.570421568108
2023-08-01,S1_la_aurora,"auto_arima(1, 0, 1)x(1, 0, 1, 12)",79084.0,7508.858912878169
2023-09-01,S1_la_aurora,"auto_arima(1, 0, 1)x(1, 0, 1, 12)",67300.0,14378.560023212534
2023-10-01,S1_la_aurora,"auto_arima(1, 0, 1)x(1, 0, 1, 12)",59320.0,15166.2939554315
2023-11-01,S1_la_aurora,"auto_arima(1, 0, 1)x(1, 0, 1, 12)",89115.0,42108.41024906633
2023-12-01,S1_la_aurora,"auto_arima(1, 0, 1)x(1, 0, 1, 12)",108287.0,50662.63844606874
2024-01-01,S1_la_aurora,"auto_arima(1, 0, 1)x(1, 0, 1, 12)",95943.0,41729.95449459
2024-02-01,S1_la_aurora,"auto_arima(1, 0, 1)x(1, 0, 1, 12)",98780.0,32713.894077996625
2024-03-01,S1_la_aurora,"auto_arima(1, 0, 1)x(1, 0, 1, 12)",108306.0,40285.887895210886
2024-04-01,S1_la_aurora,"auto_arima(1, 0, 1)x(1, 0, 1, 12)",87832.0,4460.216980881963
2024-05-01,S1_la_aurora,"auto_arima(1, 0, 1)x(1, 0, 1, 12)",87971.0,4712.817289800312
2024-06-01,S1_la_aurora,"auto_arima(1, 0, 1)x(1, 0, 1, 12)",104432.0,7561.683080158254
2024-07-01,S1_la_aurora,"auto_arima(1, 0, 1)x(1, 0, 1, 12)",110289.0,6815.130925974985
2024-08-01,S1_la_aurora,"auto_arima(1, 0, 1)x(1, 0, 1, 12)",88601.0,6722.183025283835
2024-09-01,S1_la_aurora,"auto_arima(1, 0, 1)x(1, 0, 1, 12)",69259.0,12770.107045571918
2024-10-01,S1_la_aurora,"auto_arima(1, 0, 1)x(1, 0, 1, 12)",81163.0,13461.58755104157
2024-11-01,S1_la_aurora,"auto_arima(1, 0, 1)x(1, 0, 1, 12)",97101.0,36908.62567929465
2024-12-01,S1_la_aurora,"auto_arima(1, 0, 1)x(1, 0, 1, 12)",112947.0,44306.97314255582
2025-01-01,S1_la_aurora,"auto_arima(1, 0, 1)x(1, 0, 1, 12)",101100.0,36583.69698978206
2025-02-01,S1_la_aurora,"auto_arima(1, 0, 1)x(1, 0, 1, 12)",92669.0,28766.72618718574
2025-03-01,S1_la_aurora,"auto_arima(1, 0, 1)x(1, 0, 1, 12)",107158.0,35334.99793331542
2025-04-01,S1_la_aurora,"auto_arima(1, 0, 1)x(1, 0, 1, 12)",93445.0,4019.977961338894
2025-05-01,S1_la_aurora,"auto_arima(1, 0, 1)x(1, 0, 1, 12)",87746.0,4244.833662411224
2025-06-01,S1_la_aurora,"auto_arima(1, 0, 1)x(1, 0, 1, 12)",99386.0,6771.250960486067
2025-07-01,S1_la_aurora,"auto_arima(1, 0, 1)x(1, 0, 1, 12)",117314.0,6110.659078329725
2025-08-01,S1_la_aurora,"auto_arima(1, 0, 1)x(1, 0, 1, 12)",90568.0,6028.410078805393
2025-09-01,S1_la_aurora,"auto_arima(1, 0, 1)x(1, 0, 1, 12)",70415.0,11361.843881038547
2025-10-01,S1_la_aurora,"auto_arima(1, 0, 1)x(1, 0, 1, 12)",89989.0,11969.369500254401
2025-11-01,S1_la_aurora,"auto_arima(1, 0, 1)x(1, 0, 1, 12)",111541.0,32411.210222632326
2025-12-01,S1_la_aurora,"auto_arima(1, 0, 1)x(1, 0, 1, 12)",127274.0,38820.57846529847
2026-01-01,S1_la_aurora,"auto_arima(1, 0, 1)x(1, 0, 1, 12)",113422.0,32129.745081251887
2026-02-01,S1_la_aurora,"auto_arima(1, 0, 1)x(1, 0, 1, 12)",106723.0,25339.70731157461
2026-03-01,S1_la_aurora,"auto_arima(1, 0, 1)x(1, 0, 1, 12)",127510.0,31046.641335433975
2026-04-01,S1_la_aurora,"auto_arima(1, 0, 1)x(1, 0, 1, 12)",102021.0,3628.2313701868766
2026-05-01,S1_la_aurora,"auto_arima(1, 0, 1)x(1, 0, 1, 12)",95801.0,3828.6106685066484
2026-06-01,S1_la_aurora,"auto_arima(1, 0, 1)x(1, 0, 1, 12)",98198.0,6072.18945739103
2021-04-01,S1_la_aurora,Prophet,33042.102901499005,65285.74934263343
2021-05-01,S1_la_aurora,Prophet,58366.0,57719.051893756
2021-06-01,S1_la_aurora,Prophet,73409.0,73670.01298015805
2021-07-01,S1_la_aurora,Prophet,70338.0,82119.52206477367
2021-08-01,S1_la_aurora,Prophet,50329.0,62673.70489636356
2021-09-01,S1_la_aurora,Prophet,45550.99999999996,50666.392801824884
2021-10-01,S1_la_aurora,Prophet,58214.0,62915.08409542901
2021-11-01,S1_la_aurora,Prophet,68341.0,76658.40370071809
2021-12-01,S1_la_aurora,Prophet,122055.0,92765.10312417487
2022-01-01,S1_la_aurora,Prophet,97425.0,71585.38594094935
2022-02-01,S1_la_aurora,Prophet,80430.0,56838.24213669004
2022-03-01,S1_la_aurora,Prophet,106039.0,68349.37578087853
2022-04-01,S1_la_aurora,Prophet,120691.0,57248.26480871957
2022-05-01,S1_la_aurora,Prophet,111743.0,49498.65462120347
2022-06-01,S1_la_aurora,Prophet,123396.0,65602.28265986883
2022-07-01,S1_la_aurora,Prophet,124569.0,73768.50400951058
2022-08-01,S1_la_aurora,Prophet,108814.0,54069.041930994645
2022-09-01,S1_la_aurora,Prophet,103185.0,42066.73120219543
2022-10-01,S1_la_aurora,Prophet,122906.0,54658.97305842747
2022-11-01,S1_la_aurora,Prophet,131130.0,68393.94405017131
2022-12-01,S1_la_aurora,Prophet,158073.0,84699.512799552
2023-01-01,S1_la_aurora,Prophet,76213.0,63283.849267369354
2023-02-01,S1_la_aurora,Prophet,75139.0,48462.96292736183
2023-03-01,S1_la_aurora,Prophet,92427.0,59581.90598748841
2023-04-01,S1_la_aurora,Prophet,79177.0,49222.067694519006
2023-05-01,S1_la_aurora,Prophet,71800.0,41284.61367627272
2023-06-01,S1_la_aurora,Prophet,87748.0,57527.931616250644
2023-07-01,S1_la_aurora,Prophet,98942.0,65400.53522588914
2023-08-01,S1_la_aurora,Prophet,79084.0,45461.73938434814
2023-09-01,S1_la_aurora,Prophet,67300.0,33479.608534037165
2023-10-01,S1_la_aurora,Prophet,59320.0,46412.1729668365
2023-11-01,S1_la_aurora,Prophet,89115.0,60132.89280333111
2023-12-01,S1_la_aurora,Prophet,108287.0,76622.11521325432
2024-01-01,S1_la_aurora,Prophet,95943.0,54975.37712752286
2024-02-01,S1_la_aurora,Prophet,98780.0,40086.24741725193
2024-03-01,S1_la_aurora,Prophet,108306.0,52567.4457293479
2024-04-01,S1_la_aurora,Prophet,87832.0,40009.587635761054
2024-05-01,S1_la_aurora,Prophet,87971.0,32621.102350526835
2024-06-01,S1_la_aurora,Prophet,104432.0,48406.57471939469
2024-07-01,S1_la_aurora,Prophet,110289.0,57128.39313728495
2024-08-01,S1_la_aurora,Prophet,88601.0,37950.0346495499
2024-09-01,S1_la_aurora,Prophet,69259.0,25953.11624972418
2024-10-01,S1_la_aurora,Prophet,81163.0,37855.66763271405
2024-11-01,S1_la_aurora,Prophet,97101.0,51601.59829873228
2024-12-01,S1_la_aurora,Prophet,112947.0,67494.14346864403
2025-01-01,S1_la_aurora,Prophet,101100.0,46554.78119310853
2025-02-01,S1_la_aurora,Prophet,92669.0,31886.822535129693
2025-03-01,S1_la_aurora,Prophet,107158.0,43794.66396183803
2025-04-01,S1_la_aurora,Prophet,93445.0,31960.67801533387
2025-05-01,S1_la_aurora,Prophet,87746.0,24393.980566456034
2025-06-01,S1_la_aurora,Prophet,99386.0,40344.94165285498
2025-07-01,S1_la_aurora,Prophet,117314.0,48794.45073747343
2025-08-01,S1_la_aurora,Prophet,90568.0,29348.633569068723
2025-09-01,S1_la_aurora,Prophet,70415.0,17341.32147452855
2025-10-01,S1_la_aurora,Prophet,89989.0,29590.012768129727
2025-11-01,S1_la_aurora,Prophet,111541.0,43333.3323734166
2025-12-01,S1_la_aurora,Prophet,127274.0,59440.03179687585
2026-01-01,S1_la_aurora,Prophet,113422.0,38260.314613649454
2026-02-01,S1_la_aurora,Prophet,106723.0,23513.1708093861
2026-03-01,S1_la_aurora,Prophet,127510.0,35024.30445357822
2026-04-01,S1_la_aurora,Prophet,102021.0,23923.193481420087
2026-05-01,S1_la_aurora,Prophet,95801.0,16173.583293905785
2026-06-01,S1_la_aurora,Prophet,98198.0,32277.21133256957
2021-04-01,S1_la_aurora,Holt-Winters,33042.102901499005,49097.70245839071
2021-05-01,S1_la_aurora,Holt-Winters,58366.0,43236.40736215113
2021-06-01,S1_la_aurora,Holt-Winters,73409.0,59999.62002270279
2021-07-01,S1_la_aurora,Holt-Winters,70338.0,70138.47223106169
2021-08-01,S1_la_aurora,Holt-Winters,50329.0,50628.62729841271
2021-09-01,S1_la_aurora,Holt-Winters,45550.99999999996,39064.06914595753
2021-10-01,S1_la_aurora,Holt-Winters,58214.0,50019.94669659636
2021-11-01,S1_la_aurora,Holt-Winters,68341.0,62647.72100791488
2021-12-01,S1_la_aurora,Holt-Winters,122055.0,78249.07941414263
2022-01-01,S1_la_aurora,Holt-Winters,97425.0,58084.45341970965
2022-02-01,S1_la_aurora,Holt-Winters,80430.0,46020.03567294807
2022-03-01,S1_la_aurora,Holt-Winters,106039.0,59989.048634414416
2022-04-01,S1_la_aurora,Holt-Winters,120691.0,50044.02986134615
2022-05-01,S1_la_aurora,Holt-Winters,111743.0,43993.46928451548
2022-06-01,S1_la_aurora,Holt-Winters,123396.0,60605.269560594264
2022-07-01,S1_la_aurora,Holt-Winters,124569.0,70622.99186137487
2022-08-01,S1_la_aurora,Holt-Winters,108814.0,51016.24300266326
2022-09-01,S1_la_aurora,Holt-Winters,103185.0,39374.16170935797
2022-10-01,S1_la_aurora,Holt-Winters,122906.0,50268.02074731671
2022-11-01,S1_la_aurora,Holt-Winters,131130.0,62846.18024849116
2022-12-01,S1_la_aurora,Holt-Winters,158073.0,78407.84680660366
2023-01-01,S1_la_aurora,Holt-Winters,76213.0,58211.46733367847
2023-02-01,S1_la_aurora,Holt-Winters,75139.0,46121.64680412313
2023-03-01,S1_la_aurora,Holt-Winters,92427.0,60070.337539354456
2023-04-01,S1_la_aurora,Holt-Winters,79177.0,50109.06098529818
2023-05-01,S1_la_aurora,Holt-Winters,71800.0,44045.4941836771
2023-06-01,S1_la_aurora,Holt-Winters,87748.0,60646.889479923564
2023-07-01,S1_la_aurora,Holt-Winters,98942.0,70656.28779683831
2023-08-01,S1_la_aurora,Holt-Winters,79084.0,51042.879751034015
2023-09-01,S1_la_aurora,Holt-Winters,67300.0,39395.471108054575
2023-10-01,S1_la_aurora,Holt-Winters,59320.0,50285.06826627399
2023-11-01,S1_la_aurora,Holt-Winters,89115.0,62859.81826365698
2023-12-01,S1_la_aurora,Holt-Winters,108287.0,78418.75721873631
2024-01-01,S1_la_aurora,Holt-Winters,95943.0,58220.1956633846
2024-02-01,S1_la_aurora,Holt-Winters,98780.0,46128.62946788802
2024-03-01,S1_la_aurora,Holt-Winters,108306.0,60075.92367036638
2024-04-01,S1_la_aurora,Holt-Winters,87832.0,50113.52989010772
2024-05-01,S1_la_aurora,Holt-Winters,87971.0,44049.06930752473
2024-06-01,S1_la_aurora,Holt-Winters,104432.0,60649.74957900167
2024-07-01,S1_la_aurora,Holt-Winters,110289.0,70658.5758761008
2024-08-01,S1_la_aurora,Holt-Winters,88601.0,51044.710214444
2024-09-01,S1_la_aurora,Holt-Winters,69259.0,39396.93547878256
2024-10-01,S1_la_aurora,Holt-Winters,81163.0,50286.239762856385
2024-11-01,S1_la_aurora,Holt-Winters,97101.0,62860.7554609229
2024-12-01,S1_la_aurora,Holt-Winters,112947.0,78419.50697654905
2025-01-01,S1_la_aurora,Holt-Winters,101100.0,58220.79546963478
2025-02-01,S1_la_aurora,Holt-Winters,92669.0,46129.10931288818
2025-03-01,S1_la_aurora,Holt-Winters,107158.0,60076.30754636649
2025-04-01,S1_la_aurora,Holt-Winters,93445.0,50113.83699090781
2025-05-01,S1_la_aurora,Holt-Winters,87746.0,44049.31498816481
2025-06-01,S1_la_aurora,Holt-Winters,99386.0,60649.94612351373
2025-07-01,S1_la_aurora,Holt-Winters,117314.0,70658.73311171045
2025-08-01,S1_la_aurora,Holt-Winters,90568.0,51044.83600293172
2025-09-01,S1_la_aurora,Holt-Winters,70415.0,39397.036109572735
2025-10-01,S1_la_aurora,Holt-Winters,89989.0,50286.320267488525
2025-11-01,S1_la_aurora,Holt-Winters,111541.0,62860.81986462861
2025-12-01,S1_la_aurora,Holt-Winters,127274.0,78419.55849951362
2026-01-01,S1_la_aurora,Holt-Winters,113422.0,58220.836688006435
2026-02-01,S1_la_aurora,Holt-Winters,106723.0,46129.142287585506
2026-03-01,S1_la_aurora,Holt-Winters,127510.0,60076.33392612435
2026-04-01,S1_la_aurora,Holt-Winters,102021.0,50113.8580947141
2026-05-01,S1_la_aurora,Holt-Winters,95801.0,44049.33187120984
2026-06-01,S1_la_aurora,Holt-Winters,98198.0,60649.95962994976
2021-04-01,S1_la_aurora,Suavizamiento exponencial simple,33042.102901499005,58806.1391715025
2021-05-01,S1_la_aurora,Suavizamiento exponencial simple,58366.0,58806.1391715025
2021-06-01,S1_la_aurora,Suavizamiento exponencial simple,73409.0,58806.1391715025
2021-07-01,S1_la_aurora,Suavizamiento exponencial simple,70338.0,58806.1391715025
2021-08-01,S1_la_aurora,Suavizamiento exponencial simple,50329.0,58806.1391715025
2021-09-01,S1_la_aurora,Suavizamiento exponencial simple,45550.99999999996,58806.1391715025
2021-10-01,S1_la_aurora,Suavizamiento exponencial simple,58214.0,58806.1391715025
2021-11-01,S1_la_aurora,Suavizamiento exponencial simple,68341.0,58806.1391715025
2021-12-01,S1_la_aurora,Suavizamiento exponencial simple,122055.0,58806.1391715025
2022-01-01,S1_la_aurora,Suavizamiento exponencial simple,97425.0,58806.1391715025
2022-02-01,S1_la_aurora,Suavizamiento exponencial simple,80430.0,58806.1391715025
2022-03-01,S1_la_aurora,Suavizamiento exponencial simple,106039.0,58806.1391715025
2022-04-01,S1_la_aurora,Suavizamiento exponencial simple,120691.0,58806.1391715025
2022-05-01,S1_la_aurora,Suavizamiento exponencial simple,111743.0,58806.1391715025
2022-06-01,S1_la_aurora,Suavizamiento exponencial simple,123396.0,58806.1391715025
2022-07-01,S1_la_aurora,Suavizamiento exponencial simple,124569.0,58806.1391715025
2022-08-01,S1_la_aurora,Suavizamiento exponencial simple,108814.0,58806.1391715025
2022-09-01,S1_la_aurora,Suavizamiento exponencial simple,103185.0,58806.1391715025
2022-10-01,S1_la_aurora,Suavizamiento exponencial simple,122906.0,58806.1391715025
2022-11-01,S1_la_aurora,Suavizamiento exponencial simple,131130.0,58806.1391715025
2022-12-01,S1_la_aurora,Suavizamiento exponencial simple,158073.0,58806.1391715025
2023-01-01,S1_la_aurora,Suavizamiento exponencial simple,76213.0,58806.1391715025
2023-02-01,S1_la_aurora,Suavizamiento exponencial simple,75139.0,58806.1391715025
2023-03-01,S1_la_aurora,Suavizamiento exponencial simple,92427.0,58806.1391715025
2023-04-01,S1_la_aurora,Suavizamiento exponencial simple,79177.0,58806.1391715025
2023-05-01,S1_la_aurora,Suavizamiento exponencial simple,71800.0,58806.1391715025
2023-06-01,S1_la_aurora,Suavizamiento exponencial simple,87748.0,58806.1391715025
2023-07-01,S1_la_aurora,Suavizamiento exponencial simple,98942.0,58806.1391715025
2023-08-01,S1_la_aurora,Suavizamiento exponencial simple,79084.0,58806.1391715025
2023-09-01,S1_la_aurora,Suavizamiento exponencial simple,67300.0,58806.1391715025
2023-10-01,S1_la_aurora,Suavizamiento exponencial simple,59320.0,58806.1391715025
2023-11-01,S1_la_aurora,Suavizamiento exponencial simple,89115.0,58806.1391715025
2023-12-01,S1_la_aurora,Suavizamiento exponencial simple,108287.0,58806.1391715025
2024-01-01,S1_la_aurora,Suavizamiento exponencial simple,95943.0,58806.1391715025
2024-02-01,S1_la_aurora,Suavizamiento exponencial simple,98780.0,58806.1391715025
2024-03-01,S1_la_aurora,Suavizamiento exponencial simple,108306.0,58806.1391715025
2024-04-01,S1_la_aurora,Suavizamiento exponencial simple,87832.0,58806.1391715025
2024-05-01,S1_la_aurora,Suavizamiento exponencial simple,87971.0,58806.1391715025
2024-06-01,S1_la_aurora,Suavizamiento exponencial simple,104432.0,58806.1391715025
2024-07-01,S1_la_aurora,Suavizamiento exponencial simple,110289.0,58806.1391715025
2024-08-01,S1_la_aurora,Suavizamiento exponencial simple,88601.0,58806.1391715025
2024-09-01,S1_la_aurora,Suavizamiento exponencial simple,69259.0,58806.1391715025
2024-10-01,S1_la_aurora,Suavizamiento exponencial simple,81163.0,58806.1391715025
2024-11-01,S1_la_aurora,Suavizamiento exponencial simple,97101.0,58806.1391715025
2024-12-01,S1_la_aurora,Suavizamiento exponencial simple,112947.0,58806.1391715025
2025-01-01,S1_la_aurora,Suavizamiento exponencial simple,101100.0,58806.1391715025
2025-02-01,S1_la_aurora,Suavizamiento exponencial simple,92669.0,58806.1391715025
2025-03-01,S1_la_aurora,Suavizamiento exponencial simple,107158.0,58806.1391715025
2025-04-01,S1_la_aurora,Suavizamiento exponencial simple,93445.0,58806.1391715025
2025-05-01,S1_la_aurora,Suavizamiento exponencial simple,87746.0,58806.1391715025
2025-06-01,S1_la_aurora,Suavizamiento exponencial simple,99386.0,58806.1391715025
2025-07-01,S1_la_aurora,Suavizamiento exponencial simple,117314.0,58806.1391715025
2025-08-01,S1_la_aurora,Suavizamiento exponencial simple,90568.0,58806.1391715025
2025-09-01,S1_la_aurora,Suavizamiento exponencial simple,70415.0,58806.1391715025
2025-10-01,S1_la_aurora,Suavizamiento exponencial simple,89989.0,58806.1391715025
2025-11-01,S1_la_aurora,Suavizamiento exponencial simple,111541.0,58806.1391715025
2025-12-01,S1_la_aurora,Suavizamiento exponencial simple,127274.0,58806.1391715025
2026-01-01,S1_la_aurora,Suavizamiento exponencial simple,113422.0,58806.1391715025
2026-02-01,S1_la_aurora,Suavizamiento exponencial simple,106723.0,58806.1391715025
2026-03-01,S1_la_aurora,Suavizamiento exponencial simple,127510.0,58806.1391715025
2026-04-01,S1_la_aurora,Suavizamiento exponencial simple,102021.0,58806.1391715025
2026-05-01,S1_la_aurora,Suavizamiento exponencial simple,95801.0,58806.1391715025
2026-06-01,S1_la_aurora,Suavizamiento exponencial simple,98198.0,58806.1391715025
2021-04-01,S1_la_aurora,Seasonal Naive,33042.102901499005,484.0
2021-05-01,S1_la_aurora,Seasonal Naive,58366.0,608.0
2021-06-01,S1_la_aurora,Seasonal Naive,73409.0,1418.0
2021-07-01,S1_la_aurora,Seasonal Naive,70338.0,1047.0
2021-08-01,S1_la_aurora,Seasonal Naive,50329.0,1259.0
2021-09-01,S1_la_aurora,Seasonal Naive,45550.99999999996,5598.0
2021-10-01,S1_la_aurora,Seasonal Naive,58214.0,5306.932304319845
2021-11-01,S1_la_aurora,Seasonal Naive,68341.0,38988.0
2021-12-01,S1_la_aurora,Seasonal Naive,122055.0,50370.0
2022-01-01,S1_la_aurora,Seasonal Naive,97425.0,40801.0
2022-02-01,S1_la_aurora,Seasonal Naive,80430.0,28780.0
2022-03-01,S1_la_aurora,Seasonal Naive,106039.0,58806.13961892685
2022-04-01,S1_la_aurora,Seasonal Naive,120691.0,484.0
2022-05-01,S1_la_aurora,Seasonal Naive,111743.0,608.0
2022-06-01,S1_la_aurora,Seasonal Naive,123396.0,1418.0
2022-07-01,S1_la_aurora,Seasonal Naive,124569.0,1047.0
2022-08-01,S1_la_aurora,Seasonal Naive,108814.0,1259.0
2022-09-01,S1_la_aurora,Seasonal Naive,103185.0,5598.0
2022-10-01,S1_la_aurora,Seasonal Naive,122906.0,5306.932304319845
2022-11-01,S1_la_aurora,Seasonal Naive,131130.0,38988.0
2022-12-01,S1_la_aurora,Seasonal Naive,158073.0,50370.0
2023-01-01,S1_la_aurora,Seasonal Naive,76213.0,40801.0
2023-02-01,S1_la_aurora,Seasonal Naive,75139.0,28780.0
2023-03-01,S1_la_aurora,Seasonal Naive,92427.0,58806.13961892685
2023-04-01,S1_la_aurora,Seasonal Naive,79177.0,484.0
2023-05-01,S1_la_aurora,Seasonal Naive,71800.0,608.0
2023-06-01,S1_la_aurora,Seasonal Naive,87748.0,1418.0
2023-07-01,S1_la_aurora,Seasonal Naive,98942.0,1047.0
2023-08-01,S1_la_aurora,Seasonal Naive,79084.0,1259.0
2023-09-01,S1_la_aurora,Seasonal Naive,67300.0,5598.0
2023-10-01,S1_la_aurora,Seasonal Naive,59320.0,5306.932304319845
2023-11-01,S1_la_aurora,Seasonal Naive,89115.0,38988.0
2023-12-01,S1_la_aurora,Seasonal Naive,108287.0,50370.0
2024-01-01,S1_la_aurora,Seasonal Naive,95943.0,40801.0
2024-02-01,S1_la_aurora,Seasonal Naive,98780.0,28780.0
2024-03-01,S1_la_aurora,Seasonal Naive,108306.0,58806.13961892685
2024-04-01,S1_la_aurora,Seasonal Naive,87832.0,484.0
2024-05-01,S1_la_aurora,Seasonal Naive,87971.0,608.0
2024-06-01,S1_la_aurora,Seasonal Naive,104432.0,1418.0
2024-07-01,S1_la_aurora,Seasonal Naive,110289.0,1047.0
2024-08-01,S1_la_aurora,Seasonal Naive,88601.0,1259.0
2024-09-01,S1_la_aurora,Seasonal Naive,69259.0,5598.0
2024-10-01,S1_la_aurora,Seasonal Naive,81163.0,5306.932304319845
2024-11-01,S1_la_aurora,Seasonal Naive,97101.0,38988.0
2024-12-01,S1_la_aurora,Seasonal Naive,112947.0,50370.0
2025-01-01,S1_la_aurora,Seasonal Naive,101100.0,40801.0
2025-02-01,S1_la_aurora,Seasonal Naive,92669.0,28780.0
2025-03-01,S1_la_aurora,Seasonal Naive,107158.0,58806.13961892685
2025-04-01,S1_la_aurora,Seasonal Naive,93445.0,484.0
2025-05-01,S1_la_aurora,Seasonal Naive,87746.0,608.0
2025-06-01,S1_la_aurora,Seasonal Naive,99386.0,1418.0
2025-07-01,S1_la_aurora,Seasonal Naive,117314.0,1047.0
2025-08-01,S1_la_aurora,Seasonal Naive,90568.0,1259.0
2025-09-01,S1_la_aurora,Seasonal Naive,70415.0,5598.0
2025-10-01,S1_la_aurora,Seasonal Naive,89989.0,5306.932304319845
2025-11-01,S1_la_aurora,Seasonal Naive,111541.0,38988.0
2025-12-01,S1_la_aurora,Seasonal Naive,127274.0,50370.0
2026-01-01,S1_la_aurora,Seasonal Naive,113422.0,40801.0
2026-02-01,S1_la_aurora,Seasonal Naive,106723.0,28780.0
2026-03-01,S1_la_aurora,Seasonal Naive,127510.0,58806.13961892685
2026-04-01,S1_la_aurora,Seasonal Naive,102021.0,484.0
2026-05-01,S1_la_aurora,Seasonal Naive,95801.0,608.0
2026-06-01,S1_la_aurora,Seasonal Naive,98198.0,1418.0
2021-04-01,S2_valle_nuevo,"ARIMA(1,1,0)",5581.909090909091,6880.634114650263
2021-05-01,S2_valle_nuevo,"ARIMA(1,1,0)",2173.0,6745.325280761983
2021-06-01,S2_valle_nuevo,"ARIMA(1,1,0)",6330.0,6781.499524797932
2021-07-01,S2_valle_nuevo,"ARIMA(1,1,0)",7752.0,6771.738870437126
2021-08-01,S2_valle_nuevo,"ARIMA(1,1,0)",5674.0,6774.3660010027115
2021-09-01,S2_valle_nuevo,"ARIMA(1,1,0)",6964.0,6773.658422716112
2021-10-01,S2_valle_nuevo,"ARIMA(1,1,0)",5512.0,6773.848964058601
2021-11-01,S2_valle_nuevo,"ARIMA(1,1,0)",9665.0,6773.797651345082
2021-12-01,S2_valle_nuevo,"ARIMA(1,1,0)",44275.12394366197,6773.811469659716
2022-01-01,S2_valle_nuevo,"ARIMA(1,1,0)",10236.0,6773.807748428131
2022-02-01,S2_valle_nuevo,"ARIMA(1,1,0)",34017.2,6773.808750543927
2022-03-01,S2_valle_nuevo,"ARIMA(1,1,0)",44640.0,6773.80848067727
2022-04-01,S2_valle_nuevo,"ARIMA(1,1,0)",44657.0,6773.808553351512
2022-05-01,S2_valle_nuevo,"ARIMA(1,1,0)",40398.0,6773.808533780564
2022-06-01,S2_valle_nuevo,"ARIMA(1,1,0)",43309.0,6773.80853905096
2022-07-01,S2_valle_nuevo,"ARIMA(1,1,0)",53818.0,6773.808537631654
2022-08-01,S2_valle_nuevo,"ARIMA(1,1,0)",60351.0,6773.808538013873
2022-09-01,S2_valle_nuevo,"ARIMA(1,1,0)",57159.0,6773.808537910945
2022-10-01,S2_valle_nuevo,"ARIMA(1,1,0)",61319.0,6773.808537938668
2022-11-01,S2_valle_nuevo,"ARIMA(1,1,0)",79351.0,6773.808537931209
2022-12-01,S2_valle_nuevo,"ARIMA(1,1,0)",93131.0,6773.808537933218
2023-01-01,S2_valle_nuevo,"ARIMA(1,1,0)",45433.87234627529,6773.808537932677
2023-02-01,S2_valle_nuevo,"ARIMA(1,1,0)",38432.78921090656,6773.80853793282
2023-03-01,S2_valle_nuevo,"ARIMA(1,1,0)",44519.65945947915,6773.808537932785
2023-04-01,S2_valle_nuevo,"ARIMA(1,1,0)",63026.790449355445,6773.808537932797
2023-05-01,S2_valle_nuevo,"ARIMA(1,1,0)",42574.15617964926,6773.808537932797
2023-06-01,S2_valle_nuevo,"ARIMA(1,1,0)",43575.71907316531,6773.808537932797
2023-07-01,S2_valle_nuevo,"ARIMA(1,1,0)",52537.93363914358,6773.808537932797
2023-08-01,S2_valle_nuevo,"ARIMA(1,1,0)",59555.01541972068,6773.808537932797
2023-09-01,S2_valle_nuevo,"ARIMA(1,1,0)",51732.34620334615,6773.808537932797
2023-10-01,S2_valle_nuevo,"ARIMA(1,1,0)",26576.944899911174,6773.808537932797
2023-11-01,S2_valle_nuevo,"ARIMA(1,1,0)",54846.37611349384,6773.808537932797
2023-12-01,S2_valle_nuevo,"ARIMA(1,1,0)",80147.63761785896,6773.808537932797
2024-01-01,S2_valle_nuevo,"ARIMA(1,1,0)",55998.01466922343,6773.808537932797
2024-02-01,S2_valle_nuevo,"ARIMA(1,1,0)",47578.58854296376,6773.808537932797
2024-03-01,S2_valle_nuevo,"ARIMA(1,1,0)",69483.89288750275,6773.808537932797
2024-04-01,S2_valle_nuevo,"ARIMA(1,1,0)",45274.21212442566,6773.808537932797
2024-05-01,S2_valle_nuevo,"ARIMA(1,1,0)",52065.83724928357,6773.808537932797
2024-06-01,S2_valle_nuevo,"ARIMA(1,1,0)",43108.65849387046,6773.808537932797
2024-07-01,S2_valle_nuevo,"ARIMA(1,1,0)",52248.67751774468,6773.808537932797
2024-08-01,S2_valle_nuevo,"ARIMA(1,1,0)",72500.72250770808,6773.808537932797
2024-09-01,S2_valle_nuevo,"ARIMA(1,1,0)",47965.38622974952,6773.808537932797
2024-10-01,S2_valle_nuevo,"ARIMA(1,1,0)",55027.38369546927,6773.808537932797
2024-11-01,S2_valle_nuevo,"ARIMA(1,1,0)",70012.1751152075,6773.808537932797
2024-12-01,S2_valle_nuevo,"ARIMA(1,1,0)",92168.47324426158,6773.808537932797
2025-01-01,S2_valle_nuevo,"ARIMA(1,1,0)",57653.42273925849,6773.808537932797
2025-02-01,S2_valle_nuevo,"ARIMA(1,1,0)",45789.08259423505,6773.808537932797
2025-03-01,S2_valle_nuevo,"ARIMA(1,1,0)",52055.72278181085,6773.808537932797
2025-04-01,S2_valle_nuevo,"ARIMA(1,1,0)",66666.01243304134,6773.808537932797
2025-05-01,S2_valle_nuevo,"ARIMA(1,1,0)",49206.28143342576,6773.808537932797
2025-06-01,S2_valle_nuevo,"ARIMA(1,1,0)",50110.56583836609,6773.808537932797
2025-07-01,S2_valle_nuevo,"ARIMA(1,1,0)",50413.4597485248,6773.808537932797
2025-08-01,S2_valle_nuevo,"ARIMA(1,1,0)",72139.24531894638,6773.808537932797
2025-09-01,S2_valle_nuevo,"ARIMA(1,1,0)",47259.45296034146,6773.808537932797
2025-10-01,S2_valle_nuevo,"ARIMA(1,1,0)",51903.318752531406,6773.808537932797
2025-11-01,S2_valle_nuevo,"ARIMA(1,1,0)",66260.86478555299,6773.808537932797
2025-12-01,S2_valle_nuevo,"ARIMA(1,1,0)",89656.1220472439,6773.808537932797
2026-01-01,S2_valle_nuevo,"ARIMA(1,1,0)",52834.37632135325,6773.808537932797
2026-02-01,S2_valle_nuevo,"ARIMA(1,1,0)",36006.248553054684,6773.808537932797
2026-03-01,S2_valle_nuevo,"ARIMA(1,1,0)",45614.28181635124,6773.808537932797
2026-04-01,S2_valle_nuevo,"ARIMA(1,1,0)",48757.224880501926,6773.808537932797
2026-05-01,S2_valle_nuevo,"ARIMA(1,1,0)",44810.39636504233,6773.808537932797
2026-06-01,S2_valle_nuevo,"ARIMA(1,1,0)",44166.617542663545,6773.808537932797
2021-04-01,S2_valle_nuevo,"ARIMA(0,1,1)",5581.909090909091,6428.3582509418275
2021-05-01,S2_valle_nuevo,"ARIMA(0,1,1)",2173.0,6428.3582509418275
2021-06-01,S2_valle_nuevo,"ARIMA(0,1,1)",6330.0,6428.3582509418275
2021-07-01,S2_valle_nuevo,"ARIMA(0,1,1)",7752.0,6428.3582509418275
2021-08-01,S2_valle_nuevo,"ARIMA(0,1,1)",5674.0,6428.3582509418275
2021-09-01,S2_valle_nuevo,"ARIMA(0,1,1)",6964.0,6428.3582509418275
2021-10-01,S2_valle_nuevo,"ARIMA(0,1,1)",5512.0,6428.3582509418275
2021-11-01,S2_valle_nuevo,"ARIMA(0,1,1)",9665.0,6428.3582509418275
2021-12-01,S2_valle_nuevo,"ARIMA(0,1,1)",44275.12394366197,6428.3582509418275
2022-01-01,S2_valle_nuevo,"ARIMA(0,1,1)",10236.0,6428.3582509418275
2022-02-01,S2_valle_nuevo,"ARIMA(0,1,1)",34017.2,6428.3582509418275
2022-03-01,S2_valle_nuevo,"ARIMA(0,1,1)",44640.0,6428.3582509418275
2022-04-01,S2_valle_nuevo,"ARIMA(0,1,1)",44657.0,6428.3582509418275
2022-05-01,S2_valle_nuevo,"ARIMA(0,1,1)",40398.0,6428.3582509418275
2022-06-01,S2_valle_nuevo,"ARIMA(0,1,1)",43309.0,6428.3582509418275
2022-07-01,S2_valle_nuevo,"ARIMA(0,1,1)",53818.0,6428.3582509418275
2022-08-01,S2_valle_nuevo,"ARIMA(0,1,1)",60351.0,6428.3582509418275
2022-09-01,S2_valle_nuevo,"ARIMA(0,1,1)",57159.0,6428.3582509418275
2022-10-01,S2_valle_nuevo,"ARIMA(0,1,1)",61319.0,6428.3582509418275
2022-11-01,S2_valle_nuevo,"ARIMA(0,1,1)",79351.0,6428.3582509418275
2022-12-01,S2_valle_nuevo,"ARIMA(0,1,1)",93131.0,6428.3582509418275
2023-01-01,S2_valle_nuevo,"ARIMA(0,1,1)",45433.87234627529,6428.3582509418275
2023-02-01,S2_valle_nuevo,"ARIMA(0,1,1)",38432.78921090656,6428.3582509418275
2023-03-01,S2_valle_nuevo,"ARIMA(0,1,1)",44519.65945947915,6428.3582509418275
2023-04-01,S2_valle_nuevo,"ARIMA(0,1,1)",63026.790449355445,6428.3582509418275
2023-05-01,S2_valle_nuevo,"ARIMA(0,1,1)",42574.15617964926,6428.3582509418275
2023-06-01,S2_valle_nuevo,"ARIMA(0,1,1)",43575.71907316531,6428.3582509418275
2023-07-01,S2_valle_nuevo,"ARIMA(0,1,1)",52537.93363914358,6428.3582509418275
2023-08-01,S2_valle_nuevo,"ARIMA(0,1,1)",59555.01541972068,6428.3582509418275
2023-09-01,S2_valle_nuevo,"ARIMA(0,1,1)",51732.34620334615,6428.3582509418275
2023-10-01,S2_valle_nuevo,"ARIMA(0,1,1)",26576.944899911174,6428.3582509418275
2023-11-01,S2_valle_nuevo,"ARIMA(0,1,1)",54846.37611349384,6428.3582509418275
2023-12-01,S2_valle_nuevo,"ARIMA(0,1,1)",80147.63761785896,6428.3582509418275
2024-01-01,S2_valle_nuevo,"ARIMA(0,1,1)",55998.01466922343,6428.3582509418275
2024-02-01,S2_valle_nuevo,"ARIMA(0,1,1)",47578.58854296376,6428.3582509418275
2024-03-01,S2_valle_nuevo,"ARIMA(0,1,1)",69483.89288750275,6428.3582509418275
2024-04-01,S2_valle_nuevo,"ARIMA(0,1,1)",45274.21212442566,6428.3582509418275
2024-05-01,S2_valle_nuevo,"ARIMA(0,1,1)",52065.83724928357,6428.3582509418275
2024-06-01,S2_valle_nuevo,"ARIMA(0,1,1)",43108.65849387046,6428.3582509418275
2024-07-01,S2_valle_nuevo,"ARIMA(0,1,1)",52248.67751774468,6428.3582509418275
2024-08-01,S2_valle_nuevo,"ARIMA(0,1,1)",72500.72250770808,6428.3582509418275
2024-09-01,S2_valle_nuevo,"ARIMA(0,1,1)",47965.38622974952,6428.3582509418275
2024-10-01,S2_valle_nuevo,"ARIMA(0,1,1)",55027.38369546927,6428.3582509418275
2024-11-01,S2_valle_nuevo,"ARIMA(0,1,1)",70012.1751152075,6428.3582509418275
2024-12-01,S2_valle_nuevo,"ARIMA(0,1,1)",92168.47324426158,6428.3582509418275
2025-01-01,S2_valle_nuevo,"ARIMA(0,1,1)",57653.42273925849,6428.3582509418275
2025-02-01,S2_valle_nuevo,"ARIMA(0,1,1)",45789.08259423505,6428.3582509418275
2025-03-01,S2_valle_nuevo,"ARIMA(0,1,1)",52055.72278181085,6428.3582509418275
2025-04-01,S2_valle_nuevo,"ARIMA(0,1,1)",66666.01243304134,6428.3582509418275
2025-05-01,S2_valle_nuevo,"ARIMA(0,1,1)",49206.28143342576,6428.3582509418275
2025-06-01,S2_valle_nuevo,"ARIMA(0,1,1)",50110.56583836609,6428.3582509418275
2025-07-01,S2_valle_nuevo,"ARIMA(0,1,1)",50413.4597485248,6428.3582509418275
2025-08-01,S2_valle_nuevo,"ARIMA(0,1,1)",72139.24531894638,6428.3582509418275
2025-09-01,S2_valle_nuevo,"ARIMA(0,1,1)",47259.45296034146,6428.3582509418275
2025-10-01,S2_valle_nuevo,"ARIMA(0,1,1)",51903.318752531406,6428.3582509418275
2025-11-01,S2_valle_nuevo,"ARIMA(0,1,1)",66260.86478555299,6428.3582509418275
2025-12-01,S2_valle_nuevo,"ARIMA(0,1,1)",89656.1220472439,6428.3582509418275
2026-01-01,S2_valle_nuevo,"ARIMA(0,1,1)",52834.37632135325,6428.3582509418275
2026-02-01,S2_valle_nuevo,"ARIMA(0,1,1)",36006.248553054684,6428.3582509418275
2026-03-01,S2_valle_nuevo,"ARIMA(0,1,1)",45614.28181635124,6428.3582509418275
2026-04-01,S2_valle_nuevo,"ARIMA(0,1,1)",48757.224880501926,6428.3582509418275
2026-05-01,S2_valle_nuevo,"ARIMA(0,1,1)",44810.39636504233,6428.3582509418275
2026-06-01,S2_valle_nuevo,"ARIMA(0,1,1)",44166.617542663545,6428.3582509418275
2021-04-01,S2_valle_nuevo,"ARIMA(1,1,1)",5581.909090909091,6203.82496841501
2021-05-01,S2_valle_nuevo,"ARIMA(1,1,1)",2173.0,6190.882110495306
2021-06-01,S2_valle_nuevo,"ARIMA(1,1,1)",6330.0,6189.975849202681
2021-07-01,S2_valle_nuevo,"ARIMA(1,1,1)",7752.0,6189.912326637204
2021-08-01,S2_valle_nuevo,"ARIMA(1,1,1)",5674.0,6189.907873826205
2021-09-01,S2_valle_nuevo,"ARIMA(1,1,1)",6964.0,6189.90756169103
2021-10-01,S2_valle_nuevo,"ARIMA(1,1,1)",5512.0,6189.90753981083
2021-11-01,S2_valle_nuevo,"ARIMA(1,1,1)",9665.0,6189.907538277059
2021-12-01,S2_valle_nuevo,"ARIMA(1,1,1)",44275.12394366197,6189.907538169545
2022-01-01,S2_valle_nuevo,"ARIMA(1,1,1)",10236.0,6189.907538162013
2022-02-01,S2_valle_nuevo,"ARIMA(1,1,1)",34017.2,6189.907538161486
2022-03-01,S2_valle_nuevo,"ARIMA(1,1,1)",44640.0,6189.907538161452
2022-04-01,S2_valle_nuevo,"ARIMA(1,1,1)",44657.0,6189.907538161452
2022-05-01,S2_valle_nuevo,"ARIMA(1,1,1)",40398.0,6189.907538161452
2022-06-01,S2_valle_nuevo,"ARIMA(1,1,1)",43309.0,6189.907538161452
2022-07-01,S2_valle_nuevo,"ARIMA(1,1,1)",53818.0,6189.907538161452
2022-08-01,S2_valle_nuevo,"ARIMA(1,1,1)",60351.0,6189.907538161452
2022-09-01,S2_valle_nuevo,"ARIMA(1,1,1)",57159.0,6189.907538161452
2022-10-01,S2_valle_nuevo,"ARIMA(1,1,1)",61319.0,6189.907538161452
2022-11-01,S2_valle_nuevo,"ARIMA(1,1,1)",79351.0,6189.907538161452
2022-12-01,S2_valle_nuevo,"ARIMA(1,1,1)",93131.0,6189.907538161452
2023-01-01,S2_valle_nuevo,"ARIMA(1,1,1)",45433.87234627529,6189.907538161452
2023-02-01,S2_valle_nuevo,"ARIMA(1,1,1)",38432.78921090656,6189.907538161452
2023-03-01,S2_valle_nuevo,"ARIMA(1,1,1)",44519.65945947915,6189.907538161452
2023-04-01,S2_valle_nuevo,"ARIMA(1,1,1)",63026.790449355445,6189.907538161452
2023-05-01,S2_valle_nuevo,"ARIMA(1,1,1)",42574.15617964926,6189.907538161452
2023-06-01,S2_valle_nuevo,"ARIMA(1,1,1)",43575.71907316531,6189.907538161452
2023-07-01,S2_valle_nuevo,"ARIMA(1,1,1)",52537.93363914358,6189.907538161452
2023-08-01,S2_valle_nuevo,"ARIMA(1,1,1)",59555.01541972068,6189.907538161452
2023-09-01,S2_valle_nuevo,"ARIMA(1,1,1)",51732.34620334615,6189.907538161452
2023-10-01,S2_valle_nuevo,"ARIMA(1,1,1)",26576.944899911174,6189.907538161452
2023-11-01,S2_valle_nuevo,"ARIMA(1,1,1)",54846.37611349384,6189.907538161452
2023-12-01,S2_valle_nuevo,"ARIMA(1,1,1)",80147.63761785896,6189.907538161452
2024-01-01,S2_valle_nuevo,"ARIMA(1,1,1)",55998.01466922343,6189.907538161452
2024-02-01,S2_valle_nuevo,"ARIMA(1,1,1)",47578.58854296376,6189.907538161452
2024-03-01,S2_valle_nuevo,"ARIMA(1,1,1)",69483.89288750275,6189.907538161452
2024-04-01,S2_valle_nuevo,"ARIMA(1,1,1)",45274.21212442566,6189.907538161452
2024-05-01,S2_valle_nuevo,"ARIMA(1,1,1)",52065.83724928357,6189.907538161452
2024-06-01,S2_valle_nuevo,"ARIMA(1,1,1)",43108.65849387046,6189.907538161452
2024-07-01,S2_valle_nuevo,"ARIMA(1,1,1)",52248.67751774468,6189.907538161452
2024-08-01,S2_valle_nuevo,"ARIMA(1,1,1)",72500.72250770808,6189.907538161452
2024-09-01,S2_valle_nuevo,"ARIMA(1,1,1)",47965.38622974952,6189.907538161452
2024-10-01,S2_valle_nuevo,"ARIMA(1,1,1)",55027.38369546927,6189.907538161452
2024-11-01,S2_valle_nuevo,"ARIMA(1,1,1)",70012.1751152075,6189.907538161452
2024-12-01,S2_valle_nuevo,"ARIMA(1,1,1)",92168.47324426158,6189.907538161452
2025-01-01,S2_valle_nuevo,"ARIMA(1,1,1)",57653.42273925849,6189.907538161452
2025-02-01,S2_valle_nuevo,"ARIMA(1,1,1)",45789.08259423505,6189.907538161452
2025-03-01,S2_valle_nuevo,"ARIMA(1,1,1)",52055.72278181085,6189.907538161452
2025-04-01,S2_valle_nuevo,"ARIMA(1,1,1)",66666.01243304134,6189.907538161452
2025-05-01,S2_valle_nuevo,"ARIMA(1,1,1)",49206.28143342576,6189.907538161452
2025-06-01,S2_valle_nuevo,"ARIMA(1,1,1)",50110.56583836609,6189.907538161452
2025-07-01,S2_valle_nuevo,"ARIMA(1,1,1)",50413.4597485248,6189.907538161452
2025-08-01,S2_valle_nuevo,"ARIMA(1,1,1)",72139.24531894638,6189.907538161452
2025-09-01,S2_valle_nuevo,"ARIMA(1,1,1)",47259.45296034146,6189.907538161452
2025-10-01,S2_valle_nuevo,"ARIMA(1,1,1)",51903.318752531406,6189.907538161452
2025-11-01,S2_valle_nuevo,"ARIMA(1,1,1)",66260.86478555299,6189.907538161452
2025-12-01,S2_valle_nuevo,"ARIMA(1,1,1)",89656.1220472439,6189.907538161452
2026-01-01,S2_valle_nuevo,"ARIMA(1,1,1)",52834.37632135325,6189.907538161452
2026-02-01,S2_valle_nuevo,"ARIMA(1,1,1)",36006.248553054684,6189.907538161452
2026-03-01,S2_valle_nuevo,"ARIMA(1,1,1)",45614.28181635124,6189.907538161452
2026-04-01,S2_valle_nuevo,"ARIMA(1,1,1)",48757.224880501926,6189.907538161452
2026-05-01,S2_valle_nuevo,"ARIMA(1,1,1)",44810.39636504233,6189.907538161452
2026-06-01,S2_valle_nuevo,"ARIMA(1,1,1)",44166.617542663545,6189.907538161452
2021-04-01,S2_valle_nuevo,"SARIMA(1,1,1)(0,1,1,12)",5581.909090909091,492.13894325829676
2021-05-01,S2_valle_nuevo,"SARIMA(1,1,1)(0,1,1,12)",2173.0,439.5931685031282
2021-06-01,S2_valle_nuevo,"SARIMA(1,1,1)(0,1,1,12)",6330.0,442.88142616128164
2021-07-01,S2_valle_nuevo,"SARIMA(1,1,1)(0,1,1,12)",7752.0,597.4235026523759
2021-08-01,S2_valle_nuevo,"SARIMA(1,1,1)(0,1,1,12)",5674.0,624.1190153863408
2021-09-01,S2_valle_nuevo,"SARIMA(1,1,1)(0,1,1,12)",6964.0,999.605086772861
2021-10-01,S2_valle_nuevo,"SARIMA(1,1,1)(0,1,1,12)",5512.0,1563.3873121847223
2021-11-01,S2_valle_nuevo,"SARIMA(1,1,1)(0,1,1,12)",9665.0,2358.804951113076
2021-12-01,S2_valle_nuevo,"SARIMA(1,1,1)(0,1,1,12)",44275.12394366197,338.1620134887675
2022-01-01,S2_valle_nuevo,"SARIMA(1,1,1)(0,1,1,12)",10236.0,3839.568175775124
2022-02-01,S2_valle_nuevo,"SARIMA(1,1,1)(0,1,1,12)",34017.2,2943.561427337
2022-03-01,S2_valle_nuevo,"SARIMA(1,1,1)(0,1,1,12)",44640.0,2115.3558766275473
2022-04-01,S2_valle_nuevo,"SARIMA(1,1,1)(0,1,1,12)",44657.0,173.54097136284037
2022-05-01,S2_valle_nuevo,"SARIMA(1,1,1)(0,1,1,12)",40398.0,154.9481831554739
2022-06-01,S2_valle_nuevo,"SARIMA(1,1,1)(0,1,1,12)",43309.0,156.1076482159282
2022-07-01,S2_valle_nuevo,"SARIMA(1,1,1)(0,1,1,12)",53818.0,210.58091593124155
2022-08-01,S2_valle_nuevo,"SARIMA(1,1,1)(0,1,1,12)",60351.0,219.99059853096963
2022-09-01,S2_valle_nuevo,"SARIMA(1,1,1)(0,1,1,12)",57159.0,352.34260759941475
2022-10-01,S2_valle_nuevo,"SARIMA(1,1,1)(0,1,1,12)",61319.0,551.0655853516843
2022-11-01,S2_valle_nuevo,"SARIMA(1,1,1)(0,1,1,12)",79351.0,831.4358323012881
2022-12-01,S2_valle_nuevo,"SARIMA(1,1,1)(0,1,1,12)",93131.0,119.19595768401216
2023-01-01,S2_valle_nuevo,"SARIMA(1,1,1)(0,1,1,12)",45433.87234627529,1353.377929954197
2023-02-01,S2_valle_nuevo,"SARIMA(1,1,1)(0,1,1,12)",38432.78921090656,1037.5518518871304
2023-03-01,S2_valle_nuevo,"SARIMA(1,1,1)(0,1,1,12)",44519.65945947915,745.6244625344318
2023-04-01,S2_valle_nuevo,"SARIMA(1,1,1)(0,1,1,12)",63026.790449355445,61.17003523133622
2023-05-01,S2_valle_nuevo,"SARIMA(1,1,1)(0,1,1,12)",42574.15617964926,54.61641564074709
2023-06-01,S2_valle_nuevo,"SARIMA(1,1,1)(0,1,1,12)",43575.71907316531,55.02510598078901
2023-07-01,S2_valle_nuevo,"SARIMA(1,1,1)(0,1,1,12)",52537.93363914358,74.22594183611498
2023-08-01,S2_valle_nuevo,"SARIMA(1,1,1)(0,1,1,12)",59555.01541972068,77.54268376524486
2023-09-01,S2_valle_nuevo,"SARIMA(1,1,1)(0,1,1,12)",51732.34620334615,124.19435912511017
2023-10-01,S2_valle_nuevo,"SARIMA(1,1,1)(0,1,1,12)",26576.944899911174,194.24059348072385
2023-11-01,S2_valle_nuevo,"SARIMA(1,1,1)(0,1,1,12)",54846.37611349384,293.066004846365
2023-12-01,S2_valle_nuevo,"SARIMA(1,1,1)(0,1,1,12)",80147.63761785896,42.01440659058751
2024-01-01,S2_valle_nuevo,"SARIMA(1,1,1)(0,1,1,12)",55998.01466922343,477.0410987473458
2024-02-01,S2_valle_nuevo,"SARIMA(1,1,1)(0,1,1,12)",47578.58854296376,365.71815194912415
2024-03-01,S2_valle_nuevo,"SARIMA(1,1,1)(0,1,1,12)",69483.89288750275,262.81905814169914
2024-04-01,S2_valle_nuevo,"SARIMA(1,1,1)(0,1,1,12)",45274.21212442566,21.56132457262551
2024-05-01,S2_valle_nuevo,"SARIMA(1,1,1)(0,1,1,12)",52065.83724928357,19.251292894798027
2024-06-01,S2_valle_nuevo,"SARIMA(1,1,1)(0,1,1,12)",43108.65849387046,19.395348804493274
2024-07-01,S2_valle_nuevo,"SARIMA(1,1,1)(0,1,1,12)",52248.67751774468,26.16329412897638
2024-08-01,S2_valle_nuevo,"SARIMA(1,1,1)(0,1,1,12)",72500.72250770808,27.332385318594824
2024-09-01,S2_valle_nuevo,"SARIMA(1,1,1)(0,1,1,12)",47965.38622974952,43.77625216429384
2024-10-01,S2_valle_nuevo,"SARIMA(1,1,1)(0,1,1,12)",55027.38369546927,68.46627544644305
2024-11-01,S2_valle_nuevo,"SARIMA(1,1,1)(0,1,1,12)",70012.1751152075,103.30043505448356
2024-12-01,S2_valle_nuevo,"SARIMA(1,1,1)(0,1,1,12)",92168.47324426158,14.809313968840844
2025-01-01,S2_valle_nuevo,"SARIMA(1,1,1)(0,1,1,12)",57653.42273925849,168.14830865593962
2025-02-01,S2_valle_nuevo,"SARIMA(1,1,1)(0,1,1,12)",45789.08259423505,128.90899517148426
2025-03-01,S2_valle_nuevo,"SARIMA(1,1,1)(0,1,1,12)",52055.72278181085,92.63893661388573
2025-04-01,S2_valle_nuevo,"SARIMA(1,1,1)(0,1,1,12)",66666.01243304134,7.599974653732916
2025-05-01,S2_valle_nuevo,"SARIMA(1,1,1)(0,1,1,12)",49206.28143342576,6.785730512948611
2025-06-01,S2_valle_nuevo,"SARIMA(1,1,1)(0,1,1,12)",50110.56583836609,6.836507600354192
2025-07-01,S2_valle_nuevo,"SARIMA(1,1,1)(0,1,1,12)",50413.4597485248,9.222085200221398
2025-08-01,S2_valle_nuevo,"SARIMA(1,1,1)(0,1,1,12)",72139.24531894638,9.634168575668713
2025-09-01,S2_valle_nuevo,"SARIMA(1,1,1)(0,1,1,12)",47259.45296034146,15.430332480892726
2025-10-01,S2_valle_nuevo,"SARIMA(1,1,1)(0,1,1,12)",51903.318752531406,24.133116510341626
2025-11-01,S2_valle_nuevo,"SARIMA(1,1,1)(0,1,1,12)",66260.86478555299,36.41152404571677
2025-12-01,S2_valle_nuevo,"SARIMA(1,1,1)(0,1,1,12)",89656.1220472439,5.220013753016748
2026-01-01,S2_valle_nuevo,"SARIMA(1,1,1)(0,1,1,12)",52834.37632135325,59.269219734100425
2026-02-01,S2_valle_nuevo,"SARIMA(1,1,1)(0,1,1,12)",36006.248553054684,45.43807559881101
2026-03-01,S2_valle_nuevo,"SARIMA(1,1,1)(0,1,1,12)",45614.28181635124,32.65353980655605
2026-04-01,S2_valle_nuevo,"SARIMA(1,1,1)(0,1,1,12)",48757.224880501926,2.678852801590632
2026-05-01,S2_valle_nuevo,"SARIMA(1,1,1)(0,1,1,12)",44810.39636504233,2.3918465552411887
2026-06-01,S2_valle_nuevo,"SARIMA(1,1,1)(0,1,1,12)",44166.617542663545,2.409744554780733
2021-04-01,S2_valle_nuevo,"auto_arima(1, 0, 1)x(0, 0, 0, 12)",5581.909090909091,6281.263263398517
2021-05-01,S2_valle_nuevo,"auto_arima(1, 0, 1)x(0, 0, 0, 12)",2173.0,6178.283636255063
2021-06-01,S2_valle_nuevo,"auto_arima(1, 0, 1)x(0, 0, 0, 12)",6330.0,6077.182220415573
2021-07-01,S2_valle_nuevo,"auto_arima(1, 0, 1)x(0, 0, 0, 12)",7752.0,5977.921661221205
2021-08-01,S2_valle_nuevo,"auto_arima(1, 0, 1)x(0, 0, 0, 12)",5674.0,5880.465403806276
2021-09-01,S2_valle_nuevo,"auto_arima(1, 0, 1)x(0, 0, 0, 12)",6964.0,5784.777674831473
2021-10-01,S2_valle_nuevo,"auto_arima(1, 0, 1)x(0, 0, 0, 12)",5512.0,5690.823464659078
2021-11-01,S2_valle_nuevo,"auto_arima(1, 0, 1)x(0, 0, 0, 12)",9665.0,5598.568509958842
2021-12-01,S2_valle_nuevo,"auto_arima(1, 0, 1)x(0, 0, 0, 12)",44275.12394366197,5507.979276733592
2022-01-01,S2_valle_nuevo,"auto_arima(1, 0, 1)x(0, 0, 0, 12)",10236.0,5419.0229437538865
2022-02-01,S2_valle_nuevo,"auto_arima(1, 0, 1)x(0, 0, 0, 12)",34017.2,5331.667386391372
2022-03-01,S2_valle_nuevo,"auto_arima(1, 0, 1)x(0, 0, 0, 12)",44640.0,5245.881160840649
2022-04-01,S2_valle_nuevo,"auto_arima(1, 0, 1)x(0, 0, 0, 12)",44657.0,5161.633488719894
2022-05-01,S2_valle_nuevo,"auto_arima(1, 0, 1)x(0, 0, 0, 12)",40398.0,5078.894242040576
2022-06-01,S2_valle_nuevo,"auto_arima(1, 0, 1)x(0, 0, 0, 12)",43309.0,4997.633928537032
2022-07-01,S2_valle_nuevo,"auto_arima(1, 0, 1)x(0, 0, 0, 12)",53818.0,4917.82367734674
2022-08-01,S2_valle_nuevo,"auto_arima(1, 0, 1)x(0, 0, 0, 12)",60351.0,4839.4352250324955
2022-09-01,S2_valle_nuevo,"auto_arima(1, 0, 1)x(0, 0, 0, 12)",57159.0,4762.440901937887
2022-10-01,S2_valle_nuevo,"auto_arima(1, 0, 1)x(0, 0, 0, 12)",61319.0,4686.813618867681
2022-11-01,S2_valle_nuevo,"auto_arima(1, 0, 1)x(0, 0, 0, 12)",79351.0,4612.526854084932
2022-12-01,S2_valle_nuevo,"auto_arima(1, 0, 1)x(0, 0, 0, 12)",93131.0,4539.554640616976
2023-01-01,S2_valle_nuevo,"auto_arima(1, 0, 1)x(0, 0, 0, 12)",45433.87234627529,4467.871553862444
2023-02-01,S2_valle_nuevo,"auto_arima(1, 0, 1)x(0, 0, 0, 12)",38432.78921090656,4397.452699491849
2023-03-01,S2_valle_nuevo,"auto_arima(1, 0, 1)x(0, 0, 0, 12)",44519.65945947915,4328.273701634413
2023-04-01,S2_valle_nuevo,"auto_arima(1, 0, 1)x(0, 0, 0, 12)",63026.790449355445,4260.310691343943
2023-05-01,S2_valle_nuevo,"auto_arima(1, 0, 1)x(0, 0, 0, 12)",42574.15617964926,4193.540295336896
2023-06-01,S2_valle_nuevo,"auto_arima(1, 0, 1)x(0, 0, 0, 12)",43575.71907316531,4127.939624995721
2023-07-01,S2_valle_nuevo,"auto_arima(1, 0, 1)x(0, 0, 0, 12)",52537.93363914358,4063.486265631032
2023-08-01,S2_valle_nuevo,"auto_arima(1, 0, 1)x(0, 0, 0, 12)",59555.01541972068,4000.1582659961173
2023-09-01,S2_valle_nuevo,"auto_arima(1, 0, 1)x(0, 0, 0, 12)",51732.34620334615,3937.934128047496
2023-10-01,S2_valle_nuevo,"auto_arima(1, 0, 1)x(0, 0, 0, 12)",26576.944899911174,3876.7927969455313
2023-11-01,S2_valle_nuevo,"auto_arima(1, 0, 1)x(0, 0, 0, 12)",54846.37611349384,3816.7136512890534
2023-12-01,S2_valle_nuevo,"auto_arima(1, 0, 1)x(0, 0, 0, 12)",80147.63761785896,3757.6764935783112
2024-01-01,S2_valle_nuevo,"auto_arima(1, 0, 1)x(0, 0, 0, 12)",55998.01466922343,3699.66154090056
2024-02-01,S2_valle_nuevo,"auto_arima(1, 0, 1)x(0, 0, 0, 12)",47578.58854296376,3642.649415832809
2024-03-01,S2_valle_nuevo,"auto_arima(1, 0, 1)x(0, 0, 0, 12)",69483.89288750275,3586.6211375564226
2024-04-01,S2_valle_nuevo,"auto_arima(1, 0, 1)x(0, 0, 0, 12)",45274.21212442566,3531.558113178325
2024-05-01,S2_valle_nuevo,"auto_arima(1, 0, 1)x(0, 0, 0, 12)",52065.83724928357,3477.442129253786
2024-06-01,S2_valle_nuevo,"auto_arima(1, 0, 1)x(0, 0, 0, 12)",43108.65849387046,3424.2553435057894
2024-07-01,S2_valle_nuevo,"auto_arima(1, 0, 1)x(0, 0, 0, 12)",52248.67751774468,3371.980276736243
2024-08-01,S2_valle_nuevo,"auto_arima(1, 0, 1)x(0, 0, 0, 12)",72500.72250770808,3320.599804924273
2024-09-01,S2_valle_nuevo,"auto_arima(1, 0, 1)x(0, 0, 0, 12)",47965.38622974952,3270.0971515070796
2024-10-01,S2_valle_nuevo,"auto_arima(1, 0, 1)x(0, 0, 0, 12)",55027.38369546927,3220.4558798389016
2024-11-01,S2_valle_nuevo,"auto_arima(1, 0, 1)x(0, 0, 0, 12)",70012.1751152075,3171.6598858237153
2024-12-01,S2_valle_nuevo,"auto_arima(1, 0, 1)x(0, 0, 0, 12)",92168.47324426158,3123.6933907175026
2025-01-01,S2_valle_nuevo,"auto_arima(1, 0, 1)x(0, 0, 0, 12)",57653.42273925849,3076.5409340958918
2025-02-01,S2_valle_nuevo,"auto_arima(1, 0, 1)x(0, 0, 0, 12)",45789.08259423505,3030.18736698324
2025-03-01,S2_valle_nuevo,"auto_arima(1, 0, 1)x(0, 0, 0, 12)",52055.72278181085,2984.6178451392016
2025-04-01,S2_valle_nuevo,"auto_arima(1, 0, 1)x(0, 0, 0, 12)",66666.01243304134,2939.8178224989533
2025-05-01,S2_valle_nuevo,"auto_arima(1, 0, 1)x(0, 0, 0, 12)",49206.28143342576,2895.7730447634185
2025-06-01,S2_valle_nuevo,"auto_arima(1, 0, 1)x(0, 0, 0, 12)",50110.56583836609,2852.4695431358305
2025-07-01,S2_valle_nuevo,"auto_arima(1, 0, 1)x(0, 0, 0, 12)",50413.4597485248,2809.893628201103
2025-08-01,S2_valle_nuevo,"auto_arima(1, 0, 1)x(0, 0, 0, 12)",72139.24531894638,2768.031883944598
2025-09-01,S2_valle_nuevo,"auto_arima(1, 0, 1)x(0, 0, 0, 12)",47259.45296034146,2726.871161906912
2025-10-01,S2_valle_nuevo,"auto_arima(1, 0, 1)x(0, 0, 0, 12)",51903.318752531406,2686.398575471436
2025-11-01,S2_valle_nuevo,"auto_arima(1, 0, 1)x(0, 0, 0, 12)",66260.86478555299,2646.6014942814845
2025-12-01,S2_valle_nuevo,"auto_arima(1, 0, 1)x(0, 0, 0, 12)",89656.1220472439,2607.467538783906
2026-01-01,S2_valle_nuevo,"auto_arima(1, 0, 1)x(0, 0, 0, 12)",52834.37632135325,2568.984574896133
2026-02-01,S2_valle_nuevo,"auto_arima(1, 0, 1)x(0, 0, 0, 12)",36006.248553054684,2531.140708793741
2026-03-01,S2_valle_nuevo,"auto_arima(1, 0, 1)x(0, 0, 0, 12)",45614.28181635124,2493.9242818156154
2026-04-01,S2_valle_nuevo,"auto_arima(1, 0, 1)x(0, 0, 0, 12)",48757.224880501926,2457.3238654839556
2026-05-01,S2_valle_nuevo,"auto_arima(1, 0, 1)x(0, 0, 0, 12)",44810.39636504233,2421.3282566363455
2026-06-01,S2_valle_nuevo,"auto_arima(1, 0, 1)x(0, 0, 0, 12)",44166.617542663545,2385.9264726672573
2021-04-01,S2_valle_nuevo,Prophet,5581.909090909091,63362.93985385786
2021-05-01,S2_valle_nuevo,Prophet,2173.0,56878.11304723465
2021-06-01,S2_valle_nuevo,Prophet,6330.0,55147.713982831454
2021-07-01,S2_valle_nuevo,Prophet,7752.0,62400.77387603387
2021-08-01,S2_valle_nuevo,Prophet,5674.0,66674.31135288607
2021-09-01,S2_valle_nuevo,Prophet,6964.0,57003.50789652551
2021-10-01,S2_valle_nuevo,Prophet,5512.0,57058.68986191319
2021-11-01,S2_valle_nuevo,Prophet,9665.0,58182.2907513645
2021-12-01,S2_valle_nuevo,Prophet,44275.12394366197,75499.38298914814
2022-01-01,S2_valle_nuevo,Prophet,10236.0,53862.63822700088
2022-02-01,S2_valle_nuevo,Prophet,34017.2,47789.46162794317
2022-03-01,S2_valle_nuevo,Prophet,44640.0,55970.44218579324
2022-04-01,S2_valle_nuevo,Prophet,44657.0,64579.570292699944
2022-05-01,S2_valle_nuevo,Prophet,40398.0,57867.59969052362
2022-06-01,S2_valle_nuevo,Prophet,43309.0,56109.89441034722
2022-07-01,S2_valle_nuevo,Prophet,53818.0,63503.57052167022
2022-08-01,S2_valle_nuevo,Prophet,60351.0,67690.6995485253
2022-09-01,S2_valle_nuevo,Prophet,57159.0,57741.57796190435
2022-10-01,S2_valle_nuevo,Prophet,61319.0,58066.88879805934
2022-11-01,S2_valle_nuevo,Prophet,79351.0,59419.76304765262
2022-12-01,S2_valle_nuevo,Prophet,93131.0,76735.78178304885
2023-01-01,S2_valle_nuevo,Prophet,45433.87234627529,54714.000021909356
2023-02-01,S2_valle_nuevo,Prophet,38432.78921090656,48633.00830296962
2023-03-01,S2_valle_nuevo,Prophet,44519.65945947915,56946.90338151419
2023-04-01,S2_valle_nuevo,Prophet,63026.790449355445,65794.07304621021
2023-05-01,S2_valle_nuevo,Prophet,42574.15617964926,58855.19449343427
2023-06-01,S2_valle_nuevo,Prophet,43575.71907316531,57074.38055777404
2023-07-01,S2_valle_nuevo,Prophet,52537.93363914358,64604.1362654898
2023-08-01,S2_valle_nuevo,Prophet,59555.01541972068,68699.17652444866
2023-09-01,S2_valle_nuevo,Prophet,51732.34620334615,58482.474605636475
2023-10-01,S2_valle_nuevo,Prophet,26576.944899911174,59084.47249815486
2023-11-01,S2_valle_nuevo,Prophet,54846.37611349384,60663.29884725956
2023-12-01,S2_valle_nuevo,Prophet,80147.63761785896,77957.17378049939
2024-01-01,S2_valle_nuevo,Prophet,55998.01466922343,55561.124350870195
2024-02-01,S2_valle_nuevo,Prophet,47578.58854296376,49481.28580814581
2024-03-01,S2_valle_nuevo,Prophet,69483.89288750275,58101.605168872775
2024-04-01,S2_valle_nuevo,Prophet,45274.21212442566,66212.25391843736
2024-05-01,S2_valle_nuevo,Prophet,52065.83724928357,59954.5397999159
2024-06-01,S2_valle_nuevo,Prophet,43108.65849387046,58255.676104580634
2024-07-01,S2_valle_nuevo,Prophet,52248.67751774468,65363.72950218598
2024-08-01,S2_valle_nuevo,Prophet,72500.72250770808,69717.74573981029
2024-09-01,S2_valle_nuevo,Prophet,47965.38622974952,60335.69957150243
2024-10-01,S2_valle_nuevo,Prophet,55027.38369546927,60127.720108614245
2024-11-01,S2_valle_nuevo,Prophet,70012.1751152075,61019.16397895163
2024-12-01,S2_valle_nuevo,Prophet,92168.47324426158,78316.05947957539
2025-01-01,S2_valle_nuevo,Prophet,57653.42273925849,57074.52204649634
2025-02-01,S2_valle_nuevo,Prophet,45789.08259423505,51018.210653566945
2025-03-01,S2_valle_nuevo,Prophet,52055.72278181085,59067.2080599873
2025-04-01,S2_valle_nuevo,Prophet,66666.01243304134,67430.7771198677
2025-05-01,S2_valle_nuevo,Prophet,49206.28143342576,60945.950313241454
2025-06-01,S2_valle_nuevo,Prophet,50110.56583836609,59215.55124884237
2025-07-01,S2_valle_nuevo,Prophet,50413.4597485248,66468.61114204458
2025-08-01,S2_valle_nuevo,Prophet,72139.24531894638,70742.14861889792
2025-09-01,S2_valle_nuevo,Prophet,47259.45296034146,61071.34516253814
2025-10-01,S2_valle_nuevo,Prophet,51903.318752531406,61126.52712792408
2025-11-01,S2_valle_nuevo,Prophet,66260.86478555299,62250.128017371426
2025-12-01,S2_valle_nuevo,Prophet,89656.1220472439,79567.22025515854
2026-01-01,S2_valle_nuevo,Prophet,52834.37632135325,57930.47549301327
2026-02-01,S2_valle_nuevo,Prophet,36006.248553054684,51857.29889395142
2026-03-01,S2_valle_nuevo,Prophet,45614.28181635124,60038.27945180416
2026-04-01,S2_valle_nuevo,Prophet,48757.224880501926,68647.40755870983
2026-05-01,S2_valle_nuevo,Prophet,44810.39636504233,61935.43695653566
2026-06-01,S2_valle_nuevo,Prophet,44166.617542663545,60177.73167635652
2021-04-01,S2_valle_nuevo,Holt-Winters,5581.909090909091,14328.251142032268
2021-05-01,S2_valle_nuevo,Holt-Winters,2173.0,10095.294596704865
2021-06-01,S2_valle_nuevo,Holt-Winters,6330.0,10547.994653352132
2021-07-01,S2_valle_nuevo,Holt-Winters,7752.0,18627.386725109292
2021-08-01,S2_valle_nuevo,Holt-Winters,5674.0,24028.13068310827
2021-09-01,S2_valle_nuevo,Holt-Winters,6964.0,14915.11531245561
2021-10-01,S2_valle_nuevo,Holt-Winters,5512.0,13797.46485661397
2021-11-01,S2_valle_nuevo,Holt-Winters,9665.0,16009.18062227758
2021-12-01,S2_valle_nuevo,Holt-Winters,44275.12394366197,34962.80452129357
2022-01-01,S2_valle_nuevo,Holt-Winters,10236.0,11577.017235206404
2022-02-01,S2_valle_nuevo,Holt-Winters,34017.2,943.9594261735383
2022-03-01,S2_valle_nuevo,Holt-Winters,44640.0,7946.460872103931
2022-04-01,S2_valle_nuevo,Holt-Winters,44657.0,14328.251142032255
2022-05-01,S2_valle_nuevo,Holt-Winters,40398.0,10095.294596704854
2022-06-01,S2_valle_nuevo,Holt-Winters,43309.0,10547.994653352122
2022-07-01,S2_valle_nuevo,Holt-Winters,53818.0,18627.386725109285
2022-08-01,S2_valle_nuevo,Holt-Winters,60351.0,24028.130683108262
2022-09-01,S2_valle_nuevo,Holt-Winters,57159.0,14915.115312455604
2022-10-01,S2_valle_nuevo,Holt-Winters,61319.0,13797.464856613966
2022-11-01,S2_valle_nuevo,Holt-Winters,79351.0,16009.180622277576
2022-12-01,S2_valle_nuevo,Holt-Winters,93131.0,34962.80452129357
2023-01-01,S2_valle_nuevo,Holt-Winters,45433.87234627529,11577.017235206404
2023-02-01,S2_valle_nuevo,Holt-Winters,38432.78921090656,943.9594261735365
2023-03-01,S2_valle_nuevo,Holt-Winters,44519.65945947915,7946.460872103929
2023-04-01,S2_valle_nuevo,Holt-Winters,63026.790449355445,14328.251142032253
2023-05-01,S2_valle_nuevo,Holt-Winters,42574.15617964926,10095.294596704854
2023-06-01,S2_valle_nuevo,Holt-Winters,43575.71907316531,10547.994653352122
2023-07-01,S2_valle_nuevo,Holt-Winters,52537.93363914358,18627.386725109285
2023-08-01,S2_valle_nuevo,Holt-Winters,59555.01541972068,24028.130683108262
2023-09-01,S2_valle_nuevo,Holt-Winters,51732.34620334615,14915.115312455604
2023-10-01,S2_valle_nuevo,Holt-Winters,26576.944899911174,13797.464856613966
2023-11-01,S2_valle_nuevo,Holt-Winters,54846.37611349384,16009.180622277576
2023-12-01,S2_valle_nuevo,Holt-Winters,80147.63761785896,34962.80452129357
2024-01-01,S2_valle_nuevo,Holt-Winters,55998.01466922343,11577.017235206404
2024-02-01,S2_valle_nuevo,Holt-Winters,47578.58854296376,943.9594261735365
2024-03-01,S2_valle_nuevo,Holt-Winters,69483.89288750275,7946.460872103929
2024-04-01,S2_valle_nuevo,Holt-Winters,45274.21212442566,14328.251142032253
2024-05-01,S2_valle_nuevo,Holt-Winters,52065.83724928357,10095.294596704854
2024-06-01,S2_valle_nuevo,Holt-Winters,43108.65849387046,10547.994653352122
2024-07-01,S2_valle_nuevo,Holt-Winters,52248.67751774468,18627.386725109285
2024-08-01,S2_valle_nuevo,Holt-Winters,72500.72250770808,24028.130683108262
2024-09-01,S2_valle_nuevo,Holt-Winters,47965.38622974952,14915.115312455604
2024-10-01,S2_valle_nuevo,Holt-Winters,55027.38369546927,13797.464856613966
2024-11-01,S2_valle_nuevo,Holt-Winters,70012.1751152075,16009.180622277576
2024-12-01,S2_valle_nuevo,Holt-Winters,92168.47324426158,34962.80452129357
2025-01-01,S2_valle_nuevo,Holt-Winters,57653.42273925849,11577.017235206404
2025-02-01,S2_valle_nuevo,Holt-Winters,45789.08259423505,943.9594261735365
2025-03-01,S2_valle_nuevo,Holt-Winters,52055.72278181085,7946.460872103929
2025-04-01,S2_valle_nuevo,Holt-Winters,66666.01243304134,14328.251142032253
2025-05-01,S2_valle_nuevo,Holt-Winters,49206.28143342576,10095.294596704854
2025-06-01,S2_valle_nuevo,Holt-Winters,50110.56583836609,10547.994653352122
2025-07-01,S2_valle_nuevo,Holt-Winters,50413.4597485248,18627.386725109285
2025-08-01,S2_valle_nuevo,Holt-Winters,72139.24531894638,24028.130683108262
2025-09-01,S2_valle_nuevo,Holt-Winters,47259.45296034146,14915.115312455604
2025-10-01,S2_valle_nuevo,Holt-Winters,51903.318752531406,13797.464856613966
2025-11-01,S2_valle_nuevo,Holt-Winters,66260.86478555299,16009.180622277576
2025-12-01,S2_valle_nuevo,Holt-Winters,89656.1220472439,34962.80452129357
2026-01-01,S2_valle_nuevo,Holt-Winters,52834.37632135325,11577.017235206404
2026-02-01,S2_valle_nuevo,Holt-Winters,36006.248553054684,943.9594261735365
2026-03-01,S2_valle_nuevo,Holt-Winters,45614.28181635124,7946.460872103929
2026-04-01,S2_valle_nuevo,Holt-Winters,48757.224880501926,14328.251142032253
2026-05-01,S2_valle_nuevo,Holt-Winters,44810.39636504233,10095.294596704854
2026-06-01,S2_valle_nuevo,Holt-Winters,44166.617542663545,10547.994653352122
2021-04-01,S2_valle_nuevo,Suavizamiento exponencial simple,5581.909090909091,7079.072660902941
2021-05-01,S2_valle_nuevo,Suavizamiento exponencial simple,2173.0,7079.072660902941
2021-06-01,S2_valle_nuevo,Suavizamiento exponencial simple,6330.0,7079.072660902941
2021-07-01,S2_valle_nuevo,Suavizamiento exponencial simple,7752.0,7079.072660902941
2021-08-01,S2_valle_nuevo,Suavizamiento exponencial simple,5674.0,7079.072660902941
2021-09-01,S2_valle_nuevo,Suavizamiento exponencial simple,6964.0,7079.072660902941
2021-10-01,S2_valle_nuevo,Suavizamiento exponencial simple,5512.0,7079.072660902941
2021-11-01,S2_valle_nuevo,Suavizamiento exponencial simple,9665.0,7079.072660902941
2021-12-01,S2_valle_nuevo,Suavizamiento exponencial simple,44275.12394366197,7079.072660902941
2022-01-01,S2_valle_nuevo,Suavizamiento exponencial simple,10236.0,7079.072660902941
2022-02-01,S2_valle_nuevo,Suavizamiento exponencial simple,34017.2,7079.072660902941
2022-03-01,S2_valle_nuevo,Suavizamiento exponencial simple,44640.0,7079.072660902941
2022-04-01,S2_valle_nuevo,Suavizamiento exponencial simple,44657.0,7079.072660902941
2022-05-01,S2_valle_nuevo,Suavizamiento exponencial simple,40398.0,7079.072660902941
2022-06-01,S2_valle_nuevo,Suavizamiento exponencial simple,43309.0,7079.072660902941
2022-07-01,S2_valle_nuevo,Suavizamiento exponencial simple,53818.0,7079.072660902941
2022-08-01,S2_valle_nuevo,Suavizamiento exponencial simple,60351.0,7079.072660902941
2022-09-01,S2_valle_nuevo,Suavizamiento exponencial simple,57159.0,7079.072660902941
2022-10-01,S2_valle_nuevo,Suavizamiento exponencial simple,61319.0,7079.072660902941
2022-11-01,S2_valle_nuevo,Suavizamiento exponencial simple,79351.0,7079.072660902941
2022-12-01,S2_valle_nuevo,Suavizamiento exponencial simple,93131.0,7079.072660902941
2023-01-01,S2_valle_nuevo,Suavizamiento exponencial simple,45433.87234627529,7079.072660902941
2023-02-01,S2_valle_nuevo,Suavizamiento exponencial simple,38432.78921090656,7079.072660902941
2023-03-01,S2_valle_nuevo,Suavizamiento exponencial simple,44519.65945947915,7079.072660902941
2023-04-01,S2_valle_nuevo,Suavizamiento exponencial simple,63026.790449355445,7079.072660902941
2023-05-01,S2_valle_nuevo,Suavizamiento exponencial simple,42574.15617964926,7079.072660902941
2023-06-01,S2_valle_nuevo,Suavizamiento exponencial simple,43575.71907316531,7079.072660902941
2023-07-01,S2_valle_nuevo,Suavizamiento exponencial simple,52537.93363914358,7079.072660902941
2023-08-01,S2_valle_nuevo,Suavizamiento exponencial simple,59555.01541972068,7079.072660902941
2023-09-01,S2_valle_nuevo,Suavizamiento exponencial simple,51732.34620334615,7079.072660902941
2023-10-01,S2_valle_nuevo,Suavizamiento exponencial simple,26576.944899911174,7079.072660902941
2023-11-01,S2_valle_nuevo,Suavizamiento exponencial simple,54846.37611349384,7079.072660902941
2023-12-01,S2_valle_nuevo,Suavizamiento exponencial simple,80147.63761785896,7079.072660902941
2024-01-01,S2_valle_nuevo,Suavizamiento exponencial simple,55998.01466922343,7079.072660902941
2024-02-01,S2_valle_nuevo,Suavizamiento exponencial simple,47578.58854296376,7079.072660902941
2024-03-01,S2_valle_nuevo,Suavizamiento exponencial simple,69483.89288750275,7079.072660902941
2024-04-01,S2_valle_nuevo,Suavizamiento exponencial simple,45274.21212442566,7079.072660902941
2024-05-01,S2_valle_nuevo,Suavizamiento exponencial simple,52065.83724928357,7079.072660902941
2024-06-01,S2_valle_nuevo,Suavizamiento exponencial simple,43108.65849387046,7079.072660902941
2024-07-01,S2_valle_nuevo,Suavizamiento exponencial simple,52248.67751774468,7079.072660902941
2024-08-01,S2_valle_nuevo,Suavizamiento exponencial simple,72500.72250770808,7079.072660902941
2024-09-01,S2_valle_nuevo,Suavizamiento exponencial simple,47965.38622974952,7079.072660902941
2024-10-01,S2_valle_nuevo,Suavizamiento exponencial simple,55027.38369546927,7079.072660902941
2024-11-01,S2_valle_nuevo,Suavizamiento exponencial simple,70012.1751152075,7079.072660902941
2024-12-01,S2_valle_nuevo,Suavizamiento exponencial simple,92168.47324426158,7079.072660902941
2025-01-01,S2_valle_nuevo,Suavizamiento exponencial simple,57653.42273925849,7079.072660902941
2025-02-01,S2_valle_nuevo,Suavizamiento exponencial simple,45789.08259423505,7079.072660902941
2025-03-01,S2_valle_nuevo,Suavizamiento exponencial simple,52055.72278181085,7079.072660902941
2025-04-01,S2_valle_nuevo,Suavizamiento exponencial simple,66666.01243304134,7079.072660902941
2025-05-01,S2_valle_nuevo,Suavizamiento exponencial simple,49206.28143342576,7079.072660902941
2025-06-01,S2_valle_nuevo,Suavizamiento exponencial simple,50110.56583836609,7079.072660902941
2025-07-01,S2_valle_nuevo,Suavizamiento exponencial simple,50413.4597485248,7079.072660902941
2025-08-01,S2_valle_nuevo,Suavizamiento exponencial simple,72139.24531894638,7079.072660902941
2025-09-01,S2_valle_nuevo,Suavizamiento exponencial simple,47259.45296034146,7079.072660902941
2025-10-01,S2_valle_nuevo,Suavizamiento exponencial simple,51903.318752531406,7079.072660902941
2025-11-01,S2_valle_nuevo,Suavizamiento exponencial simple,66260.86478555299,7079.072660902941
2025-12-01,S2_valle_nuevo,Suavizamiento exponencial simple,89656.1220472439,7079.072660902941
2026-01-01,S2_valle_nuevo,Suavizamiento exponencial simple,52834.37632135325,7079.072660902941
2026-02-01,S2_valle_nuevo,Suavizamiento exponencial simple,36006.248553054684,7079.072660902941
2026-03-01,S2_valle_nuevo,Suavizamiento exponencial simple,45614.28181635124,7079.072660902941
2026-04-01,S2_valle_nuevo,Suavizamiento exponencial simple,48757.224880501926,7079.072660902941
2026-05-01,S2_valle_nuevo,Suavizamiento exponencial simple,44810.39636504233,7079.072660902941
2026-06-01,S2_valle_nuevo,Suavizamiento exponencial simple,44166.617542663545,7079.072660902941
2021-04-01,S2_valle_nuevo,Seasonal Naive,5581.909090909091,201.0
2021-05-01,S2_valle_nuevo,Seasonal Naive,2173.0,193.0
2021-06-01,S2_valle_nuevo,Seasonal Naive,6330.0,208.0
2021-07-01,S2_valle_nuevo,Seasonal Naive,7752.0,314.0
2021-08-01,S2_valle_nuevo,Seasonal Naive,5674.0,325.0
2021-09-01,S2_valle_nuevo,Seasonal Naive,6964.0,944.0
2021-10-01,S2_valle_nuevo,Seasonal Naive,5512.0,2185.6999995599967
2021-11-01,S2_valle_nuevo,Seasonal Naive,9665.0,4928.0
2021-12-01,S2_valle_nuevo,Seasonal Naive,44275.12394366197,80.0
2022-01-01,S2_valle_nuevo,Seasonal Naive,10236.0,11834.0
2022-02-01,S2_valle_nuevo,Seasonal Naive,34017.2,8405.0
2022-03-01,S2_valle_nuevo,Seasonal Naive,44640.0,6391.436935480299
2022-04-01,S2_valle_nuevo,Seasonal Naive,44657.0,201.0
2022-05-01,S2_valle_nuevo,Seasonal Naive,40398.0,193.0
2022-06-01,S2_valle_nuevo,Seasonal Naive,43309.0,208.0
2022-07-01,S2_valle_nuevo,Seasonal Naive,53818.0,314.0
2022-08-01,S2_valle_nuevo,Seasonal Naive,60351.0,325.0
2022-09-01,S2_valle_nuevo,Seasonal Naive,57159.0,944.0
2022-10-01,S2_valle_nuevo,Seasonal Naive,61319.0,2185.6999995599967
2022-11-01,S2_valle_nuevo,Seasonal Naive,79351.0,4928.0
2022-12-01,S2_valle_nuevo,Seasonal Naive,93131.0,80.0
2023-01-01,S2_valle_nuevo,Seasonal Naive,45433.87234627529,11834.0
2023-02-01,S2_valle_nuevo,Seasonal Naive,38432.78921090656,8405.0
2023-03-01,S2_valle_nuevo,Seasonal Naive,44519.65945947915,6391.436935480299
2023-04-01,S2_valle_nuevo,Seasonal Naive,63026.790449355445,201.0
2023-05-01,S2_valle_nuevo,Seasonal Naive,42574.15617964926,193.0
2023-06-01,S2_valle_nuevo,Seasonal Naive,43575.71907316531,208.0
2023-07-01,S2_valle_nuevo,Seasonal Naive,52537.93363914358,314.0
2023-08-01,S2_valle_nuevo,Seasonal Naive,59555.01541972068,325.0
2023-09-01,S2_valle_nuevo,Seasonal Naive,51732.34620334615,944.0
2023-10-01,S2_valle_nuevo,Seasonal Naive,26576.944899911174,2185.6999995599967
2023-11-01,S2_valle_nuevo,Seasonal Naive,54846.37611349384,4928.0
2023-12-01,S2_valle_nuevo,Seasonal Naive,80147.63761785896,80.0
2024-01-01,S2_valle_nuevo,Seasonal Naive,55998.01466922343,11834.0
2024-02-01,S2_valle_nuevo,Seasonal Naive,47578.58854296376,8405.0
2024-03-01,S2_valle_nuevo,Seasonal Naive,69483.89288750275,6391.436935480299
2024-04-01,S2_valle_nuevo,Seasonal Naive,45274.21212442566,201.0
2024-05-01,S2_valle_nuevo,Seasonal Naive,52065.83724928357,193.0
2024-06-01,S2_valle_nuevo,Seasonal Naive,43108.65849387046,208.0
2024-07-01,S2_valle_nuevo,Seasonal Naive,52248.67751774468,314.0
2024-08-01,S2_valle_nuevo,Seasonal Naive,72500.72250770808,325.0
2024-09-01,S2_valle_nuevo,Seasonal Naive,47965.38622974952,944.0
2024-10-01,S2_valle_nuevo,Seasonal Naive,55027.38369546927,2185.6999995599967
2024-11-01,S2_valle_nuevo,Seasonal Naive,70012.1751152075,4928.0
2024-12-01,S2_valle_nuevo,Seasonal Naive,92168.47324426158,80.0
2025-01-01,S2_valle_nuevo,Seasonal Naive,57653.42273925849,11834.0
2025-02-01,S2_valle_nuevo,Seasonal Naive,45789.08259423505,8405.0
2025-03-01,S2_valle_nuevo,Seasonal Naive,52055.72278181085,6391.436935480299
2025-04-01,S2_valle_nuevo,Seasonal Naive,66666.01243304134,201.0
2025-05-01,S2_valle_nuevo,Seasonal Naive,49206.28143342576,193.0
2025-06-01,S2_valle_nuevo,Seasonal Naive,50110.56583836609,208.0
2025-07-01,S2_valle_nuevo,Seasonal Naive,50413.4597485248,314.0
2025-08-01,S2_valle_nuevo,Seasonal Naive,72139.24531894638,325.0
2025-09-01,S2_valle_nuevo,Seasonal Naive,47259.45296034146,944.0
2025-10-01,S2_valle_nuevo,Seasonal Naive,51903.318752531406,2185.6999995599967
2025-11-01,S2_valle_nuevo,Seasonal Naive,66260.86478555299,4928.0
2025-12-01,S2_valle_nuevo,Seasonal Naive,89656.1220472439,80.0
2026-01-01,S2_valle_nuevo,Seasonal Naive,52834.37632135325,11834.0
2026-02-01,S2_valle_nuevo,Seasonal Naive,36006.248553054684,8405.0
2026-03-01,S2_valle_nuevo,Seasonal Naive,45614.28181635124,6391.436935480299
2026-04-01,S2_valle_nuevo,Seasonal Naive,48757.224880501926,201.0
2026-05-01,S2_valle_nuevo,Seasonal Naive,44810.39636504233,193.0
2026-06-01,S2_valle_nuevo,Seasonal Naive,44166.617542663545,208.0
2021-04-01,S3_san_cristobal,"ARIMA(1,1,0)",3546.0,1908.2023540451255
2021-05-01,S3_san_cristobal,"ARIMA(1,1,0)",1803.0,2252.7957107740754
2021-06-01,S3_san_cristobal,"ARIMA(1,1,0)",2128.0,2133.3761356692303
2021-07-01,S3_san_cristobal,"ARIMA(1,1,0)",2247.0,2171.8417641242972
2021-08-01,S3_san_cristobal,"ARIMA(1,1,0)",2193.0,2159.1457625170656
2021-09-01,S3_san_cristobal,"ARIMA(1,1,0)",2368.0,2163.30298269026
2021-10-01,S3_san_cristobal,"ARIMA(1,1,0)",2088.0,2161.938161844925
2021-11-01,S3_san_cristobal,"ARIMA(1,1,0)",2200.0,2162.385849984987
2021-12-01,S3_san_cristobal,"ARIMA(1,1,0)",10031.0,2162.2389580922368
2022-01-01,S3_san_cristobal,"ARIMA(1,1,0)",4378.0,2162.2871506462934
2022-02-01,S3_san_cristobal,"ARIMA(1,1,0)",15444.8,2162.2713390679937
2022-03-01,S3_san_cristobal,"ARIMA(1,1,0)",10392.0,2162.2765266644415
2022-04-01,S3_san_cristobal,"ARIMA(1,1,0)",24724.0,2162.2748246683364
2022-05-01,S3_san_cristobal,"ARIMA(1,1,0)",32011.0,2162.275383074849
2022-06-01,S3_san_cristobal,"ARIMA(1,1,0)",39152.0,2162.2751998676467
2022-07-01,S3_san_cristobal,"ARIMA(1,1,0)",26076.0,2162.275259975963
2022-08-01,S3_san_cristobal,"ARIMA(1,1,0)",28883.0,2162.27524025507
2022-09-01,S3_san_cristobal,"ARIMA(1,1,0)",18143.0,2162.275246725284
2022-10-01,S3_san_cristobal,"ARIMA(1,1,0)",23190.0,2162.2752446024765
2022-11-01,S3_san_cristobal,"ARIMA(1,1,0)",20348.0,2162.2752452989466
2022-12-01,S3_san_cristobal,"ARIMA(1,1,0)",40363.0,2162.275245070441
2023-01-01,S3_san_cristobal,"ARIMA(1,1,0)",16512.845495048674,2162.275245145411
2023-02-01,S3_san_cristobal,"ARIMA(1,1,0)",16825.04228744933,2162.275245120814
2023-03-01,S3_san_cristobal,"ARIMA(1,1,0)",17433.87965077692,2162.2752451288834
2023-04-01,S3_san_cristobal,"ARIMA(1,1,0)",24896.635971149684,2162.2752451262354
2023-05-01,S3_san_cristobal,"ARIMA(1,1,0)",19625.442391774846,2162.2752451271035
2023-06-01,S3_san_cristobal,"ARIMA(1,1,0)",18198.77434581548,2162.275245126819
2023-07-01,S3_san_cristobal,"ARIMA(1,1,0)",26756.03471484238,2162.275245126913
2023-08-01,S3_san_cristobal,"ARIMA(1,1,0)",23287.164984709518,2162.2752451268825
2023-09-01,S3_san_cristobal,"ARIMA(1,1,0)",22149.60852816035,2162.275245126892
2023-10-01,S3_san_cristobal,"ARIMA(1,1,0)",16446.929331078532,2162.2752451268884
2023-11-01,S3_san_cristobal,"ARIMA(1,1,0)",25386.749128919862,2162.2752451268902
2023-12-01,S3_san_cristobal,"ARIMA(1,1,0)",41227.94118213955,2162.2752451268902
2024-01-01,S3_san_cristobal,"ARIMA(1,1,0)",21929.572942097624,2162.2752451268902
2024-02-01,S3_san_cristobal,"ARIMA(1,1,0)",23935.136703187232,2162.2752451268902
2024-03-01,S3_san_cristobal,"ARIMA(1,1,0)",26547.697318007675,2162.2752451268902
2024-04-01,S3_san_cristobal,"ARIMA(1,1,0)",24120.85168195716,2162.2752451268902
2024-05-01,S3_san_cristobal,"ARIMA(1,1,0)",21453.968641115003,2162.2752451268902
2024-06-01,S3_san_cristobal,"ARIMA(1,1,0)",22598.54209401709,2162.2752451268902
2024-07-01,S3_san_cristobal,"ARIMA(1,1,0)",25821.17375892941,2162.2752451268902
2024-08-01,S3_san_cristobal,"ARIMA(1,1,0)",29214.50066636721,2162.2752451268902
2024-09-01,S3_san_cristobal,"ARIMA(1,1,0)",26201.06611570247,2162.2752451268902
2024-10-01,S3_san_cristobal,"ARIMA(1,1,0)",28210.81861088767,2162.2752451268902
2024-11-01,S3_san_cristobal,"ARIMA(1,1,0)",32912.428571428514,2162.2752451268902
2024-12-01,S3_san_cristobal,"ARIMA(1,1,0)",49853.39626168227,2162.2752451268902
2025-01-01,S3_san_cristobal,"ARIMA(1,1,0)",28775.001052128177,2162.2752451268902
2025-02-01,S3_san_cristobal,"ARIMA(1,1,0)",27381.833112549317,2162.2752451268902
2025-03-01,S3_san_cristobal,"ARIMA(1,1,0)",29165.50559779905,2162.2752451268902
2025-04-01,S3_san_cristobal,"ARIMA(1,1,0)",32830.57722007722,2162.2752451268902
2025-05-01,S3_san_cristobal,"ARIMA(1,1,0)",30307.12875358966,2162.2752451268902
2025-06-01,S3_san_cristobal,"ARIMA(1,1,0)",28722.0809477379,2162.2752451268902
2025-07-01,S3_san_cristobal,"ARIMA(1,1,0)",26665.326205806752,2162.2752451268902
2025-08-01,S3_san_cristobal,"ARIMA(1,1,0)",31375.40274104548,2162.2752451268902
2025-09-01,S3_san_cristobal,"ARIMA(1,1,0)",27519.32878011761,2162.2752451268902
2025-10-01,S3_san_cristobal,"ARIMA(1,1,0)",28978.16352526444,2162.2752451268902
2025-11-01,S3_san_cristobal,"ARIMA(1,1,0)",33189.546054997205,2162.2752451268902
2025-12-01,S3_san_cristobal,"ARIMA(1,1,0)",43150.49753694568,2162.2752451268902
2026-01-01,S3_san_cristobal,"ARIMA(1,1,0)",29973.10559999991,2162.2752451268902
2026-02-01,S3_san_cristobal,"ARIMA(1,1,0)",24361.72711267602,2162.2752451268902
2026-03-01,S3_san_cristobal,"ARIMA(1,1,0)",30181.746185286192,2162.2752451268902
2026-04-01,S3_san_cristobal,"ARIMA(1,1,0)",27222.169056108007,2162.2752451268902
2026-05-01,S3_san_cristobal,"ARIMA(1,1,0)",29394.954717349312,2162.2752451268902
2026-06-01,S3_san_cristobal,"ARIMA(1,1,0)",29019.29591547294,2162.2752451268902
2021-04-01,S3_san_cristobal,"ARIMA(0,1,1)",3546.0,1949.544201055599
2021-05-01,S3_san_cristobal,"ARIMA(0,1,1)",1803.0,1949.544201055599
2021-06-01,S3_san_cristobal,"ARIMA(0,1,1)",2128.0,1949.544201055599
2021-07-01,S3_san_cristobal,"ARIMA(0,1,1)",2247.0,1949.544201055599
2021-08-01,S3_san_cristobal,"ARIMA(0,1,1)",2193.0,1949.544201055599
2021-09-01,S3_san_cristobal,"ARIMA(0,1,1)",2368.0,1949.544201055599
2021-10-01,S3_san_cristobal,"ARIMA(0,1,1)",2088.0,1949.544201055599
2021-11-01,S3_san_cristobal,"ARIMA(0,1,1)",2200.0,1949.544201055599
2021-12-01,S3_san_cristobal,"ARIMA(0,1,1)",10031.0,1949.544201055599
2022-01-01,S3_san_cristobal,"ARIMA(0,1,1)",4378.0,1949.544201055599
2022-02-01,S3_san_cristobal,"ARIMA(0,1,1)",15444.8,1949.544201055599
2022-03-01,S3_san_cristobal,"ARIMA(0,1,1)",10392.0,1949.544201055599
2022-04-01,S3_san_cristobal,"ARIMA(0,1,1)",24724.0,1949.544201055599
2022-05-01,S3_san_cristobal,"ARIMA(0,1,1)",32011.0,1949.544201055599
2022-06-01,S3_san_cristobal,"ARIMA(0,1,1)",39152.0,1949.544201055599
2022-07-01,S3_san_cristobal,"ARIMA(0,1,1)",26076.0,1949.544201055599
2022-08-01,S3_san_cristobal,"ARIMA(0,1,1)",28883.0,1949.544201055599
2022-09-01,S3_san_cristobal,"ARIMA(0,1,1)",18143.0,1949.544201055599
2022-10-01,S3_san_cristobal,"ARIMA(0,1,1)",23190.0,1949.544201055599
2022-11-01,S3_san_cristobal,"ARIMA(0,1,1)",20348.0,1949.544201055599
2022-12-01,S3_san_cristobal,"ARIMA(0,1,1)",40363.0,1949.544201055599
2023-01-01,S3_san_cristobal,"ARIMA(0,1,1)",16512.845495048674,1949.544201055599
2023-02-01,S3_san_cristobal,"ARIMA(0,1,1)",16825.04228744933,1949.544201055599
2023-03-01,S3_san_cristobal,"ARIMA(0,1,1)",17433.87965077692,1949.544201055599
2023-04-01,S3_san_cristobal,"ARIMA(0,1,1)",24896.635971149684,1949.544201055599
2023-05-01,S3_san_cristobal,"ARIMA(0,1,1)",19625.442391774846,1949.544201055599
2023-06-01,S3_san_cristobal,"ARIMA(0,1,1)",18198.77434581548,1949.544201055599
2023-07-01,S3_san_cristobal,"ARIMA(0,1,1)",26756.03471484238,1949.544201055599
2023-08-01,S3_san_cristobal,"ARIMA(0,1,1)",23287.164984709518,1949.544201055599
2023-09-01,S3_san_cristobal,"ARIMA(0,1,1)",22149.60852816035,1949.544201055599
2023-10-01,S3_san_cristobal,"ARIMA(0,1,1)",16446.929331078532,1949.544201055599
2023-11-01,S3_san_cristobal,"ARIMA(0,1,1)",25386.749128919862,1949.544201055599
2023-12-01,S3_san_cristobal,"ARIMA(0,1,1)",41227.94118213955,1949.544201055599
2024-01-01,S3_san_cristobal,"ARIMA(0,1,1)",21929.572942097624,1949.544201055599
2024-02-01,S3_san_cristobal,"ARIMA(0,1,1)",23935.136703187232,1949.544201055599
2024-03-01,S3_san_cristobal,"ARIMA(0,1,1)",26547.697318007675,1949.544201055599
2024-04-01,S3_san_cristobal,"ARIMA(0,1,1)",24120.85168195716,1949.544201055599
2024-05-01,S3_san_cristobal,"ARIMA(0,1,1)",21453.968641115003,1949.544201055599
2024-06-01,S3_san_cristobal,"ARIMA(0,1,1)",22598.54209401709,1949.544201055599
2024-07-01,S3_san_cristobal,"ARIMA(0,1,1)",25821.17375892941,1949.544201055599
2024-08-01,S3_san_cristobal,"ARIMA(0,1,1)",29214.50066636721,1949.544201055599
2024-09-01,S3_san_cristobal,"ARIMA(0,1,1)",26201.06611570247,1949.544201055599
2024-10-01,S3_san_cristobal,"ARIMA(0,1,1)",28210.81861088767,1949.544201055599
2024-11-01,S3_san_cristobal,"ARIMA(0,1,1)",32912.428571428514,1949.544201055599
2024-12-01,S3_san_cristobal,"ARIMA(0,1,1)",49853.39626168227,1949.544201055599
2025-01-01,S3_san_cristobal,"ARIMA(0,1,1)",28775.001052128177,1949.544201055599
2025-02-01,S3_san_cristobal,"ARIMA(0,1,1)",27381.833112549317,1949.544201055599
2025-03-01,S3_san_cristobal,"ARIMA(0,1,1)",29165.50559779905,1949.544201055599
2025-04-01,S3_san_cristobal,"ARIMA(0,1,1)",32830.57722007722,1949.544201055599
2025-05-01,S3_san_cristobal,"ARIMA(0,1,1)",30307.12875358966,1949.544201055599
2025-06-01,S3_san_cristobal,"ARIMA(0,1,1)",28722.0809477379,1949.544201055599
2025-07-01,S3_san_cristobal,"ARIMA(0,1,1)",26665.326205806752,1949.544201055599
2025-08-01,S3_san_cristobal,"ARIMA(0,1,1)",31375.40274104548,1949.544201055599
2025-09-01,S3_san_cristobal,"ARIMA(0,1,1)",27519.32878011761,1949.544201055599
2025-10-01,S3_san_cristobal,"ARIMA(0,1,1)",28978.16352526444,1949.544201055599
2025-11-01,S3_san_cristobal,"ARIMA(0,1,1)",33189.546054997205,1949.544201055599
2025-12-01,S3_san_cristobal,"ARIMA(0,1,1)",43150.49753694568,1949.544201055599
2026-01-01,S3_san_cristobal,"ARIMA(0,1,1)",29973.10559999991,1949.544201055599
2026-02-01,S3_san_cristobal,"ARIMA(0,1,1)",24361.72711267602,1949.544201055599
2026-03-01,S3_san_cristobal,"ARIMA(0,1,1)",30181.746185286192,1949.544201055599
2026-04-01,S3_san_cristobal,"ARIMA(0,1,1)",27222.169056108007,1949.544201055599
2026-05-01,S3_san_cristobal,"ARIMA(0,1,1)",29394.954717349312,1949.544201055599
2026-06-01,S3_san_cristobal,"ARIMA(0,1,1)",29019.29591547294,1949.544201055599
2021-04-01,S3_san_cristobal,"ARIMA(1,1,1)",3546.0,1511.6097946539649
2021-05-01,S3_san_cristobal,"ARIMA(1,1,1)",1803.0,2350.636462473388
2021-06-01,S3_san_cristobal,"ARIMA(1,1,1)",2128.0,1805.613201540117
2021-07-01,S3_san_cristobal,"ARIMA(1,1,1)",2247.0,2113.831550479278
2021-08-01,S3_san_cristobal,"ARIMA(1,1,1)",2193.0,1923.8744247940435
2021-09-01,S3_san_cristobal,"ARIMA(1,1,1)",2368.0,2035.209457364668
2021-10-01,S3_san_cristobal,"ARIMA(1,1,1)",2088.0,1967.9392844813249
2021-11-01,S3_san_cristobal,"ARIMA(1,1,1)",2200.0,2007.8584478477974
2021-12-01,S3_san_cristobal,"ARIMA(1,1,1)",10031.0,1983.9119432831171
2022-01-01,S3_san_cristobal,"ARIMA(1,1,1)",4378.0,1998.1844988772796
2022-02-01,S3_san_cristobal,"ARIMA(1,1,1)",15444.8,1989.6448939730608
2022-03-01,S3_san_cristobal,"ARIMA(1,1,1)",10392.0,1994.742581884427
2022-04-01,S3_san_cristobal,"ARIMA(1,1,1)",24724.0,1991.6953403583007
2022-05-01,S3_san_cristobal,"ARIMA(1,1,1)",32011.0,1993.5153901133783
2022-06-01,S3_san_cristobal,"ARIMA(1,1,1)",39152.0,1992.4277802585925
2022-07-01,S3_san_cristobal,"ARIMA(1,1,1)",26076.0,1993.077514076039
2022-08-01,S3_san_cristobal,"ARIMA(1,1,1)",28883.0,1992.6892975554142
2022-09-01,S3_san_cristobal,"ARIMA(1,1,1)",18143.0,1992.9212329490242
2022-10-01,S3_san_cristobal,"ARIMA(1,1,1)",23190.0,1992.7826571972303
2022-11-01,S3_san_cristobal,"ARIMA(1,1,1)",20348.0,1992.8654497374673
2022-12-01,S3_san_cristobal,"ARIMA(1,1,1)",40363.0,1992.8159839551552
2023-01-01,S3_san_cristobal,"ARIMA(1,1,1)",16512.845495048674,1992.845537716022
2023-02-01,S3_san_cristobal,"ARIMA(1,1,1)",16825.04228744933,1992.827880424232
2023-03-01,S3_san_cristobal,"ARIMA(1,1,1)",17433.87965077692,1992.838429960318
2023-04-01,S3_san_cristobal,"ARIMA(1,1,1)",24896.635971149684,1992.8321270102392
2023-05-01,S3_san_cristobal,"ARIMA(1,1,1)",19625.442391774846,1992.8358927788727
2023-06-01,S3_san_cristobal,"ARIMA(1,1,1)",18198.77434581548,1992.8336428756304
2023-07-01,S3_san_cristobal,"ARIMA(1,1,1)",26756.03471484238,1992.8349871062546
2023-08-01,S3_san_cristobal,"ARIMA(1,1,1)",23287.164984709518,1992.8341839798832
2023-09-01,S3_san_cristobal,"ARIMA(1,1,1)",22149.60852816035,1992.834663817061
2023-10-01,S3_san_cristobal,"ARIMA(1,1,1)",16446.929331078532,1992.8343771327288
2023-11-01,S3_san_cristobal,"ARIMA(1,1,1)",25386.749128919862,1992.8345484156207
2023-12-01,S3_san_cristobal,"ARIMA(1,1,1)",41227.94118213955,1992.8344460806582
2024-01-01,S3_san_cristobal,"ARIMA(1,1,1)",21929.572942097624,1992.8345072218744
2024-02-01,S3_san_cristobal,"ARIMA(1,1,1)",23935.136703187232,1992.834470692341
2024-03-01,S3_san_cristobal,"ARIMA(1,1,1)",26547.697318007675,1992.8344925173371
2024-04-01,S3_san_cristobal,"ARIMA(1,1,1)",24120.85168195716,1992.8344794777397
2024-05-01,S3_san_cristobal,"ARIMA(1,1,1)",21453.968641115003,1992.8344872683992
2024-06-01,S3_san_cristobal,"ARIMA(1,1,1)",22598.54209401709,1992.834482613779
2024-07-01,S3_san_cristobal,"ARIMA(1,1,1)",25821.17375892941,1992.8344853947365
2024-08-01,S3_san_cristobal,"ARIMA(1,1,1)",29214.50066636721,1992.8344837332215
2024-09-01,S3_san_cristobal,"ARIMA(1,1,1)",26201.06611570247,1992.834484725913
2024-10-01,S3_san_cristobal,"ARIMA(1,1,1)",28210.81861088767,1992.8344841328185
2024-11-01,S3_san_cristobal,"ARIMA(1,1,1)",32912.428571428514,1992.834484487171
2024-12-01,S3_san_cristobal,"ARIMA(1,1,1)",49853.39626168227,1992.8344842754586
2025-01-01,S3_san_cristobal,"ARIMA(1,1,1)",28775.001052128177,1992.8344844019477
2025-02-01,S3_san_cristobal,"ARIMA(1,1,1)",27381.833112549317,1992.8344843263742
2025-03-01,S3_san_cristobal,"ARIMA(1,1,1)",29165.50559779905,1992.8344843715267
2025-04-01,S3_san_cristobal,"ARIMA(1,1,1)",32830.57722007722,1992.8344843445504
2025-05-01,S3_san_cristobal,"ARIMA(1,1,1)",30307.12875358966,1992.8344843606678
2025-06-01,S3_san_cristobal,"ARIMA(1,1,1)",28722.0809477379,1992.8344843510392
2025-07-01,S3_san_cristobal,"ARIMA(1,1,1)",26665.326205806752,1992.8344843567916
2025-08-01,S3_san_cristobal,"ARIMA(1,1,1)",31375.40274104548,1992.8344843533544
2025-09-01,S3_san_cristobal,"ARIMA(1,1,1)",27519.32878011761,1992.8344843554075
2025-10-01,S3_san_cristobal,"ARIMA(1,1,1)",28978.16352526444,1992.8344843541809
2025-11-01,S3_san_cristobal,"ARIMA(1,1,1)",33189.546054997205,1992.8344843549137
2025-12-01,S3_san_cristobal,"ARIMA(1,1,1)",43150.49753694568,1992.8344843544764
2026-01-01,S3_san_cristobal,"ARIMA(1,1,1)",29973.10559999991,1992.8344843547384
2026-02-01,S3_san_cristobal,"ARIMA(1,1,1)",24361.72711267602,1992.8344843545826
2026-03-01,S3_san_cristobal,"ARIMA(1,1,1)",30181.746185286192,1992.8344843546765
2026-04-01,S3_san_cristobal,"ARIMA(1,1,1)",27222.169056108007,1992.83448435462
2026-05-01,S3_san_cristobal,"ARIMA(1,1,1)",29394.954717349312,1992.8344843546536
2026-06-01,S3_san_cristobal,"ARIMA(1,1,1)",29019.29591547294,1992.834484354634
2021-04-01,S3_san_cristobal,"SARIMA(1,1,1)(0,1,1,12)",3546.0,316.3768711717596
2021-05-01,S3_san_cristobal,"SARIMA(1,1,1)(0,1,1,12)",1803.0,692.1116437976198
2021-06-01,S3_san_cristobal,"SARIMA(1,1,1)(0,1,1,12)",2128.0,429.90768342359365
2021-07-01,S3_san_cristobal,"SARIMA(1,1,1)(0,1,1,12)",2247.0,695.9362313156478
2021-08-01,S3_san_cristobal,"SARIMA(1,1,1)(0,1,1,12)",2193.0,527.6893052604024
2021-09-01,S3_san_cristobal,"SARIMA(1,1,1)(0,1,1,12)",2368.0,337.1309577738159
2021-10-01,S3_san_cristobal,"SARIMA(1,1,1)(0,1,1,12)",2088.0,128.61572714502938
2021-11-01,S3_san_cristobal,"SARIMA(1,1,1)(0,1,1,12)",2200.0,110.42292769525639
2021-12-01,S3_san_cristobal,"SARIMA(1,1,1)(0,1,1,12)",10031.0,30.587016248513645
2022-01-01,S3_san_cristobal,"SARIMA(1,1,1)(0,1,1,12)",4378.0,670.416071987342
2022-02-01,S3_san_cristobal,"SARIMA(1,1,1)(0,1,1,12)",15444.8,260.7647200154165
2022-03-01,S3_san_cristobal,"SARIMA(1,1,1)(0,1,1,12)",10392.0,561.682844006042
2022-04-01,S3_san_cristobal,"SARIMA(1,1,1)(0,1,1,12)",24724.0,88.29873522531851
2022-05-01,S3_san_cristobal,"SARIMA(1,1,1)(0,1,1,12)",32011.0,137.26796769858336
2022-06-01,S3_san_cristobal,"SARIMA(1,1,1)(0,1,1,12)",39152.0,110.33202836727928
2022-07-01,S3_san_cristobal,"SARIMA(1,1,1)(0,1,1,12)",26076.0,147.04270439349764
2022-08-01,S3_san_cristobal,"SARIMA(1,1,1)(0,1,1,12)",28883.0,129.11319103628298
2022-09-01,S3_san_cristobal,"SARIMA(1,1,1)(0,1,1,12)",18143.0,73.84418080553706
2022-10-01,S3_san_cristobal,"SARIMA(1,1,1)(0,1,1,12)",23190.0,30.62552104681799
2022-11-01,S3_san_cristobal,"SARIMA(1,1,1)(0,1,1,12)",20348.0,24.687781000575555
2022-12-01,S3_san_cristobal,"SARIMA(1,1,1)(0,1,1,12)",40363.0,7.171461807422483
2023-01-01,S3_san_cristobal,"SARIMA(1,1,1)(0,1,1,12)",16512.845495048674,151.64793263585582
2023-02-01,S3_san_cristobal,"SARIMA(1,1,1)(0,1,1,12)",16825.04228744933,60.603080486734875
2023-03-01,S3_san_cristobal,"SARIMA(1,1,1)(0,1,1,12)",17433.87965077692,127.89952544280905
2023-04-01,S3_san_cristobal,"SARIMA(1,1,1)(0,1,1,12)",24896.635971149684,20.418466687023653
2023-05-01,S3_san_cristobal,"SARIMA(1,1,1)(0,1,1,12)",19625.442391774846,31.375428582286368
2023-06-01,S3_san_cristobal,"SARIMA(1,1,1)(0,1,1,12)",18198.77434581548,25.440805421920857
2023-07-01,S3_san_cristobal,"SARIMA(1,1,1)(0,1,1,12)",26756.03471484238,33.682091302457174
2023-08-01,S3_san_cristobal,"SARIMA(1,1,1)(0,1,1,12)",23287.164984709518,29.723116524017968
2023-09-01,S3_san_cristobal,"SARIMA(1,1,1)(0,1,1,12)",22149.60852816035,16.93573907810892
2023-10-01,S3_san_cristobal,"SARIMA(1,1,1)(0,1,1,12)",16446.929331078532,7.0437769344821275
2023-11-01,S3_san_cristobal,"SARIMA(1,1,1)(0,1,1,12)",25386.749128919862,5.66595279333153
2023-12-01,S3_san_cristobal,"SARIMA(1,1,1)(0,1,1,12)",41227.94118213955,1.6485463943801366
2024-01-01,S3_san_cristobal,"SARIMA(1,1,1)(0,1,1,12)",21929.572942097624,34.817684339952145
2024-02-01,S3_san_cristobal,"SARIMA(1,1,1)(0,1,1,12)",23935.136703187232,13.927014877558708
2024-03-01,S3_san_cristobal,"SARIMA(1,1,1)(0,1,1,12)",26547.697318007675,29.37179680684857
2024-04-01,S3_san_cristobal,"SARIMA(1,1,1)(0,1,1,12)",24120.85168195716,4.6915071246851054
2024-05-01,S3_san_cristobal,"SARIMA(1,1,1)(0,1,1,12)",21453.968641115003,7.20621383716164
2024-06-01,S3_san_cristobal,"SARIMA(1,1,1)(0,1,1,12)",22598.54209401709,5.844911471509237
2024-07-01,S3_san_cristobal,"SARIMA(1,1,1)(0,1,1,12)",25821.17375892941,7.7365679836198735
2024-08-01,S3_san_cristobal,"SARIMA(1,1,1)(0,1,1,12)",29214.50066636721,6.82837585766432
2024-09-01,S3_san_cristobal,"SARIMA(1,1,1)(0,1,1,12)",26201.06611570247,3.8901967307593024
2024-10-01,S3_san_cristobal,"SARIMA(1,1,1)(0,1,1,12)",28210.81861088767,1.6181359329668286
2024-11-01,S3_san_cristobal,"SARIMA(1,1,1)(0,1,1,12)",32912.428571428514,1.3015194816934372
2024-12-01,S3_san_cristobal,"SARIMA(1,1,1)(0,1,1,12)",49853.39626168227,0.3787065376029047
2025-01-01,S3_san_cristobal,"SARIMA(1,1,1)(0,1,1,12)",28775.001052128177,7.9980382080092305
2025-02-01,S3_san_cristobal,"SARIMA(1,1,1)(0,1,1,12)",27381.833112549317,3.1993020157076306
2025-03-01,S3_san_cristobal,"SARIMA(1,1,1)(0,1,1,12)",29165.50559779905,6.747104664831075
2025-04-01,S3_san_cristobal,"SARIMA(1,1,1)(0,1,1,12)",32830.57722007722,1.077722771760792
2025-05-01,S3_san_cristobal,"SARIMA(1,1,1)(0,1,1,12)",30307.12875358966,1.6553734268822604
2025-06-01,S3_san_cristobal,"SARIMA(1,1,1)(0,1,1,12)",28722.0809477379,1.3426758630025157
2025-07-01,S3_san_cristobal,"SARIMA(1,1,1)(0,1,1,12)",26665.326205806752,1.7772080142290896
2025-08-01,S3_san_cristobal,"SARIMA(1,1,1)(0,1,1,12)",31375.40274104548,1.5685914571946658
2025-09-01,S3_san_cristobal,"SARIMA(1,1,1)(0,1,1,12)",27519.32878011761,0.8936389666843174
2025-10-01,S3_san_cristobal,"SARIMA(1,1,1)(0,1,1,12)",28978.16352526444,0.371712327524286
2025-11-01,S3_san_cristobal,"SARIMA(1,1,1)(0,1,1,12)",33189.546054997205,0.29897960048278044
2025-12-01,S3_san_cristobal,"SARIMA(1,1,1)(0,1,1,12)",43150.49753694568,0.08699504155996216
2026-01-01,S3_san_cristobal,"SARIMA(1,1,1)(0,1,1,12)",29973.10559999991,1.8372766611639895
2026-02-01,S3_san_cristobal,"SARIMA(1,1,1)(0,1,1,12)",24361.72711267602,0.7349313719537559
2026-03-01,S3_san_cristobal,"SARIMA(1,1,1)(0,1,1,12)",30181.746185286192,1.5499177240627302
2026-04-01,S3_san_cristobal,"SARIMA(1,1,1)(0,1,1,12)",27222.169056108007,0.24757028717653554
2026-05-01,S3_san_cristobal,"SARIMA(1,1,1)(0,1,1,12)",29394.954717349312,0.3802657768136654
2026-06-01,S3_san_cristobal,"SARIMA(1,1,1)(0,1,1,12)",29019.29591547294,0.30843424702894584
2021-04-01,S3_san_cristobal,"auto_arima(2, 0, 1)x(1, 0, 0, 12)",3546.0,391.97955499130836
2021-05-01,S3_san_cristobal,"auto_arima(2, 0, 1)x(1, 0, 0, 12)",1803.0,824.1636131906196
2021-06-01,S3_san_cristobal,"auto_arima(2, 0, 1)x(1, 0, 0, 12)",2128.0,551.8220453827963
2021-07-01,S3_san_cristobal,"auto_arima(2, 0, 1)x(1, 0, 0, 12)",2247.0,754.9910193804084
2021-08-01,S3_san_cristobal,"auto_arima(2, 0, 1)x(1, 0, 0, 12)",2193.0,602.6781146576059
2021-09-01,S3_san_cristobal,"auto_arima(2, 0, 1)x(1, 0, 0, 12)",2368.0,408.22543426124145
2021-10-01,S3_san_cristobal,"auto_arima(2, 0, 1)x(1, 0, 0, 12)",2088.0,197.15711528268207
2021-11-01,S3_san_cristobal,"auto_arima(2, 0, 1)x(1, 0, 0, 12)",2200.0,151.7218103283625
2021-12-01,S3_san_cristobal,"auto_arima(2, 0, 1)x(1, 0, 0, 12)",10031.0,43.781264802117946
2022-01-01,S3_san_cristobal,"auto_arima(2, 0, 1)x(1, 0, 0, 12)",4378.0,592.9477993002015
2022-02-01,S3_san_cristobal,"auto_arima(2, 0, 1)x(1, 0, 0, 12)",15444.8,289.98784542038777
2022-03-01,S3_san_cristobal,"auto_arima(2, 0, 1)x(1, 0, 0, 12)",10392.0,618.910810634401
2022-04-01,S3_san_cristobal,"auto_arima(2, 0, 1)x(1, 0, 0, 12)",24724.0,213.82637360097874
2022-05-01,S3_san_cristobal,"auto_arima(2, 0, 1)x(1, 0, 0, 12)",32011.0,305.01741146648624
2022-06-01,S3_san_cristobal,"auto_arima(2, 0, 1)x(1, 0, 0, 12)",39152.0,244.30972033009687
2022-07-01,S3_san_cristobal,"auto_arima(2, 0, 1)x(1, 0, 0, 12)",26076.0,280.8264977198486
2022-08-01,S3_san_cristobal,"auto_arima(2, 0, 1)x(1, 0, 0, 12)",28883.0,246.0442673909476
2022-09-01,S3_san_cristobal,"auto_arima(2, 0, 1)x(1, 0, 0, 12)",18143.0,199.43402025388608
2022-10-01,S3_san_cristobal,"auto_arima(2, 0, 1)x(1, 0, 0, 12)",23190.0,136.44091547181378
2022-11-01,S3_san_cristobal,"auto_arima(2, 0, 1)x(1, 0, 0, 12)",20348.0,117.75346182737086
2022-12-01,S3_san_cristobal,"auto_arima(2, 0, 1)x(1, 0, 0, 12)",40363.0,62.47960703928896
2023-01-01,S3_san_cristobal,"auto_arima(2, 0, 1)x(1, 0, 0, 12)",16512.845495048674,222.9935879252271
2023-02-01,S3_san_cristobal,"auto_arima(2, 0, 1)x(1, 0, 0, 12)",16825.04228744933,153.70946667687807
2023-03-01,S3_san_cristobal,"auto_arima(2, 0, 1)x(1, 0, 0, 12)",17433.87965077692,219.81959843676563
2023-04-01,S3_san_cristobal,"auto_arima(2, 0, 1)x(1, 0, 0, 12)",24896.635971149684,127.62281762967524
2023-05-01,S3_san_cristobal,"auto_arima(2, 0, 1)x(1, 0, 0, 12)",19625.442391774846,149.54213528782208
2023-06-01,S3_san_cristobal,"auto_arima(2, 0, 1)x(1, 0, 0, 12)",18198.77434581548,131.6860678757418
2023-07-01,S3_san_cristobal,"auto_arima(2, 0, 1)x(1, 0, 0, 12)",26756.03471484238,138.696105915338
2023-08-01,S3_san_cristobal,"auto_arima(2, 0, 1)x(1, 0, 0, 12)",23287.164984709518,127.71853500968578
2023-09-01,S3_san_cristobal,"auto_arima(2, 0, 1)x(1, 0, 0, 12)",22149.60852816035,113.18504868687151
2023-10-01,S3_san_cristobal,"auto_arima(2, 0, 1)x(1, 0, 0, 12)",16446.929331078532,92.24004677414264
2023-11-01,S3_san_cristobal,"auto_arima(2, 0, 1)x(1, 0, 0, 12)",25386.749128919862,84.34381383926686
2023-12-01,S3_san_cristobal,"auto_arima(2, 0, 1)x(1, 0, 0, 12)",41227.94118213955,60.626080590152355
2024-01-01,S3_san_cristobal,"auto_arima(2, 0, 1)x(1, 0, 0, 12)",21929.572942097624,111.9692592848102
2024-02-01,S3_san_cristobal,"auto_arima(2, 0, 1)x(1, 0, 0, 12)",23935.136703187232,91.63784888814598
2024-03-01,S3_san_cristobal,"auto_arima(2, 0, 1)x(1, 0, 0, 12)",26547.697318007675,107.64870736662566
2024-04-01,S3_san_cristobal,"auto_arima(2, 0, 1)x(1, 0, 0, 12)",24120.85168195716,80.9458099020536
2024-05-01,S3_san_cristobal,"auto_arima(2, 0, 1)x(1, 0, 0, 12)",21453.968641115003,86.1794575316716
2024-06-01,S3_san_cristobal,"auto_arima(2, 0, 1)x(1, 0, 0, 12)",22598.54209401709,79.66275521956567
2024-07-01,S3_san_cristobal,"auto_arima(2, 0, 1)x(1, 0, 0, 12)",25821.17375892941,80.47263099894623
2024-08-01,S3_san_cristobal,"auto_arima(2, 0, 1)x(1, 0, 0, 12)",29214.50066636721,76.07071850765533
2024-09-01,S3_san_cristobal,"auto_arima(2, 0, 1)x(1, 0, 0, 12)",26201.06611570247,70.56604462247219
2024-10-01,S3_san_cristobal,"auto_arima(2, 0, 1)x(1, 0, 0, 12)",28210.81861088767,62.8066446709343
2024-11-01,S3_san_cristobal,"auto_arima(2, 0, 1)x(1, 0, 0, 12)",32912.428571428514,59.186203800554324
2024-12-01,S3_san_cristobal,"auto_arima(2, 0, 1)x(1, 0, 0, 12)",49853.39626168227,49.51581230281189
2025-01-01,S3_san_cristobal,"auto_arima(2, 0, 1)x(1, 0, 0, 12)",28775.001052128177,66.09902203465147
2025-02-01,S3_san_cristobal,"auto_arima(2, 0, 1)x(1, 0, 0, 12)",27381.833112549317,58.98279245521386
2025-03-01,S3_san_cristobal,"auto_arima(2, 0, 1)x(1, 0, 0, 12)",29165.50559779905,62.95117432532324
2025-04-01,S3_san_cristobal,"auto_arima(2, 0, 1)x(1, 0, 0, 12)",32830.57722007722,53.87943118019882
2025-05-01,S3_san_cristobal,"auto_arima(2, 0, 1)x(1, 0, 0, 12)",30307.12875358966,54.78379362820056
2025-06-01,S3_san_cristobal,"auto_arima(2, 0, 1)x(1, 0, 0, 12)",28722.0809477379,51.94661460636013
2025-07-01,S3_san_cristobal,"auto_arima(2, 0, 1)x(1, 0, 0, 12)",26665.326205806752,51.474279148513375
2025-08-01,S3_san_cristobal,"auto_arima(2, 0, 1)x(1, 0, 0, 12)",31375.40274104548,49.36324719902541
2025-09-01,S3_san_cristobal,"auto_arima(2, 0, 1)x(1, 0, 0, 12)",27519.32878011761,46.904092574288626
2025-10-01,S3_san_cristobal,"auto_arima(2, 0, 1)x(1, 0, 0, 12)",28978.16352526444,43.66876694696179
2025-11-01,S3_san_cristobal,"auto_arima(2, 0, 1)x(1, 0, 0, 12)",33189.546054997205,41.82709701053996
2025-12-01,S3_san_cristobal,"auto_arima(2, 0, 1)x(1, 0, 0, 12)",43150.49753694568,37.7748987144945
2026-01-01,S3_san_cristobal,"auto_arima(2, 0, 1)x(1, 0, 0, 12)",29973.10559999991,42.998101269905845
2026-02-01,S3_san_cristobal,"auto_arima(2, 0, 1)x(1, 0, 0, 12)",24361.72711267602,40.10071432667731
2026-03-01,S3_san_cristobal,"auto_arima(2, 0, 1)x(1, 0, 0, 12)",30181.746185286192,40.86843836527714
2026-04-01,S3_san_cristobal,"auto_arima(2, 0, 1)x(1, 0, 0, 12)",27222.169056108007,37.34369118412458
2026-05-01,S3_san_cristobal,"auto_arima(2, 0, 1)x(1, 0, 0, 12)",29394.954717349312,37.16415892940775
2026-06-01,S3_san_cristobal,"auto_arima(2, 0, 1)x(1, 0, 0, 12)",29019.29591547294,35.732659767405686
2021-04-01,S3_san_cristobal,Prophet,3546.0,27000.989914264104
2021-05-01,S3_san_cristobal,Prophet,1803.0,20664.55822476549
2021-06-01,S3_san_cristobal,Prophet,2128.0,21044.225265852336
2021-07-01,S3_san_cristobal,Prophet,2247.0,20932.89817540108
2021-08-01,S3_san_cristobal,Prophet,2193.0,23613.145652129686
2021-09-01,S3_san_cristobal,Prophet,2368.0,18700.164751915087
2021-10-01,S3_san_cristobal,Prophet,2088.0,24010.62732997049
2021-11-01,S3_san_cristobal,Prophet,2200.0,27479.38973530097
2021-12-01,S3_san_cristobal,Prophet,10031.0,32174.76024508183
2022-01-01,S3_san_cristobal,Prophet,4378.0,28648.359221807405
2022-02-01,S3_san_cristobal,Prophet,15444.8,24464.831770328256
2022-03-01,S3_san_cristobal,Prophet,10392.0,28632.92201068259
2022-04-01,S3_san_cristobal,Prophet,24724.0,27656.64518418542
2022-05-01,S3_san_cristobal,Prophet,32011.0,21277.667360450963
2022-06-01,S3_san_cristobal,Prophet,39152.0,21788.593863919203
2022-07-01,S3_san_cristobal,Prophet,26076.0,21602.390760645056
2022-08-01,S3_san_cristobal,Prophet,28883.0,24280.879983660932
2022-09-01,S3_san_cristobal,Prophet,18143.0,19436.32448339155
2022-10-01,S3_san_cristobal,Prophet,23190.0,24588.216201308947
2022-11-01,S3_san_cristobal,Prophet,20348.0,28008.461683010843
2022-12-01,S3_san_cristobal,Prophet,40363.0,32844.0807993472
2023-01-01,S3_san_cristobal,Prophet,16512.845495048674,29408.686355157693
2023-02-01,S3_san_cristobal,Prophet,16825.04228744933,25197.98694990587
2023-03-01,S3_san_cristobal,Prophet,17433.87965077692,29240.019639914677
2023-04-01,S3_san_cristobal,Prophet,24896.635971149684,28310.896773423796
2023-05-01,S3_san_cristobal,Prophet,19625.442391774846,21893.927642766947
2023-06-01,S3_san_cristobal,Prophet,18198.77434581548,22534.5134847742
2023-07-01,S3_san_cristobal,Prophet,26756.03471484238,22271.73503798167
2023-08-01,S3_san_cristobal,Prophet,23287.164984709518,24947.48245504362
2023-09-01,S3_san_cristobal,Prophet,22149.60852816035,20172.66329237877
2023-10-01,S3_san_cristobal,Prophet,16446.929331078532,25163.051810929406
2023-11-01,S3_san_cristobal,Prophet,25386.749128919862,28538.812589693152
2023-12-01,S3_san_cristobal,Prophet,41227.94118213955,33515.16279172888
2024-01-01,S3_san_cristobal,Prophet,21929.572942097624,30170.251528725898
2024-02-01,S3_san_cristobal,Prophet,23935.136703187232,25931.19081591446
2024-03-01,S3_san_cristobal,Prophet,26547.697318007675,30070.39435938178
2024-04-01,S3_san_cristobal,Prophet,24120.85168195716,29004.076552220515
2024-05-01,S3_san_cristobal,Prophet,21453.968641115003,22714.75155327908
2024-06-01,S3_san_cristobal,Prophet,22598.54209401709,22961.724935948787
2024-07-01,S3_san_cristobal,Prophet,25821.17375892941,22923.54394853745
2024-08-01,S3_san_cristobal,Prophet,29214.50066636721,25604.53527941487
2024-09-01,S3_san_cristobal,Prophet,26201.06611570247,20624.48942510567
2024-10-01,S3_san_cristobal,Prophet,28210.81861088767,26090.45386038995
2024-11-01,S3_san_cristobal,Prophet,32912.428571428514,29611.704074724483
2024-12-01,S3_san_cristobal,Prophet,49853.39626168227,34167.445188419646
2025-01-01,S3_san_cristobal,Prophet,28775.001052128177,30549.595608630207
2025-02-01,S3_san_cristobal,Prophet,27381.833112549317,26392.069578343588
2025-03-01,S3_san_cristobal,Prophet,29165.50559779905,30683.218704946827
2025-04-01,S3_san_cristobal,Prophet,32830.57722007722,29661.2280759544
2025-05-01,S3_san_cristobal,Prophet,30307.12875358966,23324.796386456903
2025-06-01,S3_san_cristobal,Prophet,28722.0809477379,23704.46342754214
2025-07-01,S3_san_cristobal,Prophet,26665.326205806752,23593.13633709182
2025-08-01,S3_san_cristobal,Prophet,31375.40274104548,26273.38381382022
2025-09-01,S3_san_cristobal,Prophet,27519.32878011761,21360.402913605474
2025-10-01,S3_san_cristobal,Prophet,28978.16352526444,26670.86549166095
2025-11-01,S3_san_cristobal,Prophet,33189.546054997205,30139.627896992642
2025-12-01,S3_san_cristobal,Prophet,43150.49753694568,34834.99840677289
2026-01-01,S3_san_cristobal,Prophet,29973.10559999991,31308.597383496715
2026-02-01,S3_san_cristobal,Prophet,24361.72711267602,27125.069932019003
2026-03-01,S3_san_cristobal,Prophet,30181.746185286192,31293.16017237321
2026-04-01,S3_san_cristobal,Prophet,27222.169056108007,30316.88334587571
2026-05-01,S3_san_cristobal,Prophet,29394.954717349312,23937.905522140554
2026-06-01,S3_san_cristobal,Prophet,29019.29591547294,24448.832025610183
2021-04-01,S3_san_cristobal,Holt-Winters,3546.0,730.5853815108469
2021-05-01,S3_san_cristobal,Holt-Winters,1803.0,0.0
2021-06-01,S3_san_cristobal,Holt-Winters,2128.0,0.0
2021-07-01,S3_san_cristobal,Holt-Winters,2247.0,0.0
2021-08-01,S3_san_cristobal,Holt-Winters,2193.0,0.0
2021-09-01,S3_san_cristobal,Holt-Winters,2368.0,0.0
2021-10-01,S3_san_cristobal,Holt-Winters,2088.0,0.0
2021-11-01,S3_san_cristobal,Holt-Winters,2200.0,3179.0085641905434
2021-12-01,S3_san_cristobal,Holt-Winters,10031.0,7161.89392820568
2022-01-01,S3_san_cristobal,Holt-Winters,4378.0,3197.3888001211253
2022-02-01,S3_san_cristobal,Holt-Winters,15444.8,0.0
2022-03-01,S3_san_cristobal,Holt-Winters,10392.0,2629.3050978660813
2022-04-01,S3_san_cristobal,Holt-Winters,24724.0,24.05010574072685
2022-05-01,S3_san_cristobal,Holt-Winters,32011.0,0.0
2022-06-01,S3_san_cristobal,Holt-Winters,39152.0,0.0
2022-07-01,S3_san_cristobal,Holt-Winters,26076.0,0.0
2022-08-01,S3_san_cristobal,Holt-Winters,28883.0,0.0
2022-09-01,S3_san_cristobal,Holt-Winters,18143.0,0.0
2022-10-01,S3_san_cristobal,Holt-Winters,23190.0,0.0
2022-11-01,S3_san_cristobal,Holt-Winters,20348.0,2496.83416773526
2022-12-01,S3_san_cristobal,Holt-Winters,40363.0,6483.130403732674
2023-01-01,S3_san_cristobal,Holt-Winters,16512.845495048674,2522.0190932704827
2023-02-01,S3_san_cristobal,Holt-Winters,16825.04228744933,0.0
2023-03-01,S3_san_cristobal,Holt-Winters,17433.87965077692,1960.6722038412743
2023-04-01,S3_san_cristobal,Holt-Winters,24896.635971149684,0.0
2023-05-01,S3_san_cristobal,Holt-Winters,19625.442391774846,0.0
2023-06-01,S3_san_cristobal,Holt-Winters,18198.77434581548,0.0
2023-07-01,S3_san_cristobal,Holt-Winters,26756.03471484238,0.0
2023-08-01,S3_san_cristobal,Holt-Winters,23287.164984709518,0.0
2023-09-01,S3_san_cristobal,Holt-Winters,22149.60852816035,0.0
2023-10-01,S3_san_cristobal,Holt-Winters,16446.929331078532,0.0
2023-11-01,S3_san_cristobal,Holt-Winters,25386.749128919862,1854.4831977399149
2023-12-01,S3_san_cristobal,Holt-Winters,41227.94118213955,5843.991188587304
2024-01-01,S3_san_cristobal,Holt-Winters,21929.572942097624,1886.0755742008414
2024-02-01,S3_san_cristobal,Holt-Winters,23935.136703187232,0.0
2024-03-01,S3_san_cristobal,Holt-Winters,26547.697318007675,1331.0722213743525
2024-04-01,S3_san_cristobal,Holt-Winters,24120.85168195716,0.0
2024-05-01,S3_san_cristobal,Holt-Winters,21453.968641115003,0.0
2024-06-01,S3_san_cristobal,Holt-Winters,22598.54209401709,0.0
2024-07-01,S3_san_cristobal,Holt-Winters,25821.17375892941,0.0
2024-08-01,S3_san_cristobal,Holt-Winters,29214.50066636721,0.0
2024-09-01,S3_san_cristobal,Holt-Winters,26201.06611570247,0.0
2024-10-01,S3_san_cristobal,Holt-Winters,28210.81861088767,0.0
2024-11-01,S3_san_cristobal,Holt-Winters,32912.428571428514,1249.630874348727
2024-12-01,S3_san_cristobal,Holt-Winters,49853.39626168227,5242.163126813073
2025-01-01,S3_san_cristobal,Holt-Winters,28775.001052128177,1287.256652735481
2025-02-01,S3_san_cristobal,Holt-Winters,27381.833112549317,0.0
2025-03-01,S3_san_cristobal,Holt-Winters,29165.50559779905,738.2265186506093
2025-04-01,S3_san_cristobal,Holt-Winters,32830.57722007722,0.0
2025-05-01,S3_san_cristobal,Holt-Winters,30307.12875358966,0.0
2025-06-01,S3_san_cristobal,Holt-Winters,28722.0809477379,0.0
2025-07-01,S3_san_cristobal,Holt-Winters,26665.326205806752,0.0
2025-08-01,S3_san_cristobal,Holt-Winters,31375.40274104548,0.0
2025-09-01,S3_san_cristobal,Holt-Winters,27519.32878011761,0.0
2025-10-01,S3_san_cristobal,Holt-Winters,28978.16352526444,0.0
2025-11-01,S3_san_cristobal,Holt-Winters,33189.546054997205,680.088131828435
2025-12-01,S3_san_cristobal,Holt-Winters,43150.49753694568,4675.468098005382
2026-01-01,S3_san_cristobal,Holt-Winters,29973.10559999991,723.3950990718286
2026-02-01,S3_san_cristobal,Holt-Winters,24361.72711267602,0.0
2026-03-01,S3_san_cristobal,Holt-Winters,30181.746185286192,179.9894839847516
2026-04-01,S3_san_cristobal,Holt-Winters,27222.169056108007,0.0
2026-05-01,S3_san_cristobal,Holt-Winters,29394.954717349312,0.0
2026-06-01,S3_san_cristobal,Holt-Winters,29019.29591547294,0.0
2021-04-01,S3_san_cristobal,Suavizamiento exponencial simple,3546.0,2673.076278702203
2021-05-01,S3_san_cristobal,Suavizamiento exponencial simple,1803.0,2673.076278702203
2021-06-01,S3_san_cristobal,Suavizamiento exponencial simple,2128.0,2673.076278702203
2021-07-01,S3_san_cristobal,Suavizamiento exponencial simple,2247.0,2673.076278702203
2021-08-01,S3_san_cristobal,Suavizamiento exponencial simple,2193.0,2673.076278702203
2021-09-01,S3_san_cristobal,Suavizamiento exponencial simple,2368.0,2673.076278702203
2021-10-01,S3_san_cristobal,Suavizamiento exponencial simple,2088.0,2673.076278702203
2021-11-01,S3_san_cristobal,Suavizamiento exponencial simple,2200.0,2673.076278702203
2021-12-01,S3_san_cristobal,Suavizamiento exponencial simple,10031.0,2673.076278702203
2022-01-01,S3_san_cristobal,Suavizamiento exponencial simple,4378.0,2673.076278702203
2022-02-01,S3_san_cristobal,Suavizamiento exponencial simple,15444.8,2673.076278702203
2022-03-01,S3_san_cristobal,Suavizamiento exponencial simple,10392.0,2673.076278702203
2022-04-01,S3_san_cristobal,Suavizamiento exponencial simple,24724.0,2673.076278702203
2022-05-01,S3_san_cristobal,Suavizamiento exponencial simple,32011.0,2673.076278702203
2022-06-01,S3_san_cristobal,Suavizamiento exponencial simple,39152.0,2673.076278702203
2022-07-01,S3_san_cristobal,Suavizamiento exponencial simple,26076.0,2673.076278702203
2022-08-01,S3_san_cristobal,Suavizamiento exponencial simple,28883.0,2673.076278702203
2022-09-01,S3_san_cristobal,Suavizamiento exponencial simple,18143.0,2673.076278702203
2022-10-01,S3_san_cristobal,Suavizamiento exponencial simple,23190.0,2673.076278702203
2022-11-01,S3_san_cristobal,Suavizamiento exponencial simple,20348.0,2673.076278702203
2022-12-01,S3_san_cristobal,Suavizamiento exponencial simple,40363.0,2673.076278702203
2023-01-01,S3_san_cristobal,Suavizamiento exponencial simple,16512.845495048674,2673.076278702203
2023-02-01,S3_san_cristobal,Suavizamiento exponencial simple,16825.04228744933,2673.076278702203
2023-03-01,S3_san_cristobal,Suavizamiento exponencial simple,17433.87965077692,2673.076278702203
2023-04-01,S3_san_cristobal,Suavizamiento exponencial simple,24896.635971149684,2673.076278702203
2023-05-01,S3_san_cristobal,Suavizamiento exponencial simple,19625.442391774846,2673.076278702203
2023-06-01,S3_san_cristobal,Suavizamiento exponencial simple,18198.77434581548,2673.076278702203
2023-07-01,S3_san_cristobal,Suavizamiento exponencial simple,26756.03471484238,2673.076278702203
2023-08-01,S3_san_cristobal,Suavizamiento exponencial simple,23287.164984709518,2673.076278702203
2023-09-01,S3_san_cristobal,Suavizamiento exponencial simple,22149.60852816035,2673.076278702203
2023-10-01,S3_san_cristobal,Suavizamiento exponencial simple,16446.929331078532,2673.076278702203
2023-11-01,S3_san_cristobal,Suavizamiento exponencial simple,25386.749128919862,2673.076278702203
2023-12-01,S3_san_cristobal,Suavizamiento exponencial simple,41227.94118213955,2673.076278702203
2024-01-01,S3_san_cristobal,Suavizamiento exponencial simple,21929.572942097624,2673.076278702203
2024-02-01,S3_san_cristobal,Suavizamiento exponencial simple,23935.136703187232,2673.076278702203
2024-03-01,S3_san_cristobal,Suavizamiento exponencial simple,26547.697318007675,2673.076278702203
2024-04-01,S3_san_cristobal,Suavizamiento exponencial simple,24120.85168195716,2673.076278702203
2024-05-01,S3_san_cristobal,Suavizamiento exponencial simple,21453.968641115003,2673.076278702203
2024-06-01,S3_san_cristobal,Suavizamiento exponencial simple,22598.54209401709,2673.076278702203
2024-07-01,S3_san_cristobal,Suavizamiento exponencial simple,25821.17375892941,2673.076278702203
2024-08-01,S3_san_cristobal,Suavizamiento exponencial simple,29214.50066636721,2673.076278702203
2024-09-01,S3_san_cristobal,Suavizamiento exponencial simple,26201.06611570247,2673.076278702203
2024-10-01,S3_san_cristobal,Suavizamiento exponencial simple,28210.81861088767,2673.076278702203
2024-11-01,S3_san_cristobal,Suavizamiento exponencial simple,32912.428571428514,2673.076278702203
2024-12-01,S3_san_cristobal,Suavizamiento exponencial simple,49853.39626168227,2673.076278702203
2025-01-01,S3_san_cristobal,Suavizamiento exponencial simple,28775.001052128177,2673.076278702203
2025-02-01,S3_san_cristobal,Suavizamiento exponencial simple,27381.833112549317,2673.076278702203
2025-03-01,S3_san_cristobal,Suavizamiento exponencial simple,29165.50559779905,2673.076278702203
2025-04-01,S3_san_cristobal,Suavizamiento exponencial simple,32830.57722007722,2673.076278702203
2025-05-01,S3_san_cristobal,Suavizamiento exponencial simple,30307.12875358966,2673.076278702203
2025-06-01,S3_san_cristobal,Suavizamiento exponencial simple,28722.0809477379,2673.076278702203
2025-07-01,S3_san_cristobal,Suavizamiento exponencial simple,26665.326205806752,2673.076278702203
2025-08-01,S3_san_cristobal,Suavizamiento exponencial simple,31375.40274104548,2673.076278702203
2025-09-01,S3_san_cristobal,Suavizamiento exponencial simple,27519.32878011761,2673.076278702203
2025-10-01,S3_san_cristobal,Suavizamiento exponencial simple,28978.16352526444,2673.076278702203
2025-11-01,S3_san_cristobal,Suavizamiento exponencial simple,33189.546054997205,2673.076278702203
2025-12-01,S3_san_cristobal,Suavizamiento exponencial simple,43150.49753694568,2673.076278702203
2026-01-01,S3_san_cristobal,Suavizamiento exponencial simple,29973.10559999991,2673.076278702203
2026-02-01,S3_san_cristobal,Suavizamiento exponencial simple,24361.72711267602,2673.076278702203
2026-03-01,S3_san_cristobal,Suavizamiento exponencial simple,30181.746185286192,2673.076278702203
2026-04-01,S3_san_cristobal,Suavizamiento exponencial simple,27222.169056108007,2673.076278702203
2026-05-01,S3_san_cristobal,Suavizamiento exponencial simple,29394.954717349312,2673.076278702203
2026-06-01,S3_san_cristobal,Suavizamiento exponencial simple,29019.29591547294,2673.076278702203
2021-04-01,S3_san_cristobal,Seasonal Naive,3546.0,1898.0
2021-05-01,S3_san_cristobal,Seasonal Naive,1803.0,2139.0
2021-06-01,S3_san_cristobal,Seasonal Naive,2128.0,2600.0
2021-07-01,S3_san_cristobal,Seasonal Naive,2247.0,2662.0
2021-08-01,S3_san_cristobal,Seasonal Naive,2193.0,2735.0
2021-09-01,S3_san_cristobal,Seasonal Naive,2368.0,963.0
2021-10-01,S3_san_cristobal,Seasonal Naive,2088.0,282.1000000000001
2021-11-01,S3_san_cristobal,Seasonal Naive,2200.0,151.0
2021-12-01,S3_san_cristobal,Seasonal Naive,10031.0,14.0
2022-01-01,S3_san_cristobal,Seasonal Naive,4378.0,2646.0
2022-02-01,S3_san_cristobal,Seasonal Naive,15444.8,677.0
2022-03-01,S3_san_cristobal,Seasonal Naive,10392.0,3165.0
2022-04-01,S3_san_cristobal,Seasonal Naive,24724.0,1898.0
2022-05-01,S3_san_cristobal,Seasonal Naive,32011.0,2139.0
2022-06-01,S3_san_cristobal,Seasonal Naive,39152.0,2600.0
2022-07-01,S3_san_cristobal,Seasonal Naive,26076.0,2662.0
2022-08-01,S3_san_cristobal,Seasonal Naive,28883.0,2735.0
2022-09-01,S3_san_cristobal,Seasonal Naive,18143.0,963.0
2022-10-01,S3_san_cristobal,Seasonal Naive,23190.0,282.1000000000001
2022-11-01,S3_san_cristobal,Seasonal Naive,20348.0,151.0
2022-12-01,S3_san_cristobal,Seasonal Naive,40363.0,14.0
2023-01-01,S3_san_cristobal,Seasonal Naive,16512.845495048674,2646.0
2023-02-01,S3_san_cristobal,Seasonal Naive,16825.04228744933,677.0
2023-03-01,S3_san_cristobal,Seasonal Naive,17433.87965077692,3165.0
2023-04-01,S3_san_cristobal,Seasonal Naive,24896.635971149684,1898.0
2023-05-01,S3_san_cristobal,Seasonal Naive,19625.442391774846,2139.0
2023-06-01,S3_san_cristobal,Seasonal Naive,18198.77434581548,2600.0
2023-07-01,S3_san_cristobal,Seasonal Naive,26756.03471484238,2662.0
2023-08-01,S3_san_cristobal,Seasonal Naive,23287.164984709518,2735.0
2023-09-01,S3_san_cristobal,Seasonal Naive,22149.60852816035,963.0
2023-10-01,S3_san_cristobal,Seasonal Naive,16446.929331078532,282.1000000000001
2023-11-01,S3_san_cristobal,Seasonal Naive,25386.749128919862,151.0
2023-12-01,S3_san_cristobal,Seasonal Naive,41227.94118213955,14.0
2024-01-01,S3_san_cristobal,Seasonal Naive,21929.572942097624,2646.0
2024-02-01,S3_san_cristobal,Seasonal Naive,23935.136703187232,677.0
2024-03-01,S3_san_cristobal,Seasonal Naive,26547.697318007675,3165.0
2024-04-01,S3_san_cristobal,Seasonal Naive,24120.85168195716,1898.0
2024-05-01,S3_san_cristobal,Seasonal Naive,21453.968641115003,2139.0
2024-06-01,S3_san_cristobal,Seasonal Naive,22598.54209401709,2600.0
2024-07-01,S3_san_cristobal,Seasonal Naive,25821.17375892941,2662.0
2024-08-01,S3_san_cristobal,Seasonal Naive,29214.50066636721,2735.0
2024-09-01,S3_san_cristobal,Seasonal Naive,26201.06611570247,963.0
2024-10-01,S3_san_cristobal,Seasonal Naive,28210.81861088767,282.1000000000001
2024-11-01,S3_san_cristobal,Seasonal Naive,32912.428571428514,151.0
2024-12-01,S3_san_cristobal,Seasonal Naive,49853.39626168227,14.0
2025-01-01,S3_san_cristobal,Seasonal Naive,28775.001052128177,2646.0
2025-02-01,S3_san_cristobal,Seasonal Naive,27381.833112549317,677.0
2025-03-01,S3_san_cristobal,Seasonal Naive,29165.50559779905,3165.0
2025-04-01,S3_san_cristobal,Seasonal Naive,32830.57722007722,1898.0
2025-05-01,S3_san_cristobal,Seasonal Naive,30307.12875358966,2139.0
2025-06-01,S3_san_cristobal,Seasonal Naive,28722.0809477379,2600.0
2025-07-01,S3_san_cristobal,Seasonal Naive,26665.326205806752,2662.0
2025-08-01,S3_san_cristobal,Seasonal Naive,31375.40274104548,2735.0
2025-09-01,S3_san_cristobal,Seasonal Naive,27519.32878011761,963.0
2025-10-01,S3_san_cristobal,Seasonal Naive,28978.16352526444,282.1000000000001
2025-11-01,S3_san_cristobal,Seasonal Naive,33189.546054997205,151.0
2025-12-01,S3_san_cristobal,Seasonal Naive,43150.49753694568,14.0
2026-01-01,S3_san_cristobal,Seasonal Naive,29973.10559999991,2646.0
2026-02-01,S3_san_cristobal,Seasonal Naive,24361.72711267602,677.0
2026-03-01,S3_san_cristobal,Seasonal Naive,30181.746185286192,3165.0
2026-04-01,S3_san_cristobal,Seasonal Naive,27222.169056108007,1898.0
2026-05-01,S3_san_cristobal,Seasonal Naive,29394.954717349312,2139.0
2026-06-01,S3_san_cristobal,Seasonal Naive,29019.29591547294,2600.0
