fecha,serie,modelo,observado,pronostico
2021-04-01,S1_la_aurora,"ARIMA(1,1,1)",33042.102901499005,65215.00871984598
2021-05-01,S1_la_aurora,"ARIMA(1,1,1)",58366.0,62850.171826333026
2021-06-01,S1_la_aurora,"ARIMA(1,1,1)",73409.0,63684.5631534097
2021-07-01,S1_la_aurora,"ARIMA(1,1,1)",70338.0,63385.36760546409
2021-08-01,S1_la_aurora,"ARIMA(1,1,1)",50329.0,63492.03805947083
2021-09-01,S1_la_aurora,"ARIMA(1,1,1)",45550.99999999996,63453.92922451325
2021-10-01,S1_la_aurora,"ARIMA(1,1,1)",58214.0,63467.53391494414
2021-11-01,S1_la_aurora,"ARIMA(1,1,1)",68341.0,63462.6758265454
2021-12-01,S1_la_aurora,"ARIMA(1,1,1)",122055.0,63464.410435347716
2022-01-01,S1_la_aurora,"ARIMA(1,1,1)",97425.0,63463.791062472985
2022-02-01,S1_la_aurora,"ARIMA(1,1,1)",80430.0,63464.01221791922
2022-03-01,S1_la_aurora,"ARIMA(1,1,1)",106039.0,63463.93325104535
2022-04-01,S1_la_aurora,"ARIMA(1,1,1)",120691.0,63463.96144731087
2022-05-01,S1_la_aurora,"ARIMA(1,1,1)",111743.0,63463.95137942057
2022-06-01,S1_la_aurora,"ARIMA(1,1,1)",123396.0,63463.95497430778
2022-07-01,S1_la_aurora,"ARIMA(1,1,1)",124569.0,63463.95369070069
2022-08-01,S1_la_aurora,"ARIMA(1,1,1)",108814.0,63463.95414903133
2022-09-01,S1_la_aurora,"ARIMA(1,1,1)",103185.0,63463.95398537762
2022-10-01,S1_la_aurora,"ARIMA(1,1,1)",122906.0,63463.954043812606
2022-11-01,S1_la_aurora,"ARIMA(1,1,1)",131130.0,63463.95402294757
2022-12-01,S1_la_aurora,"ARIMA(1,1,1)",158073.0,63463.95403039775
2023-01-01,S1_la_aurora,"ARIMA(1,1,1)",76213.0,63463.95402773755
2023-02-01,S1_la_aurora,"ARIMA(1,1,1)",75139.0,63463.95402868745
2023-03-01,S1_la_aurora,"ARIMA(1,1,1)",92427.0,63463.954028348344
2023-04-01,S1_la_aurora,"ARIMA(1,1,1)",79177.0,63463.95402846942
2023-05-01,S1_la_aurora,"ARIMA(1,1,1)",71800.0,63463.95402842613
2023-06-01,S1_la_aurora,"ARIMA(1,1,1)",87748.0,63463.95402844158
2023-07-01,S1_la_aurora,"ARIMA(1,1,1)",98942.0,63463.95402843605
2023-08-01,S1_la_aurora,"ARIMA(1,1,1)",79084.0,63463.95402843797
2023-09-01,S1_la_aurora,"ARIMA(1,1,1)",67300.0,63463.95402843729
2023-10-01,S1_la_aurora,"ARIMA(1,1,1)",59320.0,63463.95402843752
2023-11-01,S1_la_aurora,"ARIMA(1,1,1)",89115.0,63463.9540284374
2023-12-01,S1_la_aurora,"ARIMA(1,1,1)",108287.0,63463.9540284374
2024-01-01,S1_la_aurora,"ARIMA(1,1,1)",95943.0,63463.9540284374
2024-02-01,S1_la_aurora,"ARIMA(1,1,1)",98780.0,63463.9540284374
2024-03-01,S1_la_aurora,"ARIMA(1,1,1)",108306.0,63463.9540284374
2024-04-01,S1_la_aurora,"ARIMA(1,1,1)",87832.0,63463.9540284374
2024-05-01,S1_la_aurora,"ARIMA(1,1,1)",87971.0,63463.9540284374
2024-06-01,S1_la_aurora,"ARIMA(1,1,1)",104432.0,63463.9540284374
2024-07-01,S1_la_aurora,"ARIMA(1,1,1)",110289.0,63463.9540284374
2024-08-01,S1_la_aurora,"ARIMA(1,1,1)",88601.0,63463.9540284374
2024-09-01,S1_la_aurora,"ARIMA(1,1,1)",69259.0,63463.9540284374
2024-10-01,S1_la_aurora,"ARIMA(1,1,1)",81163.0,63463.9540284374
2024-11-01,S1_la_aurora,"ARIMA(1,1,1)",97101.0,63463.9540284374
2024-12-01,S1_la_aurora,"ARIMA(1,1,1)",112947.0,63463.9540284374
2025-01-01,S1_la_aurora,"ARIMA(1,1,1)",101100.0,63463.9540284374
2025-02-01,S1_la_aurora,"ARIMA(1,1,1)",92669.0,63463.9540284374
2025-03-01,S1_la_aurora,"ARIMA(1,1,1)",107158.0,63463.9540284374
2025-04-01,S1_la_aurora,"ARIMA(1,1,1)",93445.0,63463.9540284374
2025-05-01,S1_la_aurora,"ARIMA(1,1,1)",87746.0,63463.9540284374
2025-06-01,S1_la_aurora,"ARIMA(1,1,1)",99386.0,63463.9540284374
2025-07-01,S1_la_aurora,"ARIMA(1,1,1)",117314.0,63463.9540284374
2025-08-01,S1_la_aurora,"ARIMA(1,1,1)",90568.0,63463.9540284374
2025-09-01,S1_la_aurora,"ARIMA(1,1,1)",70415.0,63463.9540284374
2025-10-01,S1_la_aurora,"ARIMA(1,1,1)",89989.0,63463.9540284374
2025-11-01,S1_la_aurora,"ARIMA(1,1,1)",111541.0,63463.9540284374
2025-12-01,S1_la_aurora,"ARIMA(1,1,1)",127274.0,63463.9540284374
2026-01-01,S1_la_aurora,"ARIMA(1,1,1)",113422.0,63463.9540284374
2026-02-01,S1_la_aurora,"ARIMA(1,1,1)",106723.0,63463.9540284374
2026-03-01,S1_la_aurora,"ARIMA(1,1,1)",127510.0,63463.9540284374
2026-04-01,S1_la_aurora,"ARIMA(1,1,1)",102021.0,63463.9540284374
2026-05-01,S1_la_aurora,"ARIMA(1,1,1)",95801.0,63463.9540284374
2026-06-01,S1_la_aurora,"ARIMA(1,1,1)",98198.0,63463.9540284374
2021-04-01,S1_la_aurora,"SARIMA(1,1,1)(0,1,1,12)",33042.102901499005,10447.365784321799
2021-05-01,S1_la_aurora,"SARIMA(1,1,1)(0,1,1,12)",58366.0,10471.584602140703
2021-06-01,S1_la_aurora,"SARIMA(1,1,1)(0,1,1,12)",73409.0,16224.649787008952
2021-07-01,S1_la_aurora,"SARIMA(1,1,1)(0,1,1,12)",70338.0,15366.045019067515
2021-08-01,S1_la_aurora,"SARIMA(1,1,1)(0,1,1,12)",50329.0,14457.716108154067
2021-09-01,S1_la_aurora,"SARIMA(1,1,1)(0,1,1,12)",45550.99999999996,23261.900761095676
2021-10-01,S1_la_aurora,"SARIMA(1,1,1)(0,1,1,12)",58214.0,25483.055361476763
2021-11-01,S1_la_aurora,"SARIMA(1,1,1)(0,1,1,12)",68341.0,58736.18943037193
2021-12-01,S1_la_aurora,"SARIMA(1,1,1)(0,1,1,12)",122055.0,70469.14329075464
2022-01-01,S1_la_aurora,"SARIMA(1,1,1)(0,1,1,12)",97425.0,57792.39929768396
2022-02-01,S1_la_aurora,"SARIMA(1,1,1)(0,1,1,12)",80430.0,45989.10870730191
2022-03-01,S1_la_aurora,"SARIMA(1,1,1)(0,1,1,12)",106039.0,54347.30081894842
2022-04-01,S1_la_aurora,"SARIMA(1,1,1)(0,1,1,12)",120691.0,9148.3440592171
2022-05-01,S1_la_aurora,"SARIMA(1,1,1)(0,1,1,12)",111743.0,9334.935842999455
2022-06-01,S1_la_aurora,"SARIMA(1,1,1)(0,1,1,12)",123396.0,14378.079073875742
2022-07-01,S1_la_aurora,"SARIMA(1,1,1)(0,1,1,12)",124569.0,13643.967571866839
2022-08-01,S1_la_aurora,"SARIMA(1,1,1)(0,1,1,12)",108814.0,12829.079609753007
2022-09-01,S1_la_aurora,"SARIMA(1,1,1)(0,1,1,12)",103185.0,20645.943756617
2022-10-01,S1_la_aurora,"SARIMA(1,1,1)(0,1,1,12)",122906.0,22615.69651784246
2022-11-01,S1_la_aurora,"SARIMA(1,1,1)(0,1,1,12)",131130.0,52128.41707907604
2022-12-01,S1_la_aurora,"SARIMA(1,1,1)(0,1,1,12)",158073.0,62540.931746504895
2023-01-01,S1_la_aurora,"SARIMA(1,1,1)(0,1,1,12)",76213.0,51290.53299184436
2023-02-01,S1_la_aurora,"SARIMA(1,1,1)(0,1,1,12)",75139.0,40815.122550267806
2023-03-01,S1_la_aurora,"SARIMA(1,1,1)(0,1,1,12)",92427.0,48232.99343527401
2023-04-01,S1_la_aurora,"SARIMA(1,1,1)(0,1,1,12)",79177.0,8119.114848746851
2023-05-01,S1_la_aurora,"SARIMA(1,1,1)(0,1,1,12)",71800.0,8284.714491401552
2023-06-01,S1_la_aurora,"SARIMA(1,1,1)(0,1,1,12)",87748.0,12760.481788290916
2023-07-01,S1_la_aurora,"SARIMA(1,1,1)(0,1,1,12)",98942.0,12108.961108658554
2023-08-01,S1_la_aurora,"SARIMA(1,1,1)(0,1,1,12)",79084.0,11385.751619394337
2023-09-01,S1_la_aurora,"SARIMA(1,1,1)(0,1,1,12)",67300.0,18323.184109904734
2023-10-01,S1_la_aurora,"SARIMA(1,1,1)(0,1,1,12)",59320.0,20071.3310034646
2023-11-01,S1_la_aurora,"SARIMA(1,1,1)(0,1,1,12)",89115.0,46263.74045561727
2023-12-01,S1_la_aurora,"SARIMA(1,1,1)(0,1,1,12)",108287.0,55504.801339807396
2024-01-01,S1_la_aurora,"SARIMA(1,1,1)(0,1,1,12)",95943.0,45520.12201988521
2024-02-01,S1_la_aurora,"SARIMA(1,1,1)(0,1,1,12)",98780.0,36223.241412549905
2024-03-01,S1_la_aurora,"SARIMA(1,1,1)(0,1,1,12)",108306.0,42806.5691363527
2024-04-01,S1_la_aurora,"SARIMA(1,1,1)(0,1,1,12)",87832.0,7205.678651589528
2024-05-01,S1_la_aurora,"SARIMA(1,1,1)(0,1,1,12)",87971.0,7352.647604735362
2024-06-01,S1_la_aurora,"SARIMA(1,1,1)(0,1,1,12)",104432.0,11324.87135836983
2024-07-01,S1_la_aurora,"SARIMA(1,1,1)(0,1,1,12)",110289.0,10746.649626105447
2024-08-01,S1_la_aurora,"SARIMA(1,1,1)(0,1,1,12)",88601.0,10104.804391187632
2024-09-01,S1_la_aurora,"SARIMA(1,1,1)(0,1,1,12)",69259.0,16261.745156895866
2024-10-01,S1_la_aurora,"SARIMA(1,1,1)(0,1,1,12)",81163.0,17813.21782176544
2024-11-01,S1_la_aurora,"SARIMA(1,1,1)(0,1,1,12)",97101.0,41058.86579436509
2024-12-01,S1_la_aurora,"SARIMA(1,1,1)(0,1,1,12)",112947.0,49260.26660858417
2025-01-01,S1_la_aurora,"SARIMA(1,1,1)(0,1,1,12)",101100.0,40398.90770938861
2025-02-01,S1_la_aurora,"SARIMA(1,1,1)(0,1,1,12)",92669.0,32147.967136846382
2025-03-01,S1_la_aurora,"SARIMA(1,1,1)(0,1,1,12)",107158.0,37990.641482455176
2025-04-01,S1_la_aurora,"SARIMA(1,1,1)(0,1,1,12)",93445.0,6395.00805164605
2025-05-01,S1_la_aurora,"SARIMA(1,1,1)(0,1,1,12)",87746.0,6525.4423499480245
2025-06-01,S1_la_aurora,"SARIMA(1,1,1)(0,1,1,12)",99386.0,10050.773427795704
2025-07-01,S1_la_aurora,"SARIMA(1,1,1)(0,1,1,12)",117314.0,9537.604188330417
2025-08-01,S1_la_aurora,"SARIMA(1,1,1)(0,1,1,12)",90568.0,8967.969370615554
2025-09-01,S1_la_aurora,"SARIMA(1,1,1)(0,1,1,12)",70415.0,14432.227169778767
2025-10-01,S1_la_aurora,"SARIMA(1,1,1)(0,1,1,12)",89989.0,15809.152323325687
2025-11-01,S1_la_aurora,"SARIMA(1,1,1)(0,1,1,12)",111541.0,36439.56246765149
2025-12-01,S1_la_aurora,"SARIMA(1,1,1)(0,1,1,12)",127274.0,43718.26955100689
2026-01-01,S1_la_aurora,"SARIMA(1,1,1)(0,1,1,12)",113422.0,35853.85257532337
2026-02-01,S1_la_aurora,"SARIMA(1,1,1)(0,1,1,12)",106723.0,28531.179174751866
2026-03-01,S1_la_aurora,"SARIMA(1,1,1)(0,1,1,12)",127510.0,33716.52691088381
2026-04-01,S1_la_aurora,"SARIMA(1,1,1)(0,1,1,12)",102021.0,5675.541466395588
2026-05-01,S1_la_aurora,"SARIMA(1,1,1)(0,1,1,12)",95801.0,5791.3013313831725
2026-06-01,S1_la_aurora,"SARIMA(1,1,1)(0,1,1,12)",98198.0,8920.017128691283
2021-04-01,S1_la_aurora,"SARIMA(2,1,1)(1,1,0,12)",33042.102901499005,855847.0785299473
2021-05-01,S1_la_aurora,"SARIMA(2,1,1)(1,1,0,12)",58366.0,603970.0535392754
2021-06-01,S1_la_aurora,"SARIMA(2,1,1)(1,1,0,12)",73409.0,485021.1989498303
2021-07-01,S1_la_aurora,"SARIMA(2,1,1)(1,1,0,12)",70338.0,648725.947065598
2021-08-01,S1_la_aurora,"SARIMA(2,1,1)(1,1,0,12)",50329.0,439958.7940819584
2021-09-01,S1_la_aurora,"SARIMA(2,1,1)(1,1,0,12)",45550.99999999996,161300.9618985178
2021-10-01,S1_la_aurora,"SARIMA(2,1,1)(1,1,0,12)",58214.0,213374.2401284776
2021-11-01,S1_la_aurora,"SARIMA(2,1,1)(1,1,0,12)",68341.0,90018.06897607361
2021-12-01,S1_la_aurora,"SARIMA(2,1,1)(1,1,0,12)",122055.0,97241.84376504719
2022-01-01,S1_la_aurora,"SARIMA(2,1,1)(1,1,0,12)",97425.0,81534.82136610213
2022-02-01,S1_la_aurora,"SARIMA(2,1,1)(1,1,0,12)",80430.0,78496.97570756864
2022-03-01,S1_la_aurora,"SARIMA(2,1,1)(1,1,0,12)",106039.0,17552.033566340804
2022-04-01,S1_la_aurora,"SARIMA(2,1,1)(1,1,0,12)",120691.0,2.822470258169726
2022-05-01,S1_la_aurora,"SARIMA(2,1,1)(1,1,0,12)",111743.0,4.8437943269554395
2022-06-01,S1_la_aurora,"SARIMA(2,1,1)(1,1,0,12)",123396.0,20.11294909242365
2022-07-01,S1_la_aurora,"SARIMA(2,1,1)(1,1,0,12)",124569.0,10.76814733956026
2022-08-01,S1_la_aurora,"SARIMA(2,1,1)(1,1,0,12)",108814.0,17.651946192920956
2022-09-01,S1_la_aurora,"SARIMA(2,1,1)(1,1,0,12)",103185.0,302.8111460630849
2022-10-01,S1_la_aurora,"SARIMA(2,1,1)(1,1,0,12)",122906.0,239.71583412237842
2022-11-01,S1_la_aurora,"SARIMA(2,1,1)(1,1,0,12)",131130.0,8263.48896593912
2022-12-01,S1_la_aurora,"SARIMA(2,1,1)(1,1,0,12)",158073.0,11761.234418836662
2023-01-01,S1_la_aurora,"SARIMA(2,1,1)(1,1,0,12)",76213.0,9350.631707171631
2023-02-01,S1_la_aurora,"SARIMA(2,1,1)(1,1,0,12)",75139.0,5574.059728271741
2023-03-01,S1_la_aurora,"SARIMA(2,1,1)(1,1,0,12)",92427.0,37702.31759488411
2023-04-01,S1_la_aurora,"SARIMA(2,1,1)(1,1,0,12)",79177.0,263700463.96800676
2023-05-01,S1_la_aurora,"SARIMA(2,1,1)(1,1,0,12)",71800.0,115059321.84689327
2023-06-01,S1_la_aurora,"SARIMA(2,1,1)(1,1,0,12)",87748.0,37984742.226756535
2023-07-01,S1_la_aurora,"SARIMA(2,1,1)(1,1,0,12)",98942.0,83377195.78927827
2023-08-01,S1_la_aurora,"SARIMA(2,1,1)(1,1,0,12)",79084.0,35076480.11653819
2023-09-01,S1_la_aurora,"SARIMA(2,1,1)(1,1,0,12)",67300.0,1605523.6648706137
2023-10-01,S1_la_aurora,"SARIMA(2,1,1)(1,1,0,12)",59320.0,2803906.059935503
2023-11-01,S1_la_aurora,"SARIMA(2,1,1)(1,1,0,12)",89115.0,109226.29032005678
2023-12-01,S1_la_aurora,"SARIMA(2,1,1)(1,1,0,12)",108287.0,101637.08850390138
2024-01-01,S1_la_aurora,"SARIMA(2,1,1)(1,1,0,12)",95943.0,87708.41411104938
2024-02-01,S1_la_aurora,"SARIMA(2,1,1)(1,1,0,12)",98780.0,109442.19429686351
2024-03-01,S1_la_aurora,"SARIMA(2,1,1)(1,1,0,12)",108306.0,3868.3522252103157
2024-04-01,S1_la_aurora,"SARIMA(2,1,1)(1,1,0,12)",87832.0,4.582555689953419e-05
2024-05-01,S1_la_aurora,"SARIMA(2,1,1)(1,1,0,12)",87971.0,0.00016498578815102983
2024-06-01,S1_la_aurora,"SARIMA(2,1,1)(1,1,0,12)",104432.0,0.0026956794145909903
2024-07-01,S1_la_aurora,"SARIMA(2,1,1)(1,1,0,12)",110289.0,0.0006726627709550849
2024-08-01,S1_la_aurora,"SARIMA(2,1,1)(1,1,0,12)",88601.0,0.002301619172581124
2024-09-01,S1_la_aurora,"SARIMA(2,1,1)(1,1,0,12)",69259.0,0.974845934521187
2024-10-01,S1_la_aurora,"SARIMA(2,1,1)(1,1,0,12)",81163.0,0.5029755229494581
2024-11-01,S1_la_aurora,"SARIMA(2,1,1)(1,1,0,12)",97101.0,681.4170151342819
2024-12-01,S1_la_aurora,"SARIMA(2,1,1)(1,1,0,12)",112947.0,1220.5613163931664
2025-01-01,S1_la_aurora,"SARIMA(2,1,1)(1,1,0,12)",101100.0,928.2949744655523
2025-02-01,S1_la_aurora,"SARIMA(2,1,1)(1,1,0,12)",92669.0,371.0592912598149
2025-03-01,S1_la_aurora,"SARIMA(2,1,1)(1,1,0,12)",107158.0,43074.48529595567
2025-04-01,S1_la_aurora,"SARIMA(2,1,1)(1,1,0,12)",93445.0,704141391022816.4
2025-05-01,S1_la_aurora,"SARIMA(2,1,1)(1,1,0,12)",87746.0,98082240465730.34
2025-06-01,S1_la_aurora,"SARIMA(2,1,1)(1,1,0,12)",99386.0,3921596223759.0283
2025-07-01,S1_la_aurora,"SARIMA(2,1,1)(1,1,0,12)",117314.0,27913360974070.52
2025-08-01,S1_la_aurora,"SARIMA(2,1,1)(1,1,0,12)",90568.0,3778223501121.4424
2025-09-01,S1_la_aurora,"SARIMA(2,1,1)(1,1,0,12)",70415.0,1235808015.9557023
2025-10-01,S1_la_aurora,"SARIMA(2,1,1)(1,1,0,12)",89989.0,4174448482.10569
2025-11-01,S1_la_aurora,"SARIMA(2,1,1)(1,1,0,12)",111541.0,567709.0361358416
2025-12-01,S1_la_aurora,"SARIMA(2,1,1)(1,1,0,12)",127274.0,370652.30373988184
2026-01-01,S1_la_aurora,"SARIMA(2,1,1)(1,1,0,12)",113422.0,342482.7973118769
2026-02-01,S1_la_aurora,"SARIMA(2,1,1)(1,1,0,12)",106723.0,791163.4035588134
2026-03-01,S1_la_aurora,"SARIMA(2,1,1)(1,1,0,12)",127510.0,349.9989710799538
2026-04-01,S1_la_aurora,"SARIMA(2,1,1)(1,1,0,12)",102021.0,6.35647993945993e-16
2026-05-01,S1_la_aurora,"SARIMA(2,1,1)(1,1,0,12)",95801.0,1.3296219985036452e-14
2026-06-01,S1_la_aurora,"SARIMA(2,1,1)(1,1,0,12)",98198.0,5.62083024336608e-12
2021-04-01,S1_la_aurora,"auto_arima(1, 0, 1)x(1, 0, 1, 12)",33042.102901499005,6407.058572542526
2021-05-01,S1_la_aurora,"auto_arima(1, 0, 1)x(1, 0, 1, 12)",58366.0,6741.81079984912
2021-06-01,S1_la_aurora,"auto_arima(1, 0, 1)x(1, 0, 1, 12)",73409.0,10954.567640041572
2021-07-01,S1_la_aurora,"auto_arima(1, 0, 1)x(1, 0, 1, 12)",70338.0,9789.33317242757
2021-08-01,S1_la_aurora,"auto_arima(1, 0, 1)x(1, 0, 1, 12)",50329.0,9613.214215809227
2021-09-01,S1_la_aurora,"auto_arima(1, 0, 1)x(1, 0, 1, 12)",45550.99999999996,18650.619790908353
2021-10-01,S1_la_aurora,"auto_arima(1, 0, 1)x(1, 0, 1, 12)",58214.0,19643.923487301392
2021-11-01,S1_la_aurora,"auto_arima(1, 0, 1)x(1, 0, 1, 12)",68341.0,55827.081348791005
2021-12-01,S1_la_aurora,"auto_arima(1, 0, 1)x(1, 0, 1, 12)",122055.0,67344.26338234752
2022-01-01,S1_la_aurora,"auto_arima(1, 0, 1)x(1, 0, 1, 12)",97425.0,55104.14147780219
2022-02-01,S1_la_aurora,"auto_arima(1, 0, 1)x(1, 0, 1, 12)",80430.0,42870.79947249431
2022-03-01,S1_la_aurora,"auto_arima(1, 0, 1)x(1, 0, 1, 12)",106039.0,53003.705684168635
2022-04-01,S1_la_aurora,"auto_arima(1, 0, 1)x(1, 0, 1, 12)",120691.0,5546.014111425355
2022-05-01,S1_la_aurora,"auto_arima(1, 0, 1)x(1, 0, 1, 12)",111743.0,5862.7938840681845
2022-06-01,S1_la_aurora,"auto_arima(1, 0, 1)x(1, 0, 1, 12)",123396.0,9511.883110741055
2022-07-01,S1_la_aurora,"auto_arima(1, 0, 1)x(1, 0, 1, 12)",124569.0,8544.595630350279
2022-08-01,S1_la_aurora,"auto_arima(1, 0, 1)x(1, 0, 1, 12)",108814.0,8420.270981652215
2022-09-01,S1_la_aurora,"auto_arima(1, 0, 1)x(1, 0, 1, 12)",103185.0,16248.383900062707
2022-10-01,S1_la_aurora,"auto_arima(1, 0, 1)x(1, 0, 1, 12)",122906.0,17143.705264023636
2022-11-01,S1_la_aurora,"auto_arima(1, 0, 1)x(1, 0, 1, 12)",131130.0,48195.340690708035
2022-12-01,S1_la_aurora,"auto_arima(1, 0, 1)x(1, 0, 1, 12)",158073.0,58104.84316461239
2023-01-01,S1_la_aurora,"auto_arima(1, 0, 1)x(1, 0, 1, 12)",76213.0,47733.0847715708
2023-02-01,S1_la_aurora,"auto_arima(1, 0, 1)x(1, 0, 1, 12)",75139.0,37298.96047299761
2023-03-01,S1_la_aurora,"auto_arima(1, 0, 1)x(1, 0, 1, 12)",92427.0,46044.30068773915
2023-04-01,S1_la_aurora,"auto_arima(1, 0, 1)x(1, 0, 1, 12)",79177.0,4958.652538030711
2023-05-01,S1_la_aurora,"auto_arima(1, 0, 1)x(1, 0, 1, 12)",71800.0,5242.451876713846
2023-06-01,S1_la_aurora,"auto_arima(1, 0, 1)x(1, 0, 1, 12)",87748.0,8460.48457166149
2023-07-01,S1_la_aurora,"auto_arima(1, 0, 1)x(1, 0, 1, 12)",98942.0,7614.60709871382
2023-08-01,S1_la_aurora,"auto_arima(1, 0, 1)x(1, 0, 1, 12)",79084.0,7508.893686311975
2023-09-01,S1_la_aurora,"auto_arima(1, 0, 1)x(1, 0, 1, 12)",67300.0,14378.634468193886
2023-10-01,S1_la_aurora,"auto_arima(1, 0, 1)x(1, 0, 1, 12)",59320.0,15166.368075581455
2023-11-01,S1_la_aurora,"auto_arima(1, 0, 1)x(1, 0, 1, 12)",89115.0,42108.65199198076
2023-12-01,S1_la_aurora,"auto_arima(1, 0, 1)x(1, 0, 1, 12)",108287.0,50662.92645850851
2024-01-01,S1_la_aurora,"auto_arima(1, 0, 1)x(1, 0, 1, 12)",95943.0,41730.18133699692
2024-02-01,S1_la_aurora,"auto_arima(1, 0, 1)x(1, 0, 1, 12)",98780.0,32714.061911709683
2024-03-01,S1_la_aurora,"auto_arima(1, 0, 1)x(1, 0, 1, 12)",108306.0,40286.100669162246
2024-04-01,S1_la_aurora,"auto_arima(1, 0, 1)x(1, 0, 1, 12)",87832.0,4460.24584287568
2024-05-01,S1_la_aurora,"auto_arima(1, 0, 1)x(1, 0, 1, 12)",87971.0,4712.846198198014
2024-06-01,S1_la_aurora,"auto_arima(1, 0, 1)x(1, 0, 1, 12)",104432.0,7561.729983273198
2024-07-01,S1_la_aurora,"auto_arima(1, 0, 1)x(1, 0, 1, 12)",110289.0,6815.169530072322
2024-08-01,S1_la_aurora,"auto_arima(1, 0, 1)x(1, 0, 1, 12)",88601.0,6722.219895526717
2024-09-01,S1_la_aurora,"auto_arima(1, 0, 1)x(1, 0, 1, 12)",69259.0,12770.18491795689
2024-10-01,S1_la_aurora,"auto_arima(1, 0, 1)x(1, 0, 1, 12)",81163.0,13461.665909551477
2024-11-01,S1_la_aurora,"auto_arima(1, 0, 1)x(1, 0, 1, 12)",97101.0,36908.875763115575
2024-12-01,S1_la_aurora,"auto_arima(1, 0, 1)x(1, 0, 1, 12)",112947.0,44307.271902754204
2025-01-01,S1_la_aurora,"auto_arima(1, 0, 1)x(1, 0, 1, 12)",101100.0,36583.93402018384
2025-02-01,S1_la_aurora,"auto_arima(1, 0, 1)x(1, 0, 1, 12)",92669.0,28766.903210223645
2025-03-01,S1_la_aurora,"auto_arima(1, 0, 1)x(1, 0, 1, 12)",107158.0,35335.221501795284
2025-04-01,S1_la_aurora,"auto_arima(1, 0, 1)x(1, 0, 1, 12)",93445.0,4020.0071881039503
2025-05-01,S1_la_aurora,"auto_arima(1, 0, 1)x(1, 0, 1, 12)",87746.0,4244.8631420836955
2025-06-01,S1_la_aurora,"auto_arima(1, 0, 1)x(1, 0, 1, 12)",99386.0,6771.298792992021
2025-07-01,S1_la_aurora,"auto_arima(1, 0, 1)x(1, 0, 1, 12)",117314.0,6110.698935188888
2025-08-01,S1_la_aurora,"auto_arima(1, 0, 1)x(1, 0, 1, 12)",90568.0,6028.448326703257
2025-09-01,S1_la_aurora,"auto_arima(1, 0, 1)x(1, 0, 1, 12)",70415.0,11361.92362948525
2025-10-01,S1_la_aurora,"auto_arima(1, 0, 1)x(1, 0, 1, 12)",89989.0,11969.450312107852
2025-11-01,S1_la_aurora,"auto_arima(1, 0, 1)x(1, 0, 1, 12)",111541.0,32411.46309661233
2025-12-01,S1_la_aurora,"auto_arima(1, 0, 1)x(1, 0, 1, 12)",127274.0,38820.88085966669
2026-01-01,S1_la_aurora,"auto_arima(1, 0, 1)x(1, 0, 1, 12)",113422.0,32129.986347602993
2026-02-01,S1_la_aurora,"auto_arima(1, 0, 1)x(1, 0, 1, 12)",106723.0,25339.88881212852
2026-03-01,S1_la_aurora,"auto_arima(1, 0, 1)x(1, 0, 1, 12)",127510.0,31046.869715796063
2026-04-01,S1_la_aurora,"auto_arima(1, 0, 1)x(1, 0, 1, 12)",102021.0,3628.26060549996
2026-05-01,S1_la_aurora,"auto_arima(1, 0, 1)x(1, 0, 1, 12)",95801.0,3828.6403104725814
2026-06-01,S1_la_aurora,"auto_arima(1, 0, 1)x(1, 0, 1, 12)",98198.0,6072.237486303525
2021-04-01,S1_la_aurora,Prophet,33042.102901499005,65285.74934263343
2021-05-01,S1_la_aurora,Prophet,58366.0,57719.051893756
2021-06-01,S1_la_aurora,Prophet,73409.0,73670.01298015805
2021-07-01,S1_la_aurora,Prophet,70338.0,82119.52206477367
2021-08-01,S1_la_aurora,Prophet,50329.0,62673.70489636356
2021-09-01,S1_la_aurora,Prophet,45550.99999999996,50666.392801824884
2021-10-01,S1_la_aurora,Prophet,58214.0,62915.08409542901
2021-11-01,S1_la_aurora,Prophet,68341.0,76658.40370071809
2021-12-01,S1_la_aurora,Prophet,122055.0,92765.10312417487
2022-01-01,S1_la_aurora,Prophet,97425.0,71585.38594094935
2022-02-01,S1_la_aurora,Prophet,80430.0,56838.24213669004
2022-03-01,S1_la_aurora,Prophet,106039.0,68349.37578087853
2022-04-01,S1_la_aurora,Prophet,120691.0,57248.26480871958
2022-05-01,S1_la_aurora,Prophet,111743.0,49498.65462120346
2022-06-01,S1_la_aurora,Prophet,123396.0,65602.28265986883
2022-07-01,S1_la_aurora,Prophet,124569.0,73768.50400951058
2022-08-01,S1_la_aurora,Prophet,108814.0,54069.041930994645
2022-09-01,S1_la_aurora,Prophet,103185.0,42066.73120219543
2022-10-01,S1_la_aurora,Prophet,122906.0,54658.97305842747
2022-11-01,S1_la_aurora,Prophet,131130.0,68393.94405017131
2022-12-01,S1_la_aurora,Prophet,158073.0,84699.512799552
2023-01-01,S1_la_aurora,Prophet,76213.0,63283.849267369354
2023-02-01,S1_la_aurora,Prophet,75139.0,48462.96292736183
2023-03-01,S1_la_aurora,Prophet,92427.0,59581.90598748841
2023-04-01,S1_la_aurora,Prophet,79177.0,49222.067694519006
2023-05-01,S1_la_aurora,Prophet,71800.0,41284.61367627272
2023-06-01,S1_la_aurora,Prophet,87748.0,57527.931616250644
2023-07-01,S1_la_aurora,Prophet,98942.0,65400.53522588914
2023-08-01,S1_la_aurora,Prophet,79084.0,45461.73938434814
2023-09-01,S1_la_aurora,Prophet,67300.0,33479.608534037165
2023-10-01,S1_la_aurora,Prophet,59320.0,46412.1729668365
2023-11-01,S1_la_aurora,Prophet,89115.0,60132.89280333111
2023-12-01,S1_la_aurora,Prophet,108287.0,76622.11521325432
2024-01-01,S1_la_aurora,Prophet,95943.0,54975.37712752286
2024-02-01,S1_la_aurora,Prophet,98780.0,40086.24741725193
2024-03-01,S1_la_aurora,Prophet,108306.0,52567.4457293479
2024-04-01,S1_la_aurora,Prophet,87832.0,40009.587635761054
2024-05-01,S1_la_aurora,Prophet,87971.0,32621.102350526835
2024-06-01,S1_la_aurora,Prophet,104432.0,48406.57471939469
2024-07-01,S1_la_aurora,Prophet,110289.0,57128.39313728495
2024-08-01,S1_la_aurora,Prophet,88601.0,37950.0346495499
2024-09-01,S1_la_aurora,Prophet,69259.0,25953.11624972418
2024-10-01,S1_la_aurora,Prophet,81163.0,37855.66763271405
2024-11-01,S1_la_aurora,Prophet,97101.0,51601.59829873228
2024-12-01,S1_la_aurora,Prophet,112947.0,67494.14346864403
2025-01-01,S1_la_aurora,Prophet,101100.0,46554.78119310853
2025-02-01,S1_la_aurora,Prophet,92669.0,31886.822535129693
2025-03-01,S1_la_aurora,Prophet,107158.0,43794.66396183803
2025-04-01,S1_la_aurora,Prophet,93445.0,31960.678015333873
2025-05-01,S1_la_aurora,Prophet,87746.0,24393.980566456034
2025-06-01,S1_la_aurora,Prophet,99386.0,40344.94165285498
2025-07-01,S1_la_aurora,Prophet,117314.0,48794.45073747343
2025-08-01,S1_la_aurora,Prophet,90568.0,29348.633569068723
2025-09-01,S1_la_aurora,Prophet,70415.0,17341.32147452855
2025-10-01,S1_la_aurora,Prophet,89989.0,29590.012768129724
2025-11-01,S1_la_aurora,Prophet,111541.0,43333.3323734166
2025-12-01,S1_la_aurora,Prophet,127274.0,59440.031796875846
2026-01-01,S1_la_aurora,Prophet,113422.0,38260.31461364946
2026-02-01,S1_la_aurora,Prophet,106723.0,23513.1708093861
2026-03-01,S1_la_aurora,Prophet,127510.0,35024.30445357822
2026-04-01,S1_la_aurora,Prophet,102021.0,23923.193481420087
2026-05-01,S1_la_aurora,Prophet,95801.0,16173.583293905785
2026-06-01,S1_la_aurora,Prophet,98198.0,32277.211332569565
2021-04-01,S1_la_aurora,Holt-Winters,33042.102901499005,49097.66301274065
2021-05-01,S1_la_aurora,Holt-Winters,58366.0,43236.11559448243
2021-06-01,S1_la_aurora,Holt-Winters,73409.0,59998.55908529214
2021-07-01,S1_la_aurora,Holt-Winters,70338.0,70137.12870045705
2021-08-01,S1_la_aurora,Holt-Winters,50329.0,50621.234497979814
2021-09-01,S1_la_aurora,Holt-Winters,45550.99999999996,39057.5229037267
2021-10-01,S1_la_aurora,Holt-Winters,58214.0,50021.96566733981
2021-11-01,S1_la_aurora,Holt-Winters,68341.0,62648.77895746897
2021-12-01,S1_la_aurora,Holt-Winters,122055.0,78248.42213498367
2022-01-01,S1_la_aurora,Holt-Winters,97425.0,58083.455334047205
2022-02-01,S1_la_aurora,Holt-Winters,80430.0,46020.43903277701
2022-03-01,S1_la_aurora,Holt-Winters,106039.0,59985.44413941227
2022-04-01,S1_la_aurora,Holt-Winters,120691.0,50041.1068197454
2022-05-01,S1_la_aurora,Holt-Winters,111743.0,43990.87064008623
2022-06-01,S1_la_aurora,Holt-Winters,123396.0,60602.363121775175
2022-07-01,S1_la_aurora,Holt-Winters,124569.0,70620.17192964349
2022-08-01,S1_la_aurora,Holt-Winters,108814.0,51007.66908132896
2022-09-01,S1_la_aurora,Holt-Winters,103185.0,39366.670570406015
2022-10-01,S1_la_aurora,Holt-Winters,122906.0,50269.28380068327
2022-11-01,S1_la_aurora,Holt-Winters,131130.0,62846.63346414373
2022-12-01,S1_la_aurora,Holt-Winters,158073.0,78406.70574032348
2023-01-01,S1_la_aurora,Holt-Winters,76213.0,58210.082218319054
2023-02-01,S1_la_aurora,Holt-Winters,75139.0,46121.74054019449
2023-03-01,S1_la_aurora,Holt-Winters,92427.0,60066.48534534626
2023-04-01,S1_la_aurora,Holt-Winters,79177.0,50105.939784492584
2023-05-01,S1_la_aurora,Holt-Winters,71800.0,44042.737011883975
2023-06-01,S1_la_aurora,Holt-Winters,87748.0,60643.856219213376
2023-07-01,S1_la_aurora,Holt-Winters,98942.0,70653.36640759403
2023-08-01,S1_la_aurora,Holt-Winters,79084.0,51034.224663689405
2023-09-01,S1_la_aurora,Holt-Winters,67300.0,39387.91503629438
2023-10-01,S1_la_aurora,Holt-Winters,59320.0,50286.279373393954
2023-11-01,S1_la_aurora,Holt-Winters,89115.0,62860.229922312275
2023-12-01,S1_la_aurora,Holt-Winters,108287.0,78417.58290685833
2024-01-01,S1_la_aurora,Holt-Winters,95943.0,58218.783951546924
2024-02-01,S1_la_aurora,Holt-Winters,98780.0,46128.70192677679
2024-03-01,S1_la_aurora,Holt-Winters,108306.0,60072.054454612095
2024-04-01,S1_la_aurora,Holt-Winters,87832.0,50110.39507190526
2024-05-01,S1_la_aurora,Holt-Winters,87971.0,44046.301241814115
2024-06-01,S1_la_aurora,Holt-Winters,104432.0,60646.70760315748
2024-07-01,S1_la_aurora,Holt-Winters,110289.0,70655.64751474932
2024-08-01,S1_la_aurora,Holt-Winters,88601.0,51036.049549413634
2024-09-01,S1_la_aurora,Holt-Winters,69259.0,39389.374944873765
2024-10-01,S1_la_aurora,Holt-Winters,81163.0,50287.44730025746
2024-11-01,S1_la_aurora,Holt-Winters,97101.0,62861.16426380308
2024-12-01,S1_la_aurora,Holt-Winters,112947.0,78418.33038005096
2025-01-01,S1_la_aurora,Holt-Winters,101100.0,58219.381930101044
2025-02-01,S1_la_aurora,Holt-Winters,92669.0,46129.18030962008
2025-03-01,S1_la_aurora,Holt-Winters,107158.0,60072.43716088672
2025-04-01,S1_la_aurora,Holt-Winters,93445.0,50110.701236924964
2025-05-01,S1_la_aurora,Holt-Winters,87746.0,44046.546173829876
2025-06-01,S1_la_aurora,Holt-Winters,99386.0,60646.9035487701
2025-07-01,S1_la_aurora,Holt-Winters,117314.0,70655.80427123941
2025-08-01,S1_la_aurora,Holt-Winters,90568.0,51036.1749546057
2025-09-01,S1_la_aurora,Holt-Winters,70415.0,39389.47526902742
2025-10-01,S1_la_aurora,Holt-Winters,89989.0,50287.52755958038
2025-11-01,S1_la_aurora,Holt-Winters,111541.0,62861.22847126142
2025-12-01,S1_la_aurora,Holt-Winters,127274.0,78418.38174601764
2026-01-01,S1_la_aurora,Holt-Winters,113422.0,58219.423022874376
2026-02-01,S1_la_aurora,Holt-Winters,106723.0,46129.21318383875
2026-03-01,S1_la_aurora,Holt-Winters,127510.0,60072.46346026166
2026-04-01,S1_la_aurora,Holt-Winters,102021.0,50110.722276424916
2026-05-01,S1_la_aurora,Holt-Winters,95801.0,44046.56300542984
2026-06-01,S1_la_aurora,Holt-Winters,98198.0,60646.917014050065
2021-04-01,S1_la_aurora,Suavizamiento exponencial simple,33042.102901499005,58806.1391715025
2021-05-01,S1_la_aurora,Suavizamiento exponencial simple,58366.0,58806.1391715025
2021-06-01,S1_la_aurora,Suavizamiento exponencial simple,73409.0,58806.1391715025
2021-07-01,S1_la_aurora,Suavizamiento exponencial simple,70338.0,58806.1391715025
2021-08-01,S1_la_aurora,Suavizamiento exponencial simple,50329.0,58806.1391715025
2021-09-01,S1_la_aurora,Suavizamiento exponencial simple,45550.99999999996,58806.1391715025
2021-10-01,S1_la_aurora,Suavizamiento exponencial simple,58214.0,58806.1391715025
2021-11-01,S1_la_aurora,Suavizamiento exponencial simple,68341.0,58806.1391715025
2021-12-01,S1_la_aurora,Suavizamiento exponencial simple,122055.0,58806.1391715025
2022-01-01,S1_la_aurora,Suavizamiento exponencial simple,97425.0,58806.1391715025
2022-02-01,S1_la_aurora,Suavizamiento exponencial simple,80430.0,58806.1391715025
2022-03-01,S1_la_aurora,Suavizamiento exponencial simple,106039.0,58806.1391715025
2022-04-01,S1_la_aurora,Suavizamiento exponencial simple,120691.0,58806.1391715025
2022-05-01,S1_la_aurora,Suavizamiento exponencial simple,111743.0,58806.1391715025
2022-06-01,S1_la_aurora,Suavizamiento exponencial simple,123396.0,58806.1391715025
2022-07-01,S1_la_aurora,Suavizamiento exponencial simple,124569.0,58806.1391715025
2022-08-01,S1_la_aurora,Suavizamiento exponencial simple,108814.0,58806.1391715025
2022-09-01,S1_la_aurora,Suavizamiento exponencial simple,103185.0,58806.1391715025
2022-10-01,S1_la_aurora,Suavizamiento exponencial simple,122906.0,58806.1391715025
2022-11-01,S1_la_aurora,Suavizamiento exponencial simple,131130.0,58806.1391715025
2022-12-01,S1_la_aurora,Suavizamiento exponencial simple,158073.0,58806.1391715025
2023-01-01,S1_la_aurora,Suavizamiento exponencial simple,76213.0,58806.1391715025
2023-02-01,S1_la_aurora,Suavizamiento exponencial simple,75139.0,58806.1391715025
2023-03-01,S1_la_aurora,Suavizamiento exponencial simple,92427.0,58806.1391715025
2023-04-01,S1_la_aurora,Suavizamiento exponencial simple,79177.0,58806.1391715025
2023-05-01,S1_la_aurora,Suavizamiento exponencial simple,71800.0,58806.1391715025
2023-06-01,S1_la_aurora,Suavizamiento exponencial simple,87748.0,58806.1391715025
2023-07-01,S1_la_aurora,Suavizamiento exponencial simple,98942.0,58806.1391715025
2023-08-01,S1_la_aurora,Suavizamiento exponencial simple,79084.0,58806.1391715025
2023-09-01,S1_la_aurora,Suavizamiento exponencial simple,67300.0,58806.1391715025
2023-10-01,S1_la_aurora,Suavizamiento exponencial simple,59320.0,58806.1391715025
2023-11-01,S1_la_aurora,Suavizamiento exponencial simple,89115.0,58806.1391715025
2023-12-01,S1_la_aurora,Suavizamiento exponencial simple,108287.0,58806.1391715025
2024-01-01,S1_la_aurora,Suavizamiento exponencial simple,95943.0,58806.1391715025
2024-02-01,S1_la_aurora,Suavizamiento exponencial simple,98780.0,58806.1391715025
2024-03-01,S1_la_aurora,Suavizamiento exponencial simple,108306.0,58806.1391715025
2024-04-01,S1_la_aurora,Suavizamiento exponencial simple,87832.0,58806.1391715025
2024-05-01,S1_la_aurora,Suavizamiento exponencial simple,87971.0,58806.1391715025
2024-06-01,S1_la_aurora,Suavizamiento exponencial simple,104432.0,58806.1391715025
2024-07-01,S1_la_aurora,Suavizamiento exponencial simple,110289.0,58806.1391715025
2024-08-01,S1_la_aurora,Suavizamiento exponencial simple,88601.0,58806.1391715025
2024-09-01,S1_la_aurora,Suavizamiento exponencial simple,69259.0,58806.1391715025
2024-10-01,S1_la_aurora,Suavizamiento exponencial simple,81163.0,58806.1391715025
2024-11-01,S1_la_aurora,Suavizamiento exponencial simple,97101.0,58806.1391715025
2024-12-01,S1_la_aurora,Suavizamiento exponencial simple,112947.0,58806.1391715025
2025-01-01,S1_la_aurora,Suavizamiento exponencial simple,101100.0,58806.1391715025
2025-02-01,S1_la_aurora,Suavizamiento exponencial simple,92669.0,58806.1391715025
2025-03-01,S1_la_aurora,Suavizamiento exponencial simple,107158.0,58806.1391715025
2025-04-01,S1_la_aurora,Suavizamiento exponencial simple,93445.0,58806.1391715025
2025-05-01,S1_la_aurora,Suavizamiento exponencial simple,87746.0,58806.1391715025
2025-06-01,S1_la_aurora,Suavizamiento exponencial simple,99386.0,58806.1391715025
2025-07-01,S1_la_aurora,Suavizamiento exponencial simple,117314.0,58806.1391715025
2025-08-01,S1_la_aurora,Suavizamiento exponencial simple,90568.0,58806.1391715025
2025-09-01,S1_la_aurora,Suavizamiento exponencial simple,70415.0,58806.1391715025
2025-10-01,S1_la_aurora,Suavizamiento exponencial simple,89989.0,58806.1391715025
2025-11-01,S1_la_aurora,Suavizamiento exponencial simple,111541.0,58806.1391715025
2025-12-01,S1_la_aurora,Suavizamiento exponencial simple,127274.0,58806.1391715025
2026-01-01,S1_la_aurora,Suavizamiento exponencial simple,113422.0,58806.1391715025
2026-02-01,S1_la_aurora,Suavizamiento exponencial simple,106723.0,58806.1391715025
2026-03-01,S1_la_aurora,Suavizamiento exponencial simple,127510.0,58806.1391715025
2026-04-01,S1_la_aurora,Suavizamiento exponencial simple,102021.0,58806.1391715025
2026-05-01,S1_la_aurora,Suavizamiento exponencial simple,95801.0,58806.1391715025
2026-06-01,S1_la_aurora,Suavizamiento exponencial simple,98198.0,58806.1391715025
2021-04-01,S1_la_aurora,Seasonal Naive,33042.102901499005,484.0
2021-05-01,S1_la_aurora,Seasonal Naive,58366.0,608.0
2021-06-01,S1_la_aurora,Seasonal Naive,73409.0,1418.0
2021-07-01,S1_la_aurora,Seasonal Naive,70338.0,1047.0
2021-08-01,S1_la_aurora,Seasonal Naive,50329.0,1259.0
2021-09-01,S1_la_aurora,Seasonal Naive,45550.99999999996,5598.0
2021-10-01,S1_la_aurora,Seasonal Naive,58214.0,5306.932304319845
2021-11-01,S1_la_aurora,Seasonal Naive,68341.0,38988.0
2021-12-01,S1_la_aurora,Seasonal Naive,122055.0,50370.0
2022-01-01,S1_la_aurora,Seasonal Naive,97425.0,40801.0
2022-02-01,S1_la_aurora,Seasonal Naive,80430.0,28780.0
2022-03-01,S1_la_aurora,Seasonal Naive,106039.0,58806.13961892685
2022-04-01,S1_la_aurora,Seasonal Naive,120691.0,484.0
2022-05-01,S1_la_aurora,Seasonal Naive,111743.0,608.0
2022-06-01,S1_la_aurora,Seasonal Naive,123396.0,1418.0
2022-07-01,S1_la_aurora,Seasonal Naive,124569.0,1047.0
2022-08-01,S1_la_aurora,Seasonal Naive,108814.0,1259.0
2022-09-01,S1_la_aurora,Seasonal Naive,103185.0,5598.0
2022-10-01,S1_la_aurora,Seasonal Naive,122906.0,5306.932304319845
2022-11-01,S1_la_aurora,Seasonal Naive,131130.0,38988.0
2022-12-01,S1_la_aurora,Seasonal Naive,158073.0,50370.0
2023-01-01,S1_la_aurora,Seasonal Naive,76213.0,40801.0
2023-02-01,S1_la_aurora,Seasonal Naive,75139.0,28780.0
2023-03-01,S1_la_aurora,Seasonal Naive,92427.0,58806.13961892685
2023-04-01,S1_la_aurora,Seasonal Naive,79177.0,484.0
2023-05-01,S1_la_aurora,Seasonal Naive,71800.0,608.0
2023-06-01,S1_la_aurora,Seasonal Naive,87748.0,1418.0
2023-07-01,S1_la_aurora,Seasonal Naive,98942.0,1047.0
2023-08-01,S1_la_aurora,Seasonal Naive,79084.0,1259.0
2023-09-01,S1_la_aurora,Seasonal Naive,67300.0,5598.0
2023-10-01,S1_la_aurora,Seasonal Naive,59320.0,5306.932304319845
2023-11-01,S1_la_aurora,Seasonal Naive,89115.0,38988.0
2023-12-01,S1_la_aurora,Seasonal Naive,108287.0,50370.0
2024-01-01,S1_la_aurora,Seasonal Naive,95943.0,40801.0
2024-02-01,S1_la_aurora,Seasonal Naive,98780.0,28780.0
2024-03-01,S1_la_aurora,Seasonal Naive,108306.0,58806.13961892685
2024-04-01,S1_la_aurora,Seasonal Naive,87832.0,484.0
2024-05-01,S1_la_aurora,Seasonal Naive,87971.0,608.0
2024-06-01,S1_la_aurora,Seasonal Naive,104432.0,1418.0
2024-07-01,S1_la_aurora,Seasonal Naive,110289.0,1047.0
2024-08-01,S1_la_aurora,Seasonal Naive,88601.0,1259.0
2024-09-01,S1_la_aurora,Seasonal Naive,69259.0,5598.0
2024-10-01,S1_la_aurora,Seasonal Naive,81163.0,5306.932304319845
2024-11-01,S1_la_aurora,Seasonal Naive,97101.0,38988.0
2024-12-01,S1_la_aurora,Seasonal Naive,112947.0,50370.0
2025-01-01,S1_la_aurora,Seasonal Naive,101100.0,40801.0
2025-02-01,S1_la_aurora,Seasonal Naive,92669.0,28780.0
2025-03-01,S1_la_aurora,Seasonal Naive,107158.0,58806.13961892685
2025-04-01,S1_la_aurora,Seasonal Naive,93445.0,484.0
2025-05-01,S1_la_aurora,Seasonal Naive,87746.0,608.0
2025-06-01,S1_la_aurora,Seasonal Naive,99386.0,1418.0
2025-07-01,S1_la_aurora,Seasonal Naive,117314.0,1047.0
2025-08-01,S1_la_aurora,Seasonal Naive,90568.0,1259.0
2025-09-01,S1_la_aurora,Seasonal Naive,70415.0,5598.0
2025-10-01,S1_la_aurora,Seasonal Naive,89989.0,5306.932304319845
2025-11-01,S1_la_aurora,Seasonal Naive,111541.0,38988.0
2025-12-01,S1_la_aurora,Seasonal Naive,127274.0,50370.0
2026-01-01,S1_la_aurora,Seasonal Naive,113422.0,40801.0
2026-02-01,S1_la_aurora,Seasonal Naive,106723.0,28780.0
2026-03-01,S1_la_aurora,Seasonal Naive,127510.0,58806.13961892685
2026-04-01,S1_la_aurora,Seasonal Naive,102021.0,484.0
2026-05-01,S1_la_aurora,Seasonal Naive,95801.0,608.0
2026-06-01,S1_la_aurora,Seasonal Naive,98198.0,1418.0
2021-04-01,S2_valle_nuevo,"ARIMA(1,1,1)",5581.909090909091,6203.824946153817
2021-05-01,S2_valle_nuevo,"ARIMA(1,1,1)",2173.0,6190.882085863588
2021-06-01,S2_valle_nuevo,"ARIMA(1,1,1)",6330.0,6189.975824344915
2021-07-01,S2_valle_nuevo,"ARIMA(1,1,1)",7752.0,6189.912301759373
2021-08-01,S2_valle_nuevo,"ARIMA(1,1,1)",5674.0,6189.907848946666
2021-09-01,S2_valle_nuevo,"ARIMA(1,1,1)",6964.0,6189.90753681135
2021-10-01,S2_valle_nuevo,"ARIMA(1,1,1)",5512.0,6189.907514931138
2021-11-01,S2_valle_nuevo,"ARIMA(1,1,1)",9665.0,6189.9075133973665
2021-12-01,S2_valle_nuevo,"ARIMA(1,1,1)",44275.12394366197,6189.907513289853
2022-01-01,S2_valle_nuevo,"ARIMA(1,1,1)",10236.0,6189.907513282321
2022-02-01,S2_valle_nuevo,"ARIMA(1,1,1)",34017.2,6189.907513281793
2022-03-01,S2_valle_nuevo,"ARIMA(1,1,1)",44640.0,6189.907513281761
2022-04-01,S2_valle_nuevo,"ARIMA(1,1,1)",44657.0,6189.907513281761
2022-05-01,S2_valle_nuevo,"ARIMA(1,1,1)",40398.0,6189.907513281761
2022-06-01,S2_valle_nuevo,"ARIMA(1,1,1)",43309.0,6189.907513281761
2022-07-01,S2_valle_nuevo,"ARIMA(1,1,1)",53818.0,6189.907513281761
2022-08-01,S2_valle_nuevo,"ARIMA(1,1,1)",60351.0,6189.907513281761
2022-09-01,S2_valle_nuevo,"ARIMA(1,1,1)",57159.0,6189.907513281761
2022-10-01,S2_valle_nuevo,"ARIMA(1,1,1)",61319.0,6189.907513281761
2022-11-01,S2_valle_nuevo,"ARIMA(1,1,1)",79351.0,6189.907513281761
2022-12-01,S2_valle_nuevo,"ARIMA(1,1,1)",93131.0,6189.907513281761
2023-01-01,S2_valle_nuevo,"ARIMA(1,1,1)",45433.87234627529,6189.907513281761
2023-02-01,S2_valle_nuevo,"ARIMA(1,1,1)",38432.78921090656,6189.907513281761
2023-03-01,S2_valle_nuevo,"ARIMA(1,1,1)",44519.65945947915,6189.907513281761
2023-04-01,S2_valle_nuevo,"ARIMA(1,1,1)",63026.790449355445,6189.907513281761
2023-05-01,S2_valle_nuevo,"ARIMA(1,1,1)",42574.15617964926,6189.907513281761
2023-06-01,S2_valle_nuevo,"ARIMA(1,1,1)",43575.71907316531,6189.907513281761
2023-07-01,S2_valle_nuevo,"ARIMA(1,1,1)",52537.93363914358,6189.907513281761
2023-08-01,S2_valle_nuevo,"ARIMA(1,1,1)",59555.01541972068,6189.907513281761
2023-09-01,S2_valle_nuevo,"ARIMA(1,1,1)",51732.34620334615,6189.907513281761
2023-10-01,S2_valle_nuevo,"ARIMA(1,1,1)",26576.944899911174,6189.907513281761
2023-11-01,S2_valle_nuevo,"ARIMA(1,1,1)",54846.37611349384,6189.907513281761
2023-12-01,S2_valle_nuevo,"ARIMA(1,1,1)",80147.63761785896,6189.907513281761
2024-01-01,S2_valle_nuevo,"ARIMA(1,1,1)",55998.01466922343,6189.907513281761
2024-02-01,S2_valle_nuevo,"ARIMA(1,1,1)",47578.58854296376,6189.907513281761
2024-03-01,S2_valle_nuevo,"ARIMA(1,1,1)",69483.89288750275,6189.907513281761
2024-04-01,S2_valle_nuevo,"ARIMA(1,1,1)",45274.21212442566,6189.907513281761
2024-05-01,S2_valle_nuevo,"ARIMA(1,1,1)",52065.83724928357,6189.907513281761
2024-06-01,S2_valle_nuevo,"ARIMA(1,1,1)",43108.65849387046,6189.907513281761
2024-07-01,S2_valle_nuevo,"ARIMA(1,1,1)",52248.67751774468,6189.907513281761
2024-08-01,S2_valle_nuevo,"ARIMA(1,1,1)",72500.72250770808,6189.907513281761
2024-09-01,S2_valle_nuevo,"ARIMA(1,1,1)",47965.38622974952,6189.907513281761
2024-10-01,S2_valle_nuevo,"ARIMA(1,1,1)",55027.38369546927,6189.907513281761
2024-11-01,S2_valle_nuevo,"ARIMA(1,1,1)",70012.1751152075,6189.907513281761
2024-12-01,S2_valle_nuevo,"ARIMA(1,1,1)",92168.47324426158,6189.907513281761
2025-01-01,S2_valle_nuevo,"ARIMA(1,1,1)",57653.42273925849,6189.907513281761
2025-02-01,S2_valle_nuevo,"ARIMA(1,1,1)",45789.08259423505,6189.907513281761
2025-03-01,S2_valle_nuevo,"ARIMA(1,1,1)",52055.72278181085,6189.907513281761
2025-04-01,S2_valle_nuevo,"ARIMA(1,1,1)",66666.01243304134,6189.907513281761
2025-05-01,S2_valle_nuevo,"ARIMA(1,1,1)",49206.28143342576,6189.907513281761
2025-06-01,S2_valle_nuevo,"ARIMA(1,1,1)",50110.56583836609,6189.907513281761
2025-07-01,S2_valle_nuevo,"ARIMA(1,1,1)",50413.4597485248,6189.907513281761
2025-08-01,S2_valle_nuevo,"ARIMA(1,1,1)",72139.24531894638,6189.907513281761
2025-09-01,S2_valle_nuevo,"ARIMA(1,1,1)",47259.45296034146,6189.907513281761
2025-10-01,S2_valle_nuevo,"ARIMA(1,1,1)",51903.318752531406,6189.907513281761
2025-11-01,S2_valle_nuevo,"ARIMA(1,1,1)",66260.86478555299,6189.907513281761
2025-12-01,S2_valle_nuevo,"ARIMA(1,1,1)",89656.1220472439,6189.907513281761
2026-01-01,S2_valle_nuevo,"ARIMA(1,1,1)",52834.37632135325,6189.907513281761
2026-02-01,S2_valle_nuevo,"ARIMA(1,1,1)",36006.248553054684,6189.907513281761
2026-03-01,S2_valle_nuevo,"ARIMA(1,1,1)",45614.28181635124,6189.907513281761
2026-04-01,S2_valle_nuevo,"ARIMA(1,1,1)",48757.224880501926,6189.907513281761
2026-05-01,S2_valle_nuevo,"ARIMA(1,1,1)",44810.39636504233,6189.907513281761
2026-06-01,S2_valle_nuevo,"ARIMA(1,1,1)",44166.617542663545,6189.907513281761
2021-04-01,S2_valle_nuevo,"SARIMA(1,1,1)(0,1,1,12)",5581.909090909091,492.1383406200361
2021-05-01,S2_valle_nuevo,"SARIMA(1,1,1)(0,1,1,12)",2173.0,439.592443190401
2021-06-01,S2_valle_nuevo,"SARIMA(1,1,1)(0,1,1,12)",6330.0,442.8807009237233
2021-07-01,S2_valle_nuevo,"SARIMA(1,1,1)(0,1,1,12)",7752.0,597.4225335908961
2021-08-01,S2_valle_nuevo,"SARIMA(1,1,1)(0,1,1,12)",5674.0,624.1180034329061
2021-09-01,S2_valle_nuevo,"SARIMA(1,1,1)(0,1,1,12)",6964.0,999.6035364503999
2021-10-01,S2_valle_nuevo,"SARIMA(1,1,1)(0,1,1,12)",5512.0,1563.3849681237157
2021-11-01,S2_valle_nuevo,"SARIMA(1,1,1)(0,1,1,12)",9665.0,2358.801562554263
2021-12-01,S2_valle_nuevo,"SARIMA(1,1,1)(0,1,1,12)",44275.12394366197,338.1614331690689
2022-01-01,S2_valle_nuevo,"SARIMA(1,1,1)(0,1,1,12)",10236.0,3839.5627956797816
2022-02-01,S2_valle_nuevo,"SARIMA(1,1,1)(0,1,1,12)",34017.2,2943.557272327532
2022-03-01,S2_valle_nuevo,"SARIMA(1,1,1)(0,1,1,12)",44640.0,2115.3528219782015
2022-04-01,S2_valle_nuevo,"SARIMA(1,1,1)(0,1,1,12)",44657.0,173.5405861574776
2022-05-01,S2_valle_nuevo,"SARIMA(1,1,1)(0,1,1,12)",40398.0,154.94780568137028
2022-06-01,S2_valle_nuevo,"SARIMA(1,1,1)(0,1,1,12)",43309.0,156.1072694296292
2022-07-01,S2_valle_nuevo,"SARIMA(1,1,1)(0,1,1,12)",53818.0,210.58040823312717
2022-08-01,S2_valle_nuevo,"SARIMA(1,1,1)(0,1,1,12)",60351.0,219.9900682911267
2022-09-01,S2_valle_nuevo,"SARIMA(1,1,1)(0,1,1,12)",57159.0,352.34178318532526
2022-10-01,S2_valle_nuevo,"SARIMA(1,1,1)(0,1,1,12)",61319.0,551.0643243919508
2022-11-01,S2_valle_nuevo,"SARIMA(1,1,1)(0,1,1,12)",79351.0,831.4339819984639
2022-12-01,S2_valle_nuevo,"SARIMA(1,1,1)(0,1,1,12)",93131.0,119.19565910139951
2023-01-01,S2_valle_nuevo,"SARIMA(1,1,1)(0,1,1,12)",45433.87234627529,1353.374965924781
2023-02-01,S2_valle_nuevo,"SARIMA(1,1,1)(0,1,1,12)",38432.78921090656,1037.5495688249598
2023-03-01,S2_valle_nuevo,"SARIMA(1,1,1)(0,1,1,12)",44519.65945947915,745.6227976229203
2023-04-01,S2_valle_nuevo,"SARIMA(1,1,1)(0,1,1,12)",63026.790449355445,61.169851198086896
2023-05-01,S2_valle_nuevo,"SARIMA(1,1,1)(0,1,1,12)",42574.15617964926,54.61623950260643
2023-06-01,S2_valle_nuevo,"SARIMA(1,1,1)(0,1,1,12)",43575.71907316531,55.024929057718424
2023-07-01,S2_valle_nuevo,"SARIMA(1,1,1)(0,1,1,12)",52537.93363914358,74.22570432696301
2023-08-01,S2_valle_nuevo,"SARIMA(1,1,1)(0,1,1,12)",59555.01541972068,77.54243569405716
2023-09-01,S2_valle_nuevo,"SARIMA(1,1,1)(0,1,1,12)",51732.34620334615,124.19397056062236
2023-10-01,S2_valle_nuevo,"SARIMA(1,1,1)(0,1,1,12)",26576.944899911174,194.2399957842799
2023-11-01,S2_valle_nuevo,"SARIMA(1,1,1)(0,1,1,12)",54846.37611349384,293.0651214565318
2023-12-01,S2_valle_nuevo,"SARIMA(1,1,1)(0,1,1,12)",80147.63761785896,42.01426820164243
2024-01-01,S2_valle_nuevo,"SARIMA(1,1,1)(0,1,1,12)",55998.01466922343,477.03967765622104
2024-02-01,S2_valle_nuevo,"SARIMA(1,1,1)(0,1,1,12)",47578.58854296376,365.7170587061966
2024-03-01,S2_valle_nuevo,"SARIMA(1,1,1)(0,1,1,12)",69483.89288750275,262.8182639599206
2024-04-01,S2_valle_nuevo,"SARIMA(1,1,1)(0,1,1,12)",45274.21212442566,21.561242695127696
2024-05-01,S2_valle_nuevo,"SARIMA(1,1,1)(0,1,1,12)",52065.83724928357,19.25121562250502
2024-06-01,S2_valle_nuevo,"SARIMA(1,1,1)(0,1,1,12)",43108.65849387046,19.395271141884955
2024-07-01,S2_valle_nuevo,"SARIMA(1,1,1)(0,1,1,12)",52248.67751774468,26.16318977183474
2024-08-01,S2_valle_nuevo,"SARIMA(1,1,1)(0,1,1,12)",72500.72250770808,27.332276316264597
2024-09-01,S2_valle_nuevo,"SARIMA(1,1,1)(0,1,1,12)",47965.38622974952,43.77608066852505
2024-10-01,S2_valle_nuevo,"SARIMA(1,1,1)(0,1,1,12)",55027.38369546927,68.46601075819564
2024-11-01,S2_valle_nuevo,"SARIMA(1,1,1)(0,1,1,12)",70012.1751152075,103.30004218481713
2024-12-01,S2_valle_nuevo,"SARIMA(1,1,1)(0,1,1,12)",92168.47324426158,14.809253506605412
2025-01-01,S2_valle_nuevo,"SARIMA(1,1,1)(0,1,1,12)",57653.42273925849,168.14767509967328
2025-02-01,S2_valle_nuevo,"SARIMA(1,1,1)(0,1,1,12)",45789.08259423505,128.90850813054112
2025-03-01,S2_valle_nuevo,"SARIMA(1,1,1)(0,1,1,12)",52055.72278181085,92.63858359899385
2025-04-01,S2_valle_nuevo,"SARIMA(1,1,1)(0,1,1,12)",66666.01243304134,7.59993979800195
2025-05-01,S2_valle_nuevo,"SARIMA(1,1,1)(0,1,1,12)",49206.28143342576,6.78569792280362
2025-06-01,S2_valle_nuevo,"SARIMA(1,1,1)(0,1,1,12)",50110.56583836609,6.836474832573519
2025-07-01,S2_valle_nuevo,"SARIMA(1,1,1)(0,1,1,12)",50413.4597485248,9.222041141189738
2025-08-01,S2_valle_nuevo,"SARIMA(1,1,1)(0,1,1,12)",72139.24531894638,9.634122554211856
2025-09-01,S2_valle_nuevo,"SARIMA(1,1,1)(0,1,1,12)",47259.45296034146,15.430259859207842
2025-10-01,S2_valle_nuevo,"SARIMA(1,1,1)(0,1,1,12)",51903.318752531406,24.13300417462597
2025-11-01,S2_valle_nuevo,"SARIMA(1,1,1)(0,1,1,12)",66260.86478555299,36.41135684229737
2025-12-01,S2_valle_nuevo,"SARIMA(1,1,1)(0,1,1,12)",89656.1220472439,5.219988323260411
2026-01-01,S2_valle_nuevo,"SARIMA(1,1,1)(0,1,1,12)",52834.37632135325,59.26894966124958
2026-02-01,S2_valle_nuevo,"SARIMA(1,1,1)(0,1,1,12)",36006.248553054684,45.43786808094063
2026-03-01,S2_valle_nuevo,"SARIMA(1,1,1)(0,1,1,12)",45614.28181635124,32.65338961578597
2026-04-01,S2_valle_nuevo,"SARIMA(1,1,1)(0,1,1,12)",48757.224880501926,2.6788384023109213
2026-05-01,S2_valle_nuevo,"SARIMA(1,1,1)(0,1,1,12)",44810.39636504233,2.3918331809505635
2026-06-01,S2_valle_nuevo,"SARIMA(1,1,1)(0,1,1,12)",44166.617542663545,2.409731103757537
2021-04-01,S2_valle_nuevo,"SARIMA(2,1,1)(1,1,0,12)",5581.909090909091,899.4245958837428
2021-05-01,S2_valle_nuevo,"SARIMA(2,1,1)(1,1,0,12)",2173.0,671.576912051511
2021-06-01,S2_valle_nuevo,"SARIMA(2,1,1)(1,1,0,12)",6330.0,616.8081560850173
2021-07-01,S2_valle_nuevo,"SARIMA(2,1,1)(1,1,0,12)",7752.0,787.9899464568041
2021-08-01,S2_valle_nuevo,"SARIMA(2,1,1)(1,1,0,12)",5674.0,822.277895087547
2021-09-01,S2_valle_nuevo,"SARIMA(2,1,1)(1,1,0,12)",6964.0,1093.8126329736735
2021-10-01,S2_valle_nuevo,"SARIMA(2,1,1)(1,1,0,12)",5512.0,1575.8214640080953
2021-11-01,S2_valle_nuevo,"SARIMA(2,1,1)(1,1,0,12)",9665.0,2298.3714299378153
2021-12-01,S2_valle_nuevo,"SARIMA(2,1,1)(1,1,0,12)",44275.12394366197,538.3728650240413
2022-01-01,S2_valle_nuevo,"SARIMA(2,1,1)(1,1,0,12)",10236.0,3119.472051177441
2022-02-01,S2_valle_nuevo,"SARIMA(2,1,1)(1,1,0,12)",34017.2,2458.082228017062
2022-03-01,S2_valle_nuevo,"SARIMA(2,1,1)(1,1,0,12)",44640.0,1189.8970156960277
2022-04-01,S2_valle_nuevo,"SARIMA(2,1,1)(1,1,0,12)",44657.0,28.64784183201859
2022-05-01,S2_valle_nuevo,"SARIMA(2,1,1)(1,1,0,12)",40398.0,24.950677504612962
2022-06-01,S2_valle_nuevo,"SARIMA(2,1,1)(1,1,0,12)",43309.0,25.272682690032045
2022-07-01,S2_valle_nuevo,"SARIMA(2,1,1)(1,1,0,12)",53818.0,35.76136126435076
2022-08-01,S2_valle_nuevo,"SARIMA(2,1,1)(1,1,0,12)",60351.0,37.13054832059381
2022-09-01,S2_valle_nuevo,"SARIMA(2,1,1)(1,1,0,12)",57159.0,79.69168434854608
2022-10-01,S2_valle_nuevo,"SARIMA(2,1,1)(1,1,0,12)",61319.0,153.53143913898413
2022-11-01,S2_valle_nuevo,"SARIMA(2,1,1)(1,1,0,12)",79351.0,292.4066517835926
2022-12-01,S2_valle_nuevo,"SARIMA(2,1,1)(1,1,0,12)",93131.0,13.351449588794324
2023-01-01,S2_valle_nuevo,"SARIMA(2,1,1)(1,1,0,12)",45433.87234627529,562.9139793655327
2023-02-01,S2_valle_nuevo,"SARIMA(2,1,1)(1,1,0,12)",38432.78921090656,416.22138968732577
2023-03-01,S2_valle_nuevo,"SARIMA(2,1,1)(1,1,0,12)",44519.65945947915,265.700238037098
2023-04-01,S2_valle_nuevo,"SARIMA(2,1,1)(1,1,0,12)",63026.790449355445,18.86622427567745
2023-05-01,S2_valle_nuevo,"SARIMA(2,1,1)(1,1,0,12)",42574.15617964926,14.952682640905167
2023-06-01,S2_valle_nuevo,"SARIMA(2,1,1)(1,1,0,12)",43575.71907316531,14.264113251255472
2023-07-01,S2_valle_nuevo,"SARIMA(2,1,1)(1,1,0,12)",52537.93363914358,18.958940329552988
2023-08-01,S2_valle_nuevo,"SARIMA(2,1,1)(1,1,0,12)",59555.01541972068,19.745455485322754
2023-09-01,S2_valle_nuevo,"SARIMA(2,1,1)(1,1,0,12)",51732.34620334615,31.61421268581151
2023-10-01,S2_valle_nuevo,"SARIMA(2,1,1)(1,1,0,12)",26576.944899911174,50.97387332740025
2023-11-01,S2_valle_nuevo,"SARIMA(2,1,1)(1,1,0,12)",54846.37611349384,82.44316688798442
2023-12-01,S2_valle_nuevo,"SARIMA(2,1,1)(1,1,0,12)",80147.63761785896,10.249363780954695
2024-01-01,S2_valle_nuevo,"SARIMA(2,1,1)(1,1,0,12)",55998.01466922343,128.12228653551173
2024-02-01,S2_valle_nuevo,"SARIMA(2,1,1)(1,1,0,12)",47578.58854296376,98.49954506391069
2024-03-01,S2_valle_nuevo,"SARIMA(2,1,1)(1,1,0,12)",69483.89288750275,53.07602397825585
2024-04-01,S2_valle_nuevo,"SARIMA(2,1,1)(1,1,0,12)",45274.21212442566,1.9429413331491636
2024-05-01,S2_valle_nuevo,"SARIMA(2,1,1)(1,1,0,12)",52065.83724928357,1.6314828736576483
2024-06-01,S2_valle_nuevo,"SARIMA(2,1,1)(1,1,0,12)",43108.65849387046,1.614587608423651
2024-07-01,S2_valle_nuevo,"SARIMA(2,1,1)(1,1,0,12)",52248.67751774468,2.2299177021395447
2024-08-01,S2_valle_nuevo,"SARIMA(2,1,1)(1,1,0,12)",72500.72250770808,2.3180546587731428
2024-09-01,S2_valle_nuevo,"SARIMA(2,1,1)(1,1,0,12)",47965.38622974952,4.441184352611424
2024-10-01,S2_valle_nuevo,"SARIMA(2,1,1)(1,1,0,12)",55027.38369546927,7.985968436957488
2024-11-01,S2_valle_nuevo,"SARIMA(2,1,1)(1,1,0,12)",70012.1751152075,14.276336970937141
2024-12-01,S2_valle_nuevo,"SARIMA(2,1,1)(1,1,0,12)",92168.47324426158,0.9609246628651826
2025-01-01,S2_valle_nuevo,"SARIMA(2,1,1)(1,1,0,12)",57653.42273925849,25.295700975266882
2025-02-01,S2_valle_nuevo,"SARIMA(2,1,1)(1,1,0,12)",45789.08259423505,18.988345963470326
2025-03-01,S2_valle_nuevo,"SARIMA(2,1,1)(1,1,0,12)",52055.72278181085,11.351119776515397
2025-04-01,S2_valle_nuevo,"SARIMA(2,1,1)(1,1,0,12)",66666.01243304134,0.6235288681944091
2025-05-01,S2_valle_nuevo,"SARIMA(2,1,1)(1,1,0,12)",49206.28143342576,0.5053714970116742
2025-06-01,S2_valle_nuevo,"SARIMA(2,1,1)(1,1,0,12)",50110.56583836609,0.4890093976248076
2025-07-01,S2_valle_nuevo,"SARIMA(2,1,1)(1,1,0,12)",50413.4597485248,0.659690500484718
2025-08-01,S2_valle_nuevo,"SARIMA(2,1,1)(1,1,0,12)",72139.24531894638,0.6865565435301442
2025-09-01,S2_valle_nuevo,"SARIMA(2,1,1)(1,1,0,12)",47259.45296034146,1.1784070711796812
2025-10-01,S2_valle_nuevo,"SARIMA(2,1,1)(1,1,0,12)",51903.318752531406,1.982031426230959
2025-11-01,S2_valle_nuevo,"SARIMA(2,1,1)(1,1,0,12)",66260.86478555299,3.3324508699307995
2025-12-01,S2_valle_nuevo,"SARIMA(2,1,1)(1,1,0,12)",89656.1220472439,0.3266392052808267
2026-01-01,S2_valle_nuevo,"SARIMA(2,1,1)(1,1,0,12)",52834.37632135325,5.448809282708466
2026-02-01,S2_valle_nuevo,"SARIMA(2,1,1)(1,1,0,12)",36006.248553054684,4.1504373837846975
2026-03-01,S2_valle_nuevo,"SARIMA(2,1,1)(1,1,0,12)",45614.28181635124,2.328231319673218
2026-04-01,S2_valle_nuevo,"SARIMA(2,1,1)(1,1,0,12)",48757.224880501926,0.09974108054098794
2026-05-01,S2_valle_nuevo,"SARIMA(2,1,1)(1,1,0,12)",44810.39636504233,0.08261190972746234
2026-06-01,S2_valle_nuevo,"SARIMA(2,1,1)(1,1,0,12)",44166.617542663545,0.08104674367200854
2021-04-01,S2_valle_nuevo,"auto_arima(1, 0, 1)x(0, 0, 0, 12)",5581.909090909091,6281.263262971844
2021-05-01,S2_valle_nuevo,"auto_arima(1, 0, 1)x(0, 0, 0, 12)",2173.0,6178.283636074033
2021-06-01,S2_valle_nuevo,"auto_arima(1, 0, 1)x(0, 0, 0, 12)",6330.0,6077.182220471363
2021-07-01,S2_valle_nuevo,"auto_arima(1, 0, 1)x(0, 0, 0, 12)",7752.0,5977.92166150525
2021-08-01,S2_valle_nuevo,"auto_arima(1, 0, 1)x(0, 0, 0, 12)",5674.0,5880.4654043102655
2021-09-01,S2_valle_nuevo,"auto_arima(1, 0, 1)x(0, 0, 0, 12)",6964.0,5784.777675547349
2021-10-01,S2_valle_nuevo,"auto_arima(1, 0, 1)x(0, 0, 0, 12)",5512.0,5690.823465579021
2021-11-01,S2_valle_nuevo,"auto_arima(1, 0, 1)x(0, 0, 0, 12)",9665.0,5598.568511075264
2021-12-01,S2_valle_nuevo,"auto_arima(1, 0, 1)x(0, 0, 0, 12)",44275.12394366197,5507.979278039129
2022-01-01,S2_valle_nuevo,"auto_arima(1, 0, 1)x(0, 0, 0, 12)",10236.0,5419.022945241401
2022-02-01,S2_valle_nuevo,"auto_arima(1, 0, 1)x(0, 0, 0, 12)",34017.2,5331.66738805394
2022-03-01,S2_valle_nuevo,"auto_arima(1, 0, 1)x(0, 0, 0, 12)",44640.0,5245.88116267155
2022-04-01,S2_valle_nuevo,"auto_arima(1, 0, 1)x(0, 0, 0, 12)",44657.0,5161.633490712599
2022-05-01,S2_valle_nuevo,"auto_arima(1, 0, 1)x(0, 0, 0, 12)",40398.0,5078.894244188769
2022-06-01,S2_valle_nuevo,"auto_arima(1, 0, 1)x(0, 0, 0, 12)",43309.0,4997.633930834586
2022-07-01,S2_valle_nuevo,"auto_arima(1, 0, 1)x(0, 0, 0, 12)",53818.0,4917.823679787709
2022-08-01,S2_valle_nuevo,"auto_arima(1, 0, 1)x(0, 0, 0, 12)",60351.0,4839.435227611112
2022-09-01,S2_valle_nuevo,"auto_arima(1, 0, 1)x(0, 0, 0, 12)",57159.0,4762.440904648566
2022-10-01,S2_valle_nuevo,"auto_arima(1, 0, 1)x(0, 0, 0, 12)",61319.0,4686.813621704995
2022-11-01,S2_valle_nuevo,"auto_arima(1, 0, 1)x(0, 0, 0, 12)",79351.0,4612.5268570436265
2022-12-01,S2_valle_nuevo,"auto_arima(1, 0, 1)x(0, 0, 0, 12)",93131.0,4539.554643691955
2023-01-01,S2_valle_nuevo,"auto_arima(1, 0, 1)x(0, 0, 0, 12)",45433.87234627529,4467.871557048764
2023-02-01,S2_valle_nuevo,"auto_arima(1, 0, 1)x(0, 0, 0, 12)",38432.78921090656,4397.452702784717
2023-03-01,S2_valle_nuevo,"auto_arima(1, 0, 1)x(0, 0, 0, 12)",44519.65945947915,4328.273705029188
2023-04-01,S2_valle_nuevo,"auto_arima(1, 0, 1)x(0, 0, 0, 12)",63026.790449355445,4260.310694836127
2023-05-01,S2_valle_nuevo,"auto_arima(1, 0, 1)x(0, 0, 0, 12)",42574.15617964926,4193.540298922126
2023-06-01,S2_valle_nuevo,"auto_arima(1, 0, 1)x(0, 0, 0, 12)",43575.71907316531,4127.939628669767
2023-07-01,S2_valle_nuevo,"auto_arima(1, 0, 1)x(0, 0, 0, 12)",52537.93363914358,4063.4862693898094
2023-08-01,S2_valle_nuevo,"auto_arima(1, 0, 1)x(0, 0, 0, 12)",59555.01541972068,4000.1582698356515
2023-09-01,S2_valle_nuevo,"auto_arima(1, 0, 1)x(0, 0, 0, 12)",51732.34620334615,3937.934131963941
2023-10-01,S2_valle_nuevo,"auto_arima(1, 0, 1)x(0, 0, 0, 12)",26576.944899911174,3876.792800935161
2023-11-01,S2_valle_nuevo,"auto_arima(1, 0, 1)x(0, 0, 0, 12)",54846.37611349384,3816.713655348262
2023-12-01,S2_valle_nuevo,"auto_arima(1, 0, 1)x(0, 0, 0, 12)",80147.63761785896,3757.6764977036055
2024-01-01,S2_valle_nuevo,"auto_arima(1, 0, 1)x(0, 0, 0, 12)",55998.01466922343,3699.6615450885483
2024-02-01,S2_valle_nuevo,"auto_arima(1, 0, 1)x(0, 0, 0, 12)",47578.58854296376,3642.649420080212
2024-03-01,S2_valle_nuevo,"auto_arima(1, 0, 1)x(0, 0, 0, 12)",69483.89288750275,3586.621141860063
2024-04-01,S2_valle_nuevo,"auto_arima(1, 0, 1)x(0, 0, 0, 12)",45274.21212442566,3531.558117535131
2024-05-01,S2_valle_nuevo,"auto_arima(1, 0, 1)x(0, 0, 0, 12)",52065.83724928357,3477.4421336607825
2024-06-01,S2_valle_nuevo,"auto_arima(1, 0, 1)x(0, 0, 0, 12)",43108.65849387046,3424.255347960095
2024-07-01,S2_valle_nuevo,"auto_arima(1, 0, 1)x(0, 0, 0, 12)",52248.67751774468,3371.980281235068
2024-08-01,S2_valle_nuevo,"auto_arima(1, 0, 1)x(0, 0, 0, 12)",72500.72250770808,3320.599809464916
2024-09-01,S2_valle_nuevo,"auto_arima(1, 0, 1)x(0, 0, 0, 12)",47965.38622974952,3270.0971560869293
2024-10-01,S2_valle_nuevo,"auto_arima(1, 0, 1)x(0, 0, 0, 12)",55027.38369546927,3220.4558844554263
2024-11-01,S2_valle_nuevo,"auto_arima(1, 0, 1)x(0, 0, 0, 12)",70012.1751152075,3171.659890474475
2024-12-01,S2_valle_nuevo,"auto_arima(1, 0, 1)x(0, 0, 0, 12)",92168.47324426158,3123.6933954001242
2025-01-01,S2_valle_nuevo,"auto_arima(1, 0, 1)x(0, 0, 0, 12)",57653.42273925849,3076.5409388080902
2025-02-01,S2_valle_nuevo,"auto_arima(1, 0, 1)x(0, 0, 0, 12)",45789.08259423505,3030.187371722804
2025-03-01,S2_valle_nuevo,"auto_arima(1, 0, 1)x(0, 0, 0, 12)",52055.72278181085,2984.617849903987
2025-04-01,S2_valle_nuevo,"auto_arima(1, 0, 1)x(0, 0, 0, 12)",66666.01243304134,2939.817827286893
2025-05-01,S2_valle_nuevo,"auto_arima(1, 0, 1)x(0, 0, 0, 12)",49206.28143342576,2895.773049572514
2025-06-01,S2_valle_nuevo,"auto_arima(1, 0, 1)x(0, 0, 0, 12)",50110.56583836609,2852.4695479641478
2025-07-01,S2_valle_nuevo,"auto_arima(1, 0, 1)x(0, 0, 0, 12)",50413.4597485248,2809.893633046774
2025-08-01,S2_valle_nuevo,"auto_arima(1, 0, 1)x(0, 0, 0, 12)",72139.24531894638,2768.0318888058173
2025-09-01,S2_valle_nuevo,"auto_arima(1, 0, 1)x(0, 0, 0, 12)",47259.45296034146,2726.8711667819352
2025-10-01,S2_valle_nuevo,"auto_arima(1, 0, 1)x(0, 0, 0, 12)",51903.318752531406,2686.3985803585797
2025-11-01,S2_valle_nuevo,"auto_arima(1, 0, 1)x(0, 0, 0, 12)",66260.86478555299,2646.601499179122
2025-12-01,S2_valle_nuevo,"auto_arima(1, 0, 1)x(0, 0, 0, 12)",89656.1220472439,2607.467543690466
2026-01-01,S2_valle_nuevo,"auto_arima(1, 0, 1)x(0, 0, 0, 12)",52834.37632135325,2568.9845798100996
2026-02-01,S2_valle_nuevo,"auto_arima(1, 0, 1)x(0, 0, 0, 12)",36006.248553054684,2531.1407137136503
2026-03-01,S2_valle_nuevo,"auto_arima(1, 0, 1)x(0, 0, 0, 12)",45614.28181635124,2493.9242867400562
2026-04-01,S2_valle_nuevo,"auto_arima(1, 0, 1)x(0, 0, 0, 12)",48757.224880501926,2457.323870411564
2026-05-01,S2_valle_nuevo,"auto_arima(1, 0, 1)x(0, 0, 0, 12)",44810.39636504233,2421.328261565808
2026-06-01,S2_valle_nuevo,"auto_arima(1, 0, 1)x(0, 0, 0, 12)",44166.617542663545,2385.926477597308
2021-04-01,S2_valle_nuevo,Prophet,5581.909090909091,63362.93985385785
2021-05-01,S2_valle_nuevo,Prophet,2173.0,56878.11304723465
2021-06-01,S2_valle_nuevo,Prophet,6330.0,55147.713982831454
2021-07-01,S2_valle_nuevo,Prophet,7752.0,62400.77387603387
2021-08-01,S2_valle_nuevo,Prophet,5674.0,66674.31135288607
2021-09-01,S2_valle_nuevo,Prophet,6964.0,57003.50789652551
2021-10-01,S2_valle_nuevo,Prophet,5512.0,57058.68986191319
2021-11-01,S2_valle_nuevo,Prophet,9665.0,58182.2907513645
2021-12-01,S2_valle_nuevo,Prophet,44275.12394366197,75499.38298914814
2022-01-01,S2_valle_nuevo,Prophet,10236.0,53862.63822700088
2022-02-01,S2_valle_nuevo,Prophet,34017.2,47789.46162794317
2022-03-01,S2_valle_nuevo,Prophet,44640.0,55970.44218579324
2022-04-01,S2_valle_nuevo,Prophet,44657.0,64579.570292699944
2022-05-01,S2_valle_nuevo,Prophet,40398.0,57867.59969052362
2022-06-01,S2_valle_nuevo,Prophet,43309.0,56109.89441034722
2022-07-01,S2_valle_nuevo,Prophet,53818.0,63503.57052167022
2022-08-01,S2_valle_nuevo,Prophet,60351.0,67690.6995485253
2022-09-01,S2_valle_nuevo,Prophet,57159.0,57741.57796190435
2022-10-01,S2_valle_nuevo,Prophet,61319.0,58066.88879805934
2022-11-01,S2_valle_nuevo,Prophet,79351.0,59419.76304765262
2022-12-01,S2_valle_nuevo,Prophet,93131.0,76735.78178304885
2023-01-01,S2_valle_nuevo,Prophet,45433.87234627529,54714.000021909356
2023-02-01,S2_valle_nuevo,Prophet,38432.78921090656,48633.00830296962
2023-03-01,S2_valle_nuevo,Prophet,44519.65945947915,56946.90338151419
2023-04-01,S2_valle_nuevo,Prophet,63026.790449355445,65794.0730462102
2023-05-01,S2_valle_nuevo,Prophet,42574.15617964926,58855.19449343427
2023-06-01,S2_valle_nuevo,Prophet,43575.71907316531,57074.38055777404
2023-07-01,S2_valle_nuevo,Prophet,52537.93363914358,64604.1362654898
2023-08-01,S2_valle_nuevo,Prophet,59555.01541972068,68699.17652444866
2023-09-01,S2_valle_nuevo,Prophet,51732.34620334615,58482.474605636475
2023-10-01,S2_valle_nuevo,Prophet,26576.944899911174,59084.47249815486
2023-11-01,S2_valle_nuevo,Prophet,54846.37611349384,60663.29884725956
2023-12-01,S2_valle_nuevo,Prophet,80147.63761785896,77957.17378049939
2024-01-01,S2_valle_nuevo,Prophet,55998.01466922343,55561.124350870195
2024-02-01,S2_valle_nuevo,Prophet,47578.58854296376,49481.28580814581
2024-03-01,S2_valle_nuevo,Prophet,69483.89288750275,58101.605168872775
2024-04-01,S2_valle_nuevo,Prophet,45274.21212442566,66212.25391843736
2024-05-01,S2_valle_nuevo,Prophet,52065.83724928357,59954.5397999159
2024-06-01,S2_valle_nuevo,Prophet,43108.65849387046,58255.676104580634
2024-07-01,S2_valle_nuevo,Prophet,52248.67751774468,65363.72950218598
2024-08-01,S2_valle_nuevo,Prophet,72500.72250770808,69717.74573981029
2024-09-01,S2_valle_nuevo,Prophet,47965.38622974952,60335.69957150243
2024-10-01,S2_valle_nuevo,Prophet,55027.38369546927,60127.720108614245
2024-11-01,S2_valle_nuevo,Prophet,70012.1751152075,61019.16397895163
2024-12-01,S2_valle_nuevo,Prophet,92168.47324426158,78316.05947957539
2025-01-01,S2_valle_nuevo,Prophet,57653.42273925849,57074.52204649634
2025-02-01,S2_valle_nuevo,Prophet,45789.08259423505,51018.210653566945
2025-03-01,S2_valle_nuevo,Prophet,52055.72278181085,59067.2080599873
2025-04-01,S2_valle_nuevo,Prophet,66666.01243304134,67430.7771198677
2025-05-01,S2_valle_nuevo,Prophet,49206.28143342576,60945.950313241454
2025-06-01,S2_valle_nuevo,Prophet,50110.56583836609,59215.55124884237
2025-07-01,S2_valle_nuevo,Prophet,50413.4597485248,66468.61114204458
2025-08-01,S2_valle_nuevo,Prophet,72139.24531894638,70742.14861889792
2025-09-01,S2_valle_nuevo,Prophet,47259.45296034146,61071.34516253814
2025-10-01,S2_valle_nuevo,Prophet,51903.318752531406,61126.52712792408
2025-11-01,S2_valle_nuevo,Prophet,66260.86478555299,62250.128017371426
2025-12-01,S2_valle_nuevo,Prophet,89656.1220472439,79567.22025515854
2026-01-01,S2_valle_nuevo,Prophet,52834.37632135325,57930.47549301327
2026-02-01,S2_valle_nuevo,Prophet,36006.248553054684,51857.29889395142
2026-03-01,S2_valle_nuevo,Prophet,45614.28181635124,60038.27945180417
2026-04-01,S2_valle_nuevo,Prophet,48757.224880501926,68647.40755870983
2026-05-01,S2_valle_nuevo,Prophet,44810.39636504233,61935.43695653566
2026-06-01,S2_valle_nuevo,Prophet,44166.617542663545,60177.73167635652
2021-04-01,S2_valle_nuevo,Holt-Winters,5581.909090909091,14297.059140659758
2021-05-01,S2_valle_nuevo,Holt-Winters,2173.0,10060.38729547937
2021-06-01,S2_valle_nuevo,Holt-Winters,6330.0,10505.369615091695
2021-07-01,S2_valle_nuevo,Holt-Winters,7752.0,18551.7377153952
2021-08-01,S2_valle_nuevo,Holt-Winters,5674.0,23974.662249013934
2021-09-01,S2_valle_nuevo,Holt-Winters,6964.0,14810.742469304201
2021-10-01,S2_valle_nuevo,Holt-Winters,5512.0,13704.056903216042
2021-11-01,S2_valle_nuevo,Holt-Winters,9665.0,15967.35461412665
2021-12-01,S2_valle_nuevo,Holt-Winters,44275.12394366197,34940.82424793189
2022-01-01,S2_valle_nuevo,Holt-Winters,10236.0,11544.89002801588
2022-02-01,S2_valle_nuevo,Holt-Winters,34017.2,919.5330878913664
2022-03-01,S2_valle_nuevo,Holt-Winters,44640.0,7952.054145658366
2022-04-01,S2_valle_nuevo,Holt-Winters,44657.0,14297.059140659743
2022-05-01,S2_valle_nuevo,Holt-Winters,40398.0,10060.387295479359
2022-06-01,S2_valle_nuevo,Holt-Winters,43309.0,10505.369615091686
2022-07-01,S2_valle_nuevo,Holt-Winters,53818.0,18551.737715395193
2022-08-01,S2_valle_nuevo,Holt-Winters,60351.0,23974.662249013927
2022-09-01,S2_valle_nuevo,Holt-Winters,57159.0,14810.742469304196
2022-10-01,S2_valle_nuevo,Holt-Winters,61319.0,13704.056903216038
2022-11-01,S2_valle_nuevo,Holt-Winters,79351.0,15967.354614126647
2022-12-01,S2_valle_nuevo,Holt-Winters,93131.0,34940.82424793189
2023-01-01,S2_valle_nuevo,Holt-Winters,45433.87234627529,11544.890028015878
2023-02-01,S2_valle_nuevo,Holt-Winters,38432.78921090656,919.5330878913646
2023-03-01,S2_valle_nuevo,Holt-Winters,44519.65945947915,7952.054145658364
2023-04-01,S2_valle_nuevo,Holt-Winters,63026.790449355445,14297.059140659743
2023-05-01,S2_valle_nuevo,Holt-Winters,42574.15617964926,10060.387295479359
2023-06-01,S2_valle_nuevo,Holt-Winters,43575.71907316531,10505.369615091686
2023-07-01,S2_valle_nuevo,Holt-Winters,52537.93363914358,18551.737715395193
2023-08-01,S2_valle_nuevo,Holt-Winters,59555.01541972068,23974.662249013927
2023-09-01,S2_valle_nuevo,Holt-Winters,51732.34620334615,14810.742469304196
2023-10-01,S2_valle_nuevo,Holt-Winters,26576.944899911174,13704.056903216038
2023-11-01,S2_valle_nuevo,Holt-Winters,54846.37611349384,15967.354614126647
2023-12-01,S2_valle_nuevo,Holt-Winters,80147.63761785896,34940.82424793189
2024-01-01,S2_valle_nuevo,Holt-Winters,55998.01466922343,11544.890028015878
2024-02-01,S2_valle_nuevo,Holt-Winters,47578.58854296376,919.5330878913646
2024-03-01,S2_valle_nuevo,Holt-Winters,69483.89288750275,7952.054145658364
2024-04-01,S2_valle_nuevo,Holt-Winters,45274.21212442566,14297.059140659743
2024-05-01,S2_valle_nuevo,Holt-Winters,52065.83724928357,10060.387295479359
2024-06-01,S2_valle_nuevo,Holt-Winters,43108.65849387046,10505.369615091686
2024-07-01,S2_valle_nuevo,Holt-Winters,52248.67751774468,18551.737715395193
2024-08-01,S2_valle_nuevo,Holt-Winters,72500.72250770808,23974.662249013927
2024-09-01,S2_valle_nuevo,Holt-Winters,47965.38622974952,14810.742469304196
2024-10-01,S2_valle_nuevo,Holt-Winters,55027.38369546927,13704.056903216038
2024-11-01,S2_valle_nuevo,Holt-Winters,70012.1751152075,15967.354614126647
2024-12-01,S2_valle_nuevo,Holt-Winters,92168.47324426158,34940.82424793189
2025-01-01,S2_valle_nuevo,Holt-Winters,57653.42273925849,11544.890028015878
2025-02-01,S2_valle_nuevo,Holt-Winters,45789.08259423505,919.5330878913646
2025-03-01,S2_valle_nuevo,Holt-Winters,52055.72278181085,7952.054145658364
2025-04-01,S2_valle_nuevo,Holt-Winters,66666.01243304134,14297.059140659743
2025-05-01,S2_valle_nuevo,Holt-Winters,49206.28143342576,10060.387295479359
2025-06-01,S2_valle_nuevo,Holt-Winters,50110.56583836609,10505.369615091686
2025-07-01,S2_valle_nuevo,Holt-Winters,50413.4597485248,18551.737715395193
2025-08-01,S2_valle_nuevo,Holt-Winters,72139.24531894638,23974.662249013927
2025-09-01,S2_valle_nuevo,Holt-Winters,47259.45296034146,14810.742469304196
2025-10-01,S2_valle_nuevo,Holt-Winters,51903.318752531406,13704.056903216038
2025-11-01,S2_valle_nuevo,Holt-Winters,66260.86478555299,15967.354614126647
2025-12-01,S2_valle_nuevo,Holt-Winters,89656.1220472439,34940.82424793189
2026-01-01,S2_valle_nuevo,Holt-Winters,52834.37632135325,11544.890028015878
2026-02-01,S2_valle_nuevo,Holt-Winters,36006.248553054684,919.5330878913646
2026-03-01,S2_valle_nuevo,Holt-Winters,45614.28181635124,7952.054145658364
2026-04-01,S2_valle_nuevo,Holt-Winters,48757.224880501926,14297.059140659743
2026-05-01,S2_valle_nuevo,Holt-Winters,44810.39636504233,10060.387295479359
2026-06-01,S2_valle_nuevo,Holt-Winters,44166.617542663545,10505.369615091686
2021-04-01,S2_valle_nuevo,Suavizamiento exponencial simple,5581.909090909091,7079.08273513822
2021-05-01,S2_valle_nuevo,Suavizamiento exponencial simple,2173.0,7079.08273513822
2021-06-01,S2_valle_nuevo,Suavizamiento exponencial simple,6330.0,7079.08273513822
2021-07-01,S2_valle_nuevo,Suavizamiento exponencial simple,7752.0,7079.08273513822
2021-08-01,S2_valle_nuevo,Suavizamiento exponencial simple,5674.0,7079.08273513822
2021-09-01,S2_valle_nuevo,Suavizamiento exponencial simple,6964.0,7079.08273513822
2021-10-01,S2_valle_nuevo,Suavizamiento exponencial simple,5512.0,7079.08273513822
2021-11-01,S2_valle_nuevo,Suavizamiento exponencial simple,9665.0,7079.08273513822
2021-12-01,S2_valle_nuevo,Suavizamiento exponencial simple,44275.12394366197,7079.08273513822
2022-01-01,S2_valle_nuevo,Suavizamiento exponencial simple,10236.0,7079.08273513822
2022-02-01,S2_valle_nuevo,Suavizamiento exponencial simple,34017.2,7079.08273513822
2022-03-01,S2_valle_nuevo,Suavizamiento exponencial simple,44640.0,7079.08273513822
2022-04-01,S2_valle_nuevo,Suavizamiento exponencial simple,44657.0,7079.08273513822
2022-05-01,S2_valle_nuevo,Suavizamiento exponencial simple,40398.0,7079.08273513822
2022-06-01,S2_valle_nuevo,Suavizamiento exponencial simple,43309.0,7079.08273513822
2022-07-01,S2_valle_nuevo,Suavizamiento exponencial simple,53818.0,7079.08273513822
2022-08-01,S2_valle_nuevo,Suavizamiento exponencial simple,60351.0,7079.08273513822
2022-09-01,S2_valle_nuevo,Suavizamiento exponencial simple,57159.0,7079.08273513822
2022-10-01,S2_valle_nuevo,Suavizamiento exponencial simple,61319.0,7079.08273513822
2022-11-01,S2_valle_nuevo,Suavizamiento exponencial simple,79351.0,7079.08273513822
2022-12-01,S2_valle_nuevo,Suavizamiento exponencial simple,93131.0,7079.08273513822
2023-01-01,S2_valle_nuevo,Suavizamiento exponencial simple,45433.87234627529,7079.08273513822
2023-02-01,S2_valle_nuevo,Suavizamiento exponencial simple,38432.78921090656,7079.08273513822
2023-03-01,S2_valle_nuevo,Suavizamiento exponencial simple,44519.65945947915,7079.08273513822
2023-04-01,S2_valle_nuevo,Suavizamiento exponencial simple,63026.790449355445,7079.08273513822
2023-05-01,S2_valle_nuevo,Suavizamiento exponencial simple,42574.15617964926,7079.08273513822
2023-06-01,S2_valle_nuevo,Suavizamiento exponencial simple,43575.71907316531,7079.08273513822
2023-07-01,S2_valle_nuevo,Suavizamiento exponencial simple,52537.93363914358,7079.08273513822
2023-08-01,S2_valle_nuevo,Suavizamiento exponencial simple,59555.01541972068,7079.08273513822
2023-09-01,S2_valle_nuevo,Suavizamiento exponencial simple,51732.34620334615,7079.08273513822
2023-10-01,S2_valle_nuevo,Suavizamiento exponencial simple,26576.944899911174,7079.08273513822
2023-11-01,S2_valle_nuevo,Suavizamiento exponencial simple,54846.37611349384,7079.08273513822
2023-12-01,S2_valle_nuevo,Suavizamiento exponencial simple,80147.63761785896,7079.08273513822
2024-01-01,S2_valle_nuevo,Suavizamiento exponencial simple,55998.01466922343,7079.08273513822
2024-02-01,S2_valle_nuevo,Suavizamiento exponencial simple,47578.58854296376,7079.08273513822
2024-03-01,S2_valle_nuevo,Suavizamiento exponencial simple,69483.89288750275,7079.08273513822
2024-04-01,S2_valle_nuevo,Suavizamiento exponencial simple,45274.21212442566,7079.08273513822
2024-05-01,S2_valle_nuevo,Suavizamiento exponencial simple,52065.83724928357,7079.08273513822
2024-06-01,S2_valle_nuevo,Suavizamiento exponencial simple,43108.65849387046,7079.08273513822
2024-07-01,S2_valle_nuevo,Suavizamiento exponencial simple,52248.67751774468,7079.08273513822
2024-08-01,S2_valle_nuevo,Suavizamiento exponencial simple,72500.72250770808,7079.08273513822
2024-09-01,S2_valle_nuevo,Suavizamiento exponencial simple,47965.38622974952,7079.08273513822
2024-10-01,S2_valle_nuevo,Suavizamiento exponencial simple,55027.38369546927,7079.08273513822
2024-11-01,S2_valle_nuevo,Suavizamiento exponencial simple,70012.1751152075,7079.08273513822
2024-12-01,S2_valle_nuevo,Suavizamiento exponencial simple,92168.47324426158,7079.08273513822
2025-01-01,S2_valle_nuevo,Suavizamiento exponencial simple,57653.42273925849,7079.08273513822
2025-02-01,S2_valle_nuevo,Suavizamiento exponencial simple,45789.08259423505,7079.08273513822
2025-03-01,S2_valle_nuevo,Suavizamiento exponencial simple,52055.72278181085,7079.08273513822
2025-04-01,S2_valle_nuevo,Suavizamiento exponencial simple,66666.01243304134,7079.08273513822
2025-05-01,S2_valle_nuevo,Suavizamiento exponencial simple,49206.28143342576,7079.08273513822
2025-06-01,S2_valle_nuevo,Suavizamiento exponencial simple,50110.56583836609,7079.08273513822
2025-07-01,S2_valle_nuevo,Suavizamiento exponencial simple,50413.4597485248,7079.08273513822
2025-08-01,S2_valle_nuevo,Suavizamiento exponencial simple,72139.24531894638,7079.08273513822
2025-09-01,S2_valle_nuevo,Suavizamiento exponencial simple,47259.45296034146,7079.08273513822
2025-10-01,S2_valle_nuevo,Suavizamiento exponencial simple,51903.318752531406,7079.08273513822
2025-11-01,S2_valle_nuevo,Suavizamiento exponencial simple,66260.86478555299,7079.08273513822
2025-12-01,S2_valle_nuevo,Suavizamiento exponencial simple,89656.1220472439,7079.08273513822
2026-01-01,S2_valle_nuevo,Suavizamiento exponencial simple,52834.37632135325,7079.08273513822
2026-02-01,S2_valle_nuevo,Suavizamiento exponencial simple,36006.248553054684,7079.08273513822
2026-03-01,S2_valle_nuevo,Suavizamiento exponencial simple,45614.28181635124,7079.08273513822
2026-04-01,S2_valle_nuevo,Suavizamiento exponencial simple,48757.224880501926,7079.08273513822
2026-05-01,S2_valle_nuevo,Suavizamiento exponencial simple,44810.39636504233,7079.08273513822
2026-06-01,S2_valle_nuevo,Suavizamiento exponencial simple,44166.617542663545,7079.08273513822
2021-04-01,S2_valle_nuevo,Seasonal Naive,5581.909090909091,201.0
2021-05-01,S2_valle_nuevo,Seasonal Naive,2173.0,193.0
2021-06-01,S2_valle_nuevo,Seasonal Naive,6330.0,208.0
2021-07-01,S2_valle_nuevo,Seasonal Naive,7752.0,314.0
2021-08-01,S2_valle_nuevo,Seasonal Naive,5674.0,325.0
2021-09-01,S2_valle_nuevo,Seasonal Naive,6964.0,944.0
2021-10-01,S2_valle_nuevo,Seasonal Naive,5512.0,2185.6999995599967
2021-11-01,S2_valle_nuevo,Seasonal Naive,9665.0,4928.0
2021-12-01,S2_valle_nuevo,Seasonal Naive,44275.12394366197,80.0
2022-01-01,S2_valle_nuevo,Seasonal Naive,10236.0,11834.0
2022-02-01,S2_valle_nuevo,Seasonal Naive,34017.2,8405.0
2022-03-01,S2_valle_nuevo,Seasonal Naive,44640.0,6391.436935480299
2022-04-01,S2_valle_nuevo,Seasonal Naive,44657.0,201.0
2022-05-01,S2_valle_nuevo,Seasonal Naive,40398.0,193.0
2022-06-01,S2_valle_nuevo,Seasonal Naive,43309.0,208.0
2022-07-01,S2_valle_nuevo,Seasonal Naive,53818.0,314.0
2022-08-01,S2_valle_nuevo,Seasonal Naive,60351.0,325.0
2022-09-01,S2_valle_nuevo,Seasonal Naive,57159.0,944.0
2022-10-01,S2_valle_nuevo,Seasonal Naive,61319.0,2185.6999995599967
2022-11-01,S2_valle_nuevo,Seasonal Naive,79351.0,4928.0
2022-12-01,S2_valle_nuevo,Seasonal Naive,93131.0,80.0
2023-01-01,S2_valle_nuevo,Seasonal Naive,45433.87234627529,11834.0
2023-02-01,S2_valle_nuevo,Seasonal Naive,38432.78921090656,8405.0
2023-03-01,S2_valle_nuevo,Seasonal Naive,44519.65945947915,6391.436935480299
2023-04-01,S2_valle_nuevo,Seasonal Naive,63026.790449355445,201.0
2023-05-01,S2_valle_nuevo,Seasonal Naive,42574.15617964926,193.0
2023-06-01,S2_valle_nuevo,Seasonal Naive,43575.71907316531,208.0
2023-07-01,S2_valle_nuevo,Seasonal Naive,52537.93363914358,314.0
2023-08-01,S2_valle_nuevo,Seasonal Naive,59555.01541972068,325.0
2023-09-01,S2_valle_nuevo,Seasonal Naive,51732.34620334615,944.0
2023-10-01,S2_valle_nuevo,Seasonal Naive,26576.944899911174,2185.6999995599967
2023-11-01,S2_valle_nuevo,Seasonal Naive,54846.37611349384,4928.0
2023-12-01,S2_valle_nuevo,Seasonal Naive,80147.63761785896,80.0
2024-01-01,S2_valle_nuevo,Seasonal Naive,55998.01466922343,11834.0
2024-02-01,S2_valle_nuevo,Seasonal Naive,47578.58854296376,8405.0
2024-03-01,S2_valle_nuevo,Seasonal Naive,69483.89288750275,6391.436935480299
2024-04-01,S2_valle_nuevo,Seasonal Naive,45274.21212442566,201.0
2024-05-01,S2_valle_nuevo,Seasonal Naive,52065.83724928357,193.0
2024-06-01,S2_valle_nuevo,Seasonal Naive,43108.65849387046,208.0
2024-07-01,S2_valle_nuevo,Seasonal Naive,52248.67751774468,314.0
2024-08-01,S2_valle_nuevo,Seasonal Naive,72500.72250770808,325.0
2024-09-01,S2_valle_nuevo,Seasonal Naive,47965.38622974952,944.0
2024-10-01,S2_valle_nuevo,Seasonal Naive,55027.38369546927,2185.6999995599967
2024-11-01,S2_valle_nuevo,Seasonal Naive,70012.1751152075,4928.0
2024-12-01,S2_valle_nuevo,Seasonal Naive,92168.47324426158,80.0
2025-01-01,S2_valle_nuevo,Seasonal Naive,57653.42273925849,11834.0
2025-02-01,S2_valle_nuevo,Seasonal Naive,45789.08259423505,8405.0
2025-03-01,S2_valle_nuevo,Seasonal Naive,52055.72278181085,6391.436935480299
2025-04-01,S2_valle_nuevo,Seasonal Naive,66666.01243304134,201.0
2025-05-01,S2_valle_nuevo,Seasonal Naive,49206.28143342576,193.0
2025-06-01,S2_valle_nuevo,Seasonal Naive,50110.56583836609,208.0
2025-07-01,S2_valle_nuevo,Seasonal Naive,50413.4597485248,314.0
2025-08-01,S2_valle_nuevo,Seasonal Naive,72139.24531894638,325.0
2025-09-01,S2_valle_nuevo,Seasonal Naive,47259.45296034146,944.0
2025-10-01,S2_valle_nuevo,Seasonal Naive,51903.318752531406,2185.6999995599967
2025-11-01,S2_valle_nuevo,Seasonal Naive,66260.86478555299,4928.0
2025-12-01,S2_valle_nuevo,Seasonal Naive,89656.1220472439,80.0
2026-01-01,S2_valle_nuevo,Seasonal Naive,52834.37632135325,11834.0
2026-02-01,S2_valle_nuevo,Seasonal Naive,36006.248553054684,8405.0
2026-03-01,S2_valle_nuevo,Seasonal Naive,45614.28181635124,6391.436935480299
2026-04-01,S2_valle_nuevo,Seasonal Naive,48757.224880501926,201.0
2026-05-01,S2_valle_nuevo,Seasonal Naive,44810.39636504233,193.0
2026-06-01,S2_valle_nuevo,Seasonal Naive,44166.617542663545,208.0
2021-04-01,S6_guatemala,"ARIMA(1,1,1)",19506.0,31949.897031019853
2021-05-01,S6_guatemala,"ARIMA(1,1,1)",35050.0,30593.683196752216
2021-06-01,S6_guatemala,"ARIMA(1,1,1)",40067.0,31270.618228942894
2021-07-01,S6_guatemala,"ARIMA(1,1,1)",39578.0,30927.214096622836
2021-08-01,S6_guatemala,"ARIMA(1,1,1)",31184.0,31100.007225027202
2021-09-01,S6_guatemala,"ARIMA(1,1,1)",27617.0,31012.702854751326
2021-10-01,S6_guatemala,"ARIMA(1,1,1)",33374.0,31056.722242447773
2021-11-01,S6_guatemala,"ARIMA(1,1,1)",40029.0,31034.50413270594
2021-12-01,S6_guatemala,"ARIMA(1,1,1)",66602.0,31045.71245616097
2022-01-01,S6_guatemala,"ARIMA(1,1,1)",56694.0,31040.056708218202
2022-02-01,S6_guatemala,"ARIMA(1,1,1)",92579.0,31042.910228682682
2022-03-01,S6_guatemala,"ARIMA(1,1,1)",88060.0,31041.470431143847
2022-04-01,S6_guatemala,"ARIMA(1,1,1)",136433.0,31042.196883243007
2022-05-01,S6_guatemala,"ARIMA(1,1,1)",124059.0,31041.830344364524
2022-06-01,S6_guatemala,"ARIMA(1,1,1)",120909.0,31042.015283712615
2022-07-01,S6_guatemala,"ARIMA(1,1,1)",120389.0,31041.92197106561
2022-08-01,S6_guatemala,"ARIMA(1,1,1)",121969.0,31041.96905261345
2022-09-01,S6_guatemala,"ARIMA(1,1,1)",114330.0,31041.94529726304
2022-10-01,S6_guatemala,"ARIMA(1,1,1)",131294.0,31041.957283197655
2022-11-01,S6_guatemala,"ARIMA(1,1,1)",139062.0,31041.951235605557
2022-12-01,S6_guatemala,"ARIMA(1,1,1)",169557.0,31041.954286962526
2023-01-01,S6_guatemala,"ARIMA(1,1,1)",0.0,31041.95274737787
2023-02-01,S6_guatemala,"ARIMA(1,1,1)",0.0,31041.9535241866
2023-03-01,S6_guatemala,"ARIMA(1,1,1)",0.0,31041.953132242026
2023-04-01,S6_guatemala,"ARIMA(1,1,1)",0.0,31041.95333000057
2023-05-01,S6_guatemala,"ARIMA(1,1,1)",0.0,31041.953230220035
2023-06-01,S6_guatemala,"ARIMA(1,1,1)",0.0,31041.953280565045
2023-07-01,S6_guatemala,"ARIMA(1,1,1)",0.0,31041.953255163087
2023-08-01,S6_guatemala,"ARIMA(1,1,1)",0.0,31041.95326797984
2023-09-01,S6_guatemala,"ARIMA(1,1,1)",0.0,31041.953261513067
2023-10-01,S6_guatemala,"ARIMA(1,1,1)",0.0,31041.953264775955
2023-11-01,S6_guatemala,"ARIMA(1,1,1)",0.0,31041.95326312965
2023-12-01,S6_guatemala,"ARIMA(1,1,1)",0.0,31041.95326396033
2024-01-01,S6_guatemala,"ARIMA(1,1,1)",0.0,31041.95326354124
2024-02-01,S6_guatemala,"ARIMA(1,1,1)",0.0,31041.953263752715
2024-03-01,S6_guatemala,"ARIMA(1,1,1)",0.0,31041.953263646014
2024-04-01,S6_guatemala,"ARIMA(1,1,1)",0.0,31041.953263699834
2024-05-01,S6_guatemala,"ARIMA(1,1,1)",0.0,31041.953263672647
2024-06-01,S6_guatemala,"ARIMA(1,1,1)",0.0,31041.953263686377
2024-07-01,S6_guatemala,"ARIMA(1,1,1)",0.0,31041.953263679487
2024-08-01,S6_guatemala,"ARIMA(1,1,1)",0.0,31041.953263682957
2024-09-01,S6_guatemala,"ARIMA(1,1,1)",0.0,31041.953263681193
2024-10-01,S6_guatemala,"ARIMA(1,1,1)",0.0,31041.953263682077
2024-11-01,S6_guatemala,"ARIMA(1,1,1)",0.0,31041.953263681637
2024-12-01,S6_guatemala,"ARIMA(1,1,1)",0.0,31041.953263681855
2025-01-01,S6_guatemala,"ARIMA(1,1,1)",0.0,31041.953263681746
2025-02-01,S6_guatemala,"ARIMA(1,1,1)",0.0,31041.9532636818
2025-03-01,S6_guatemala,"ARIMA(1,1,1)",0.0,31041.953263681746
2025-04-01,S6_guatemala,"ARIMA(1,1,1)",0.0,31041.953263681746
2025-05-01,S6_guatemala,"ARIMA(1,1,1)",0.0,31041.953263681746
2025-06-01,S6_guatemala,"ARIMA(1,1,1)",0.0,31041.953263681746
2025-07-01,S6_guatemala,"ARIMA(1,1,1)",0.0,31041.953263681746
2025-08-01,S6_guatemala,"ARIMA(1,1,1)",0.0,31041.953263681746
2025-09-01,S6_guatemala,"ARIMA(1,1,1)",0.0,31041.953263681746
2025-10-01,S6_guatemala,"ARIMA(1,1,1)",0.0,31041.953263681746
2025-11-01,S6_guatemala,"ARIMA(1,1,1)",0.0,31041.953263681746
2025-12-01,S6_guatemala,"ARIMA(1,1,1)",0.0,31041.953263681746
2026-01-01,S6_guatemala,"ARIMA(1,1,1)",0.0,31041.953263681746
2026-02-01,S6_guatemala,"ARIMA(1,1,1)",0.0,31041.953263681746
2026-03-01,S6_guatemala,"ARIMA(1,1,1)",0.0,31041.953263681746
2026-04-01,S6_guatemala,"ARIMA(1,1,1)",0.0,31041.953263681746
2026-05-01,S6_guatemala,"ARIMA(1,1,1)",0.0,31041.953263681746
2026-06-01,S6_guatemala,"ARIMA(1,1,1)",0.0,31041.953263681746
2021-04-01,S6_guatemala,"SARIMA(1,1,1)(0,1,1,12)",19506.0,18509.694420464013
2021-05-01,S6_guatemala,"SARIMA(1,1,1)(0,1,1,12)",35050.0,15904.48876977311
2021-06-01,S6_guatemala,"SARIMA(1,1,1)(0,1,1,12)",40067.0,17947.07321816392
2021-07-01,S6_guatemala,"SARIMA(1,1,1)(0,1,1,12)",39578.0,19173.270111227248
2021-08-01,S6_guatemala,"SARIMA(1,1,1)(0,1,1,12)",31184.0,19322.799489293116
2021-09-01,S6_guatemala,"SARIMA(1,1,1)(0,1,1,12)",27617.0,16358.620204750088
2021-10-01,S6_guatemala,"SARIMA(1,1,1)(0,1,1,12)",33374.0,17050.418444347466
2021-11-01,S6_guatemala,"SARIMA(1,1,1)(0,1,1,12)",40029.0,23112.48484319393
2021-12-01,S6_guatemala,"SARIMA(1,1,1)(0,1,1,12)",66602.0,32545.0892573666
2022-01-01,S6_guatemala,"SARIMA(1,1,1)(0,1,1,12)",56694.0,29255.43035511097
2022-02-01,S6_guatemala,"SARIMA(1,1,1)(0,1,1,12)",92579.0,21539.22945930927
2022-03-01,S6_guatemala,"SARIMA(1,1,1)(0,1,1,12)",88060.0,21363.36497462779
2022-04-01,S6_guatemala,"SARIMA(1,1,1)(0,1,1,12)",136433.0,13243.419757470601
2022-05-01,S6_guatemala,"SARIMA(1,1,1)(0,1,1,12)",124059.0,11479.414102666346
2022-06-01,S6_guatemala,"SARIMA(1,1,1)(0,1,1,12)",120909.0,12899.521811068973
2022-07-01,S6_guatemala,"SARIMA(1,1,1)(0,1,1,12)",120389.0,13808.59502714043
2022-08-01,S6_guatemala,"SARIMA(1,1,1)(0,1,1,12)",121969.0,13902.894101813265
2022-09-01,S6_guatemala,"SARIMA(1,1,1)(0,1,1,12)",114330.0,11775.53514305794
2022-10-01,S6_guatemala,"SARIMA(1,1,1)(0,1,1,12)",131294.0,12270.81510519924
2022-11-01,S6_guatemala,"SARIMA(1,1,1)(0,1,1,12)",139062.0,16635.414595238366
2022-12-01,S6_guatemala,"SARIMA(1,1,1)(0,1,1,12)",169557.0,23423.539761616943
2023-01-01,S6_guatemala,"SARIMA(1,1,1)(0,1,1,12)",0.0,21056.371421059364
2023-02-01,S6_guatemala,"SARIMA(1,1,1)(0,1,1,12)",0.0,15502.440393795585
2023-03-01,S6_guatemala,"SARIMA(1,1,1)(0,1,1,12)",0.0,15375.948978670525
2023-04-01,S6_guatemala,"SARIMA(1,1,1)(0,1,1,12)",0.0,9531.61292265771
2023-05-01,S6_guatemala,"SARIMA(1,1,1)(0,1,1,12)",0.0,8261.988204223322
2023-06-01,S6_guatemala,"SARIMA(1,1,1)(0,1,1,12)",0.0,9284.100090473716
2023-07-01,S6_guatemala,"SARIMA(1,1,1)(0,1,1,12)",0.0,9938.40490828103
2023-08-01,S6_guatemala,"SARIMA(1,1,1)(0,1,1,12)",0.0,10006.274905601496
2023-09-01,S6_guatemala,"SARIMA(1,1,1)(0,1,1,12)",0.0,8475.116958388699
2023-10-01,S6_guatemala,"SARIMA(1,1,1)(0,1,1,12)",0.0,8831.59256547955
2023-11-01,S6_guatemala,"SARIMA(1,1,1)(0,1,1,12)",0.0,11972.996747257774
2023-12-01,S6_guatemala,"SARIMA(1,1,1)(0,1,1,12)",0.0,16858.724144175816
2024-01-01,S6_guatemala,"SARIMA(1,1,1)(0,1,1,12)",0.0,15154.963713256879
2024-02-01,S6_guatemala,"SARIMA(1,1,1)(0,1,1,12)",0.0,11157.54277055704
2024-03-01,S6_guatemala,"SARIMA(1,1,1)(0,1,1,12)",0.0,11066.501060498205
2024-04-01,S6_guatemala,"SARIMA(1,1,1)(0,1,1,12)",0.0,6860.062213041625
2024-05-01,S6_guatemala,"SARIMA(1,1,1)(0,1,1,12)",0.0,5946.254609564254
2024-06-01,S6_guatemala,"SARIMA(1,1,1)(0,1,1,12)",0.0,6681.915785857514
2024-07-01,S6_guatemala,"SARIMA(1,1,1)(0,1,1,12)",0.0,7152.849212094044
2024-08-01,S6_guatemala,"SARIMA(1,1,1)(0,1,1,12)",0.0,7201.698386652753
2024-09-01,S6_guatemala,"SARIMA(1,1,1)(0,1,1,12)",0.0,6099.653226554113
2024-10-01,S6_guatemala,"SARIMA(1,1,1)(0,1,1,12)",0.0,6356.225200844557
2024-11-01,S6_guatemala,"SARIMA(1,1,1)(0,1,1,12)",0.0,8617.239017859458
2024-12-01,S6_guatemala,"SARIMA(1,1,1)(0,1,1,12)",0.0,12133.722892988975
2025-01-01,S6_guatemala,"SARIMA(1,1,1)(0,1,1,12)",0.0,10907.447745878311
2025-02-01,S6_guatemala,"SARIMA(1,1,1)(0,1,1,12)",0.0,8030.319092316708
2025-03-01,S6_guatemala,"SARIMA(1,1,1)(0,1,1,12)",0.0,7964.7921647226085
2025-04-01,S6_guatemala,"SARIMA(1,1,1)(0,1,1,12)",0.0,4937.223662194786
2025-05-01,S6_guatemala,"SARIMA(1,1,1)(0,1,1,12)",0.0,4279.514084571793
2025-06-01,S6_guatemala,"SARIMA(1,1,1)(0,1,1,12)",0.0,4809.003442826522
2025-07-01,S6_guatemala,"SARIMA(1,1,1)(0,1,1,12)",0.0,5147.956000979888
2025-08-01,S6_guatemala,"SARIMA(1,1,1)(0,1,1,12)",0.0,5183.115010211119
2025-09-01,S6_guatemala,"SARIMA(1,1,1)(0,1,1,12)",0.0,4389.922160849994
2025-10-01,S6_guatemala,"SARIMA(1,1,1)(0,1,1,12)",0.0,4574.5888720902485
2025-11-01,S6_guatemala,"SARIMA(1,1,1)(0,1,1,12)",0.0,6201.945043050058
2025-12-01,S6_guatemala,"SARIMA(1,1,1)(0,1,1,12)",0.0,8732.921055318733
2026-01-01,S6_guatemala,"SARIMA(1,1,1)(0,1,1,12)",0.0,7850.314141142565
2026-02-01,S6_guatemala,"SARIMA(1,1,1)(0,1,1,12)",0.0,5779.5116392806585
2026-03-01,S6_guatemala,"SARIMA(1,1,1)(0,1,1,12)",0.0,5732.348880175938
2026-04-01,S6_guatemala,"SARIMA(1,1,1)(0,1,1,12)",0.0,3553.267864166498
2026-05-01,S6_guatemala,"SARIMA(1,1,1)(0,1,1,12)",0.0,3079.88387518352
2026-06-01,S6_guatemala,"SARIMA(1,1,1)(0,1,1,12)",0.0,3460.9818446559
2021-04-01,S6_guatemala,"SARIMA(2,1,1)(1,1,0,12)",19506.0,22507.463590271178
2021-05-01,S6_guatemala,"SARIMA(2,1,1)(1,1,0,12)",35050.0,18108.424725000812
2021-06-01,S6_guatemala,"SARIMA(2,1,1)(1,1,0,12)",40067.0,21215.44857656699
2021-07-01,S6_guatemala,"SARIMA(2,1,1)(1,1,0,12)",39578.0,22465.84693557792
2021-08-01,S6_guatemala,"SARIMA(2,1,1)(1,1,0,12)",31184.0,22746.862706113487
2021-09-01,S6_guatemala,"SARIMA(2,1,1)(1,1,0,12)",27617.0,20275.313529639137
2021-10-01,S6_guatemala,"SARIMA(2,1,1)(1,1,0,12)",33374.0,18798.38763510994
2021-11-01,S6_guatemala,"SARIMA(2,1,1)(1,1,0,12)",40029.0,24362.62064568616
2021-12-01,S6_guatemala,"SARIMA(2,1,1)(1,1,0,12)",66602.0,35420.56702433482
2022-01-01,S6_guatemala,"SARIMA(2,1,1)(1,1,0,12)",56694.0,32186.676834921454
2022-02-01,S6_guatemala,"SARIMA(2,1,1)(1,1,0,12)",92579.0,24222.156064748186
2022-03-01,S6_guatemala,"SARIMA(2,1,1)(1,1,0,12)",88060.0,14504.442918355497
2022-04-01,S6_guatemala,"SARIMA(2,1,1)(1,1,0,12)",136433.0,3084.2838873253854
2022-05-01,S6_guatemala,"SARIMA(2,1,1)(1,1,0,12)",124059.0,2879.9273026339265
2022-06-01,S6_guatemala,"SARIMA(2,1,1)(1,1,0,12)",120909.0,3456.017463607659
2022-07-01,S6_guatemala,"SARIMA(2,1,1)(1,1,0,12)",120389.0,3878.824350716308
2022-08-01,S6_guatemala,"SARIMA(2,1,1)(1,1,0,12)",121969.0,4304.38719298042
2022-09-01,S6_guatemala,"SARIMA(2,1,1)(1,1,0,12)",114330.0,3151.6970804028347
2022-10-01,S6_guatemala,"SARIMA(2,1,1)(1,1,0,12)",131294.0,3151.694014524899
2022-11-01,S6_guatemala,"SARIMA(2,1,1)(1,1,0,12)",139062.0,6141.806590739363
2022-12-01,S6_guatemala,"SARIMA(2,1,1)(1,1,0,12)",169557.0,9482.096280671587
2023-01-01,S6_guatemala,"SARIMA(2,1,1)(1,1,0,12)",0.0,10637.484904643814
2023-02-01,S6_guatemala,"SARIMA(2,1,1)(1,1,0,12)",0.0,7374.260227135656
2023-03-01,S6_guatemala,"SARIMA(2,1,1)(1,1,0,12)",0.0,6454.842265121325
2023-04-01,S6_guatemala,"SARIMA(2,1,1)(1,1,0,12)",0.0,3736.22785373899
2023-05-01,S6_guatemala,"SARIMA(2,1,1)(1,1,0,12)",0.0,3105.9039715806152
2023-06-01,S6_guatemala,"SARIMA(2,1,1)(1,1,0,12)",0.0,3658.1440291822037
2023-07-01,S6_guatemala,"SARIMA(2,1,1)(1,1,0,12)",0.0,3923.6153494847667
2023-08-01,S6_guatemala,"SARIMA(2,1,1)(1,1,0,12)",0.0,4053.587238006423
2023-09-01,S6_guatemala,"SARIMA(2,1,1)(1,1,0,12)",0.0,3460.117673873868
2023-10-01,S6_guatemala,"SARIMA(2,1,1)(1,1,0,12)",0.0,3261.8198386927666
2023-11-01,S6_guatemala,"SARIMA(2,1,1)(1,1,0,12)",0.0,4624.258973807158
2023-12-01,S6_guatemala,"SARIMA(2,1,1)(1,1,0,12)",0.0,6812.838464808183
2024-01-01,S6_guatemala,"SARIMA(2,1,1)(1,1,0,12)",0.0,6484.4173572198315
2024-02-01,S6_guatemala,"SARIMA(2,1,1)(1,1,0,12)",0.0,4792.3550168493975
2024-03-01,S6_guatemala,"SARIMA(2,1,1)(1,1,0,12)",0.0,3119.324407094907
2024-04-01,S6_guatemala,"SARIMA(2,1,1)(1,1,0,12)",0.0,826.1691611683876
2024-05-01,S6_guatemala,"SARIMA(2,1,1)(1,1,0,12)",0.0,751.8943945000373
2024-06-01,S6_guatemala,"SARIMA(2,1,1)(1,1,0,12)",0.0,898.7417768713615
2024-07-01,S6_guatemala,"SARIMA(2,1,1)(1,1,0,12)",0.0,998.7634694908005
2024-08-01,S6_guatemala,"SARIMA(2,1,1)(1,1,0,12)",0.0,1091.115283502794
2024-09-01,S6_guatemala,"SARIMA(2,1,1)(1,1,0,12)",0.0,826.1521385532897
2024-10-01,S6_guatemala,"SARIMA(2,1,1)(1,1,0,12)",0.0,815.4879698466076
2024-11-01,S6_guatemala,"SARIMA(2,1,1)(1,1,0,12)",0.0,1482.384709072919
2024-12-01,S6_guatemala,"SARIMA(2,1,1)(1,1,0,12)",0.0,2265.5564087141515
2025-01-01,S6_guatemala,"SARIMA(2,1,1)(1,1,0,12)",0.0,2451.432516643003
2025-02-01,S6_guatemala,"SARIMA(2,1,1)(1,1,0,12)",0.0,1723.2865414288203
2025-03-01,S6_guatemala,"SARIMA(2,1,1)(1,1,0,12)",0.0,1413.1620391689519
2025-04-01,S6_guatemala,"SARIMA(2,1,1)(1,1,0,12)",0.0,688.4402657181862
2025-05-01,S6_guatemala,"SARIMA(2,1,1)(1,1,0,12)",0.0,583.6978242732268
2025-06-01,S6_guatemala,"SARIMA(2,1,1)(1,1,0,12)",0.0,689.8372453650339
2025-07-01,S6_guatemala,"SARIMA(2,1,1)(1,1,0,12)",0.0,745.7440632872335
2025-08-01,S6_guatemala,"SARIMA(2,1,1)(1,1,0,12)",0.0,779.9950599434845
2025-09-01,S6_guatemala,"SARIMA(2,1,1)(1,1,0,12)",0.0,648.3700478774555
2025-10-01,S6_guatemala,"SARIMA(2,1,1)(1,1,0,12)",0.0,617.3933002501325
2025-11-01,S6_guatemala,"SARIMA(2,1,1)(1,1,0,12)",0.0,924.7785930437327
2025-12-01,S6_guatemala,"SARIMA(2,1,1)(1,1,0,12)",0.0,1373.833988033792
2026-01-01,S6_guatemala,"SARIMA(2,1,1)(1,1,0,12)",0.0,1344.9929390398431
2026-02-01,S6_guatemala,"SARIMA(2,1,1)(1,1,0,12)",0.0,982.9531453618592
2026-03-01,S6_guatemala,"SARIMA(2,1,1)(1,1,0,12)",0.0,672.9064334859216
2026-04-01,S6_guatemala,"SARIMA(2,1,1)(1,1,0,12)",0.0,203.26177705758914
2026-05-01,S6_guatemala,"SARIMA(2,1,1)(1,1,0,12)",0.0,182.0518175649045
2026-06-01,S6_guatemala,"SARIMA(2,1,1)(1,1,0,12)",0.0,217.2084342830291
2021-04-01,S6_guatemala,"auto_arima(1, 0, 1)x(1, 0, 1, 12)",19506.0,18961.331495154005
2021-05-01,S6_guatemala,"auto_arima(1, 0, 1)x(1, 0, 1, 12)",35050.0,16848.719109138412
2021-06-01,S6_guatemala,"auto_arima(1, 0, 1)x(1, 0, 1, 12)",40067.0,18186.770329157076
2021-07-01,S6_guatemala,"auto_arima(1, 0, 1)x(1, 0, 1, 12)",39578.0,18871.491544518765
2021-08-01,S6_guatemala,"auto_arima(1, 0, 1)x(1, 0, 1, 12)",31184.0,18844.57522910851
2021-09-01,S6_guatemala,"auto_arima(1, 0, 1)x(1, 0, 1, 12)",27617.0,16261.47159929637
2021-10-01,S6_guatemala,"auto_arima(1, 0, 1)x(1, 0, 1, 12)",33374.0,16401.96624268275
2021-11-01,S6_guatemala,"auto_arima(1, 0, 1)x(1, 0, 1, 12)",40029.0,20714.11551556834
2021-12-01,S6_guatemala,"auto_arima(1, 0, 1)x(1, 0, 1, 12)",66602.0,26524.630421874626
2022-01-01,S6_guatemala,"auto_arima(1, 0, 1)x(1, 0, 1, 12)",56694.0,24555.51996465181
2022-02-01,S6_guatemala,"auto_arima(1, 0, 1)x(1, 0, 1, 12)",92579.0,19256.263556405895
2022-03-01,S6_guatemala,"auto_arima(1, 0, 1)x(1, 0, 1, 12)",88060.0,18450.847109928116
2022-04-01,S6_guatemala,"auto_arima(1, 0, 1)x(1, 0, 1, 12)",136433.0,12290.773873242257
2022-05-01,S6_guatemala,"auto_arima(1, 0, 1)x(1, 0, 1, 12)",124059.0,10991.983412837353
2022-06-01,S6_guatemala,"auto_arima(1, 0, 1)x(1, 0, 1, 12)",120909.0,11744.4864057214
2022-07-01,S6_guatemala,"auto_arima(1, 0, 1)x(1, 0, 1, 12)",120389.0,12104.238238624423
2022-08-01,S6_guatemala,"auto_arima(1, 0, 1)x(1, 0, 1, 12)",121969.0,12045.191473833202
2022-09-01,S6_guatemala,"auto_arima(1, 0, 1)x(1, 0, 1, 12)",114330.0,10488.982291477152
2022-10-01,S6_guatemala,"auto_arima(1, 0, 1)x(1, 0, 1, 12)",131294.0,10534.643357935362
2022-11-01,S6_guatemala,"auto_arima(1, 0, 1)x(1, 0, 1, 12)",139062.0,12995.224862436678
2022-12-01,S6_guatemala,"auto_arima(1, 0, 1)x(1, 0, 1, 12)",169557.0,16235.207928953076
2023-01-01,S6_guatemala,"auto_arima(1, 0, 1)x(1, 0, 1, 12)",0.0,15077.92064901097
2023-02-01,S6_guatemala,"auto_arima(1, 0, 1)x(1, 0, 1, 12)",0.0,12032.08859759189
2023-03-01,S6_guatemala,"auto_arima(1, 0, 1)x(1, 0, 1, 12)",0.0,11532.252875259843
2023-04-01,S6_guatemala,"auto_arima(1, 0, 1)x(1, 0, 1, 12)",0.0,7927.819081933778
2023-05-01,S6_guatemala,"auto_arima(1, 0, 1)x(1, 0, 1, 12)",0.0,7134.643148585367
2023-06-01,S6_guatemala,"auto_arima(1, 0, 1)x(1, 0, 1, 12)",0.0,7555.130397315763
2023-07-01,S6_guatemala,"auto_arima(1, 0, 1)x(1, 0, 1, 12)",0.0,7741.2620422279515
2023-08-01,S6_guatemala,"auto_arima(1, 0, 1)x(1, 0, 1, 12)",0.0,7681.964466662725
2023-09-01,S6_guatemala,"auto_arima(1, 0, 1)x(1, 0, 1, 12)",0.0,6747.713042606536
2023-10-01,S6_guatemala,"auto_arima(1, 0, 1)x(1, 0, 1, 12)",0.0,6753.183025722853
2023-11-01,S6_guatemala,"auto_arima(1, 0, 1)x(1, 0, 1, 12)",0.0,8156.381542958006
2023-12-01,S6_guatemala,"auto_arima(1, 0, 1)x(1, 0, 1, 12)",0.0,9966.344770875405
2024-01-01,S6_guatemala,"auto_arima(1, 0, 1)x(1, 0, 1, 12)",0.0,9286.166627876226
2024-02-01,S6_guatemala,"auto_arima(1, 0, 1)x(1, 0, 1, 12)",0.0,7532.037568192914
2024-03-01,S6_guatemala,"auto_arima(1, 0, 1)x(1, 0, 1, 12)",0.0,7223.582382995515
2024-04-01,S6_guatemala,"auto_arima(1, 0, 1)x(1, 0, 1, 12)",0.0,5112.5942004708695
2024-05-01,S6_guatemala,"auto_arima(1, 0, 1)x(1, 0, 1, 12)",0.0,4629.072754358127
2024-06-01,S6_guatemala,"auto_arima(1, 0, 1)x(1, 0, 1, 12)",0.0,4863.566788168926
2024-07-01,S6_guatemala,"auto_arima(1, 0, 1)x(1, 0, 1, 12)",0.0,4958.527437312708
2024-08-01,S6_guatemala,"auto_arima(1, 0, 1)x(1, 0, 1, 12)",0.0,4909.5828569553405
2024-09-01,S6_guatemala,"auto_arima(1, 0, 1)x(1, 0, 1, 12)",0.0,4348.215944650223
2024-10-01,S6_guatemala,"auto_arima(1, 0, 1)x(1, 0, 1, 12)",0.0,4339.107118468707
2024-11-01,S6_guatemala,"auto_arima(1, 0, 1)x(1, 0, 1, 12)",0.0,5142.118678857968
2024-12-01,S6_guatemala,"auto_arima(1, 0, 1)x(1, 0, 1, 12)",0.0,6159.006425433386
2025-01-01,S6_guatemala,"auto_arima(1, 0, 1)x(1, 0, 1, 12)",0.0,5757.616075237446
2025-02-01,S6_guatemala,"auto_arima(1, 0, 1)x(1, 0, 1, 12)",0.0,4741.565601134608
2025-03-01,S6_guatemala,"auto_arima(1, 0, 1)x(1, 0, 1, 12)",0.0,4551.345125841239
2025-04-01,S6_guatemala,"auto_arima(1, 0, 1)x(1, 0, 1, 12)",0.0,3309.1913754309953
2025-05-01,S6_guatemala,"auto_arima(1, 0, 1)x(1, 0, 1, 12)",0.0,3013.791846656918
2025-06-01,S6_guatemala,"auto_arima(1, 0, 1)x(1, 0, 1, 12)",0.0,3144.769345049517
2025-07-01,S6_guatemala,"auto_arima(1, 0, 1)x(1, 0, 1, 12)",0.0,3192.4972405837607
2025-08-01,S6_guatemala,"auto_arima(1, 0, 1)x(1, 0, 1, 12)",0.0,3155.475996658002
2025-09-01,S6_guatemala,"auto_arima(1, 0, 1)x(1, 0, 1, 12)",0.0,2816.642614532486
2025-10-01,S6_guatemala,"auto_arima(1, 0, 1)x(1, 0, 1, 12)",0.0,2804.0935550570593
2025-11-01,S6_guatemala,"auto_arima(1, 0, 1)x(1, 0, 1, 12)",0.0,3266.7908729796313
2025-12-01,S6_guatemala,"auto_arima(1, 0, 1)x(1, 0, 1, 12)",0.0,3843.1696285529765
2026-01-01,S6_guatemala,"auto_arima(1, 0, 1)x(1, 0, 1, 12)",0.0,3604.5582779535252
2026-02-01,S6_guatemala,"auto_arima(1, 0, 1)x(1, 0, 1, 12)",0.0,3010.833413159806
2026-03-01,S6_guatemala,"auto_arima(1, 0, 1)x(1, 0, 1, 12)",0.0,2893.143199976248
2026-04-01,S6_guatemala,"auto_arima(1, 0, 1)x(1, 0, 1, 12)",0.0,2156.535768665215
2026-05-01,S6_guatemala,"auto_arima(1, 0, 1)x(1, 0, 1, 12)",0.0,1975.0832284989451
2026-06-01,S6_guatemala,"auto_arima(1, 0, 1)x(1, 0, 1, 12)",0.0,2048.563858301436
2021-04-01,S6_guatemala,Prophet,19506.0,83582.34987193329
2021-05-01,S6_guatemala,Prophet,35050.0,69547.81086213056
2021-06-01,S6_guatemala,Prophet,40067.0,73988.92878448743
2021-07-01,S6_guatemala,Prophet,39578.0,78377.31783310145
2021-08-01,S6_guatemala,Prophet,31184.0,72173.60810753999
2021-09-01,S6_guatemala,Prophet,27617.0,64581.30004188639
2021-10-01,S6_guatemala,Prophet,33374.0,70458.55180370345
2021-11-01,S6_guatemala,Prophet,40029.0,80414.00458747077
2021-12-01,S6_guatemala,Prophet,66602.0,109123.1725029953
2022-01-01,S6_guatemala,Prophet,56694.0,83475.08785810084
2022-02-01,S6_guatemala,Prophet,92579.0,58453.58343731528
2022-03-01,S6_guatemala,Prophet,88060.0,68859.38033600504
2022-04-01,S6_guatemala,Prophet,136433.0,75352.80301142152
2022-05-01,S6_guatemala,Prophet,124059.0,60591.73206504499
2022-06-01,S6_guatemala,Prophet,120909.0,65477.467469759744
2022-07-01,S6_guatemala,Prophet,120389.0,69372.41399246233
2022-08-01,S6_guatemala,Prophet,121969.0,63007.03229801687
2022-09-01,S6_guatemala,Prophet,114330.0,55647.56863876811
2022-10-01,S6_guatemala,Prophet,131294.0,61144.61598266702
2022-11-01,S6_guatemala,Prophet,139062.0,71351.82815175378
2022-12-01,S6_guatemala,Prophet,169557.0,100925.64597367491
2023-01-01,S6_guatemala,Prophet,0.0,74821.46868561069
2023-02-01,S6_guatemala,Prophet,0.0,49341.59044857268
2023-03-01,S6_guatemala,Prophet,0.0,59120.29958535407
2023-04-01,S6_guatemala,Prophet,0.0,67134.13818022533
2023-05-01,S6_guatemala,Prophet,0.0,51638.92092889414
2023-06-01,S6_guatemala,Prophet,0.0,56962.14778493886
2023-07-01,S6_guatemala,Prophet,0.0,60353.773272346974
2023-08-01,S6_guatemala,Prophet,0.0,53837.26074631729
2023-09-01,S6_guatemala,Prophet,0.0,46716.16069907347
2023-10-01,S6_guatemala,Prophet,0.0,51837.68971818288
2023-11-01,S6_guatemala,Prophet,0.0,62309.3099870048
2023-12-01,S6_guatemala,Prophet,0.0,92718.30298224663
2024-01-01,S6_guatemala,Prophet,0.0,66150.10784245071
2024-02-01,S6_guatemala,Prophet,0.0,40220.989443421
2024-03-01,S6_guatemala,Prophet,0.0,52696.906103956266
2024-04-01,S6_guatemala,Prophet,0.0,56143.093279443165
2024-05-01,S6_guatemala,Prophet,0.0,42827.1854041653
2024-06-01,S6_guatemala,Prophet,0.0,46816.88614388406
2024-07-01,S6_guatemala,Prophet,0.0,51688.20693880852
2024-08-01,S6_guatemala,Prophet,0.0,45656.36583245697
2024-09-01,S6_guatemala,Prophet,0.0,37836.91627361101
2024-10-01,S6_guatemala,Prophet,0.0,44098.92314716051
2024-11-01,S6_guatemala,Prophet,0.0,53815.84593417327
2024-12-01,S6_guatemala,Prophet,0.0,81631.62827115199
2025-01-01,S6_guatemala,Prophet,0.0,56430.90830139267
2025-02-01,S6_guatemala,Prophet,0.0,31876.319213389936
2025-03-01,S6_guatemala,Prophet,0.0,42931.71181964832
2025-04-01,S6_guatemala,Prophet,0.0,47902.15647911775
2025-05-01,S6_guatemala,Prophet,0.0,33867.617469318415
2025-06-01,S6_guatemala,Prophet,0.0,38308.735391671195
2025-07-01,S6_guatemala,Prophet,0.0,42697.124440287975
2025-08-01,S6_guatemala,Prophet,0.0,36493.41471473321
2025-09-01,S6_guatemala,Prophet,0.0,28901.10664907674
2025-10-01,S6_guatemala,Prophet,0.0,34778.35841089224
2025-11-01,S6_guatemala,Prophet,0.0,44733.81119465863
2025-12-01,S6_guatemala,Prophet,0.0,73442.97911018087
2026-01-01,S6_guatemala,Prophet,0.0,47794.894465284
2026-02-01,S6_guatemala,Prophet,0.0,22773.39004449753
2026-03-01,S6_guatemala,Prophet,0.0,33179.18694319078
2026-04-01,S6_guatemala,Prophet,0.0,39672.60961860605
2026-05-01,S6_guatemala,Prophet,0.0,24911.538672232044
2026-06-01,S6_guatemala,Prophet,0.0,29797.274076947415
2021-04-01,S6_guatemala,Holt-Winters,19506.0,36157.392649608984
2021-05-01,S6_guatemala,Holt-Winters,35050.0,24198.52602905289
2021-06-01,S6_guatemala,Holt-Winters,40067.0,31422.83026816217
2021-07-01,S6_guatemala,Holt-Winters,39578.0,35773.1788006807
2021-08-01,S6_guatemala,Holt-Winters,31184.0,31027.669100901996
2021-09-01,S6_guatemala,Holt-Winters,27617.0,24232.825538493904
2021-10-01,S6_guatemala,Holt-Winters,33374.0,30883.170876596854
2021-11-01,S6_guatemala,Holt-Winters,40029.0,38546.804455748555
2021-12-01,S6_guatemala,Holt-Winters,66602.0,66120.95914247869
2022-01-01,S6_guatemala,Holt-Winters,56694.0,39220.93390936498
2022-02-01,S6_guatemala,Holt-Winters,92579.0,16752.663141850342
2022-03-01,S6_guatemala,Holt-Winters,88060.0,30770.23819796091
2022-04-01,S6_guatemala,Holt-Winters,136433.0,36334.41699563705
2022-05-01,S6_guatemala,Holt-Winters,124059.0,24372.507971311366
2022-06-01,S6_guatemala,Holt-Winters,120909.0,31593.82209449115
2022-07-01,S6_guatemala,Holt-Winters,120389.0,35941.231900282735
2022-08-01,S6_guatemala,Holt-Winters,121969.0,31192.83397978642
2022-09-01,S6_guatemala,Holt-Winters,114330.0,24395.15183465569
2022-10-01,S6_guatemala,Holt-Winters,131294.0,31042.707374934627
2022-11-01,S6_guatemala,Holt-Winters,139062.0,38703.59910272622
2022-12-01,S6_guatemala,Holt-Winters,169557.0,66275.05906053504
2023-01-01,S6_guatemala,Holt-Winters,0.0,39372.38541107575
2023-02-01,S6_guatemala,Holt-Winters,0.0,16901.51174384673
2023-03-01,S6_guatemala,Holt-Winters,0.0,30916.52863460901
2023-04-01,S6_guatemala,Holt-Winters,0.0,36478.19323248214
2023-05-01,S6_guatemala,Holt-Winters,0.0,24513.813218291107
2023-06-01,S6_guatemala,Holt-Winters,0.0,31732.698818921766
2023-07-01,S6_guatemala,Holt-Winters,0.0,36077.72183962194
2023-08-01,S6_guatemala,Holt-Winters,0.0,31326.978154177054
2023-09-01,S6_guatemala,Holt-Winters,0.0,24526.990559253725
2023-10-01,S6_guatemala,Holt-Winters,0.0,31172.28027202535
2023-11-01,S6_guatemala,Holt-Winters,0.0,38830.94511363213
2023-12-01,S6_guatemala,Holt-Winters,0.0,66400.21645731915
2024-01-01,S6_guatemala,Holt-Winters,0.0,39495.39180804365
2024-02-01,S6_guatemala,Holt-Winters,0.0,17022.40410885114
2024-03-01,S6_guatemala,Holt-Winters,0.0,31035.343300159893
2024-04-01,S6_guatemala,Holt-Winters,0.0,36594.96590666593
2024-05-01,S6_guatemala,Holt-Winters,0.0,24628.578995502292
2024-06-01,S6_guatemala,Holt-Winters,0.0,31845.492190409997
2024-07-01,S6_guatemala,Holt-Winters,0.0,36188.576703857914
2024-08-01,S6_guatemala,Holt-Winters,0.0,31435.927827040232
2024-09-01,S6_guatemala,Holt-Winters,0.0,24634.06778404492
2024-10-01,S6_guatemala,Holt-Winters,0.0,31277.517229307294
2024-11-01,S6_guatemala,Holt-Winters,0.0,38934.37343090089
2024-12-01,S6_guatemala,Holt-Winters,0.0,66501.86721850932
2025-01-01,S6_guatemala,Holt-Winters,0.0,39595.2955628702
2025-02-01,S6_guatemala,Holt-Winters,0.0,17120.5908819907
2025-03-01,S6_guatemala,Holt-Winters,0.0,31131.842600274267
2025-04-01,S6_guatemala,Holt-Winters,0.0,36689.80673527049
2025-05-01,S6_guatemala,Holt-Winters,0.0,24721.789855681993
2025-06-01,S6_guatemala,Holt-Winters,0.0,31937.101095385566
2025-07-01,S6_guatemala,Holt-Winters,0.0,36278.61118540485
2025-08-01,S6_guatemala,Holt-Winters,0.0,31524.414943763073
2025-09-01,S6_guatemala,Holt-Winters,0.0,24721.03412950936
2025-10-01,S6_guatemala,Holt-Winters,0.0,31362.988940032472
2025-11-01,S6_guatemala,Holt-Winters,0.0,39018.376194214376
2025-12-01,S6_guatemala,Holt-Winters,0.0,66584.42628026707
2026-01-01,S6_guatemala,Holt-Winters,0.0,39676.435735043895
2026-02-01,S6_guatemala,Holt-Winters,0.0,17200.33655012456
2026-03-01,S6_guatemala,Holt-Winters,0.0,31210.217730813823
2026-04-01,S6_guatemala,Holt-Winters,0.0,36766.83488276537
2026-05-01,S6_guatemala,Holt-Winters,0.0,24797.49416986489
2026-06-01,S6_guatemala,Holt-Winters,0.0,32011.504328129602
2021-04-01,S6_guatemala,Suavizamiento exponencial simple,19506.0,29951.747657712585
2021-05-01,S6_guatemala,Suavizamiento exponencial simple,35050.0,29951.747657712585
2021-06-01,S6_guatemala,Suavizamiento exponencial simple,40067.0,29951.747657712585
2021-07-01,S6_guatemala,Suavizamiento exponencial simple,39578.0,29951.747657712585
2021-08-01,S6_guatemala,Suavizamiento exponencial simple,31184.0,29951.747657712585
2021-09-01,S6_guatemala,Suavizamiento exponencial simple,27617.0,29951.747657712585
2021-10-01,S6_guatemala,Suavizamiento exponencial simple,33374.0,29951.747657712585
2021-11-01,S6_guatemala,Suavizamiento exponencial simple,40029.0,29951.747657712585
2021-12-01,S6_guatemala,Suavizamiento exponencial simple,66602.0,29951.747657712585
2022-01-01,S6_guatemala,Suavizamiento exponencial simple,56694.0,29951.747657712585
2022-02-01,S6_guatemala,Suavizamiento exponencial simple,92579.0,29951.747657712585
2022-03-01,S6_guatemala,Suavizamiento exponencial simple,88060.0,29951.747657712585
2022-04-01,S6_guatemala,Suavizamiento exponencial simple,136433.0,29951.747657712585
2022-05-01,S6_guatemala,Suavizamiento exponencial simple,124059.0,29951.747657712585
2022-06-01,S6_guatemala,Suavizamiento exponencial simple,120909.0,29951.747657712585
2022-07-01,S6_guatemala,Suavizamiento exponencial simple,120389.0,29951.747657712585
2022-08-01,S6_guatemala,Suavizamiento exponencial simple,121969.0,29951.747657712585
2022-09-01,S6_guatemala,Suavizamiento exponencial simple,114330.0,29951.747657712585
2022-10-01,S6_guatemala,Suavizamiento exponencial simple,131294.0,29951.747657712585
2022-11-01,S6_guatemala,Suavizamiento exponencial simple,139062.0,29951.747657712585
2022-12-01,S6_guatemala,Suavizamiento exponencial simple,169557.0,29951.747657712585
2023-01-01,S6_guatemala,Suavizamiento exponencial simple,0.0,29951.747657712585
2023-02-01,S6_guatemala,Suavizamiento exponencial simple,0.0,29951.747657712585
2023-03-01,S6_guatemala,Suavizamiento exponencial simple,0.0,29951.747657712585
2023-04-01,S6_guatemala,Suavizamiento exponencial simple,0.0,29951.747657712585
2023-05-01,S6_guatemala,Suavizamiento exponencial simple,0.0,29951.747657712585
2023-06-01,S6_guatemala,Suavizamiento exponencial simple,0.0,29951.747657712585
2023-07-01,S6_guatemala,Suavizamiento exponencial simple,0.0,29951.747657712585
2023-08-01,S6_guatemala,Suavizamiento exponencial simple,0.0,29951.747657712585
2023-09-01,S6_guatemala,Suavizamiento exponencial simple,0.0,29951.747657712585
2023-10-01,S6_guatemala,Suavizamiento exponencial simple,0.0,29951.747657712585
2023-11-01,S6_guatemala,Suavizamiento exponencial simple,0.0,29951.747657712585
2023-12-01,S6_guatemala,Suavizamiento exponencial simple,0.0,29951.747657712585
2024-01-01,S6_guatemala,Suavizamiento exponencial simple,0.0,29951.747657712585
2024-02-01,S6_guatemala,Suavizamiento exponencial simple,0.0,29951.747657712585
2024-03-01,S6_guatemala,Suavizamiento exponencial simple,0.0,29951.747657712585
2024-04-01,S6_guatemala,Suavizamiento exponencial simple,0.0,29951.747657712585
2024-05-01,S6_guatemala,Suavizamiento exponencial simple,0.0,29951.747657712585
2024-06-01,S6_guatemala,Suavizamiento exponencial simple,0.0,29951.747657712585
2024-07-01,S6_guatemala,Suavizamiento exponencial simple,0.0,29951.747657712585
2024-08-01,S6_guatemala,Suavizamiento exponencial simple,0.0,29951.747657712585
2024-09-01,S6_guatemala,Suavizamiento exponencial simple,0.0,29951.747657712585
2024-10-01,S6_guatemala,Suavizamiento exponencial simple,0.0,29951.747657712585
2024-11-01,S6_guatemala,Suavizamiento exponencial simple,0.0,29951.747657712585
2024-12-01,S6_guatemala,Suavizamiento exponencial simple,0.0,29951.747657712585
2025-01-01,S6_guatemala,Suavizamiento exponencial simple,0.0,29951.747657712585
2025-02-01,S6_guatemala,Suavizamiento exponencial simple,0.0,29951.747657712585
2025-03-01,S6_guatemala,Suavizamiento exponencial simple,0.0,29951.747657712585
2025-04-01,S6_guatemala,Suavizamiento exponencial simple,0.0,29951.747657712585
2025-05-01,S6_guatemala,Suavizamiento exponencial simple,0.0,29951.747657712585
2025-06-01,S6_guatemala,Suavizamiento exponencial simple,0.0,29951.747657712585
2025-07-01,S6_guatemala,Suavizamiento exponencial simple,0.0,29951.747657712585
2025-08-01,S6_guatemala,Suavizamiento exponencial simple,0.0,29951.747657712585
2025-09-01,S6_guatemala,Suavizamiento exponencial simple,0.0,29951.747657712585
2025-10-01,S6_guatemala,Suavizamiento exponencial simple,0.0,29951.747657712585
2025-11-01,S6_guatemala,Suavizamiento exponencial simple,0.0,29951.747657712585
2025-12-01,S6_guatemala,Suavizamiento exponencial simple,0.0,29951.747657712585
2026-01-01,S6_guatemala,Suavizamiento exponencial simple,0.0,29951.747657712585
2026-02-01,S6_guatemala,Suavizamiento exponencial simple,0.0,29951.747657712585
2026-03-01,S6_guatemala,Suavizamiento exponencial simple,0.0,29951.747657712585
2026-04-01,S6_guatemala,Suavizamiento exponencial simple,0.0,29951.747657712585
2026-05-01,S6_guatemala,Suavizamiento exponencial simple,0.0,29951.747657712585
2026-06-01,S6_guatemala,Suavizamiento exponencial simple,0.0,29951.747657712585
2021-04-01,S6_guatemala,Seasonal Naive,19506.0,10039.0
2021-05-01,S6_guatemala,Seasonal Naive,35050.0,9779.0
2021-06-01,S6_guatemala,Seasonal Naive,40067.0,11817.0
2021-07-01,S6_guatemala,Seasonal Naive,39578.0,13484.0
2021-08-01,S6_guatemala,Seasonal Naive,31184.0,15357.0
2021-09-01,S6_guatemala,Seasonal Naive,27617.0,10640.0
2021-10-01,S6_guatemala,Seasonal Naive,33374.0,10870.25
2021-11-01,S6_guatemala,Seasonal Naive,40029.0,23763.0
2021-12-01,S6_guatemala,Seasonal Naive,66602.0,37313.0
2022-01-01,S6_guatemala,Seasonal Naive,56694.0,44423.0
2022-02-01,S6_guatemala,Seasonal Naive,92579.0,30093.0
2022-03-01,S6_guatemala,Seasonal Naive,88060.0,29318.0
2022-04-01,S6_guatemala,Seasonal Naive,136433.0,10039.0
2022-05-01,S6_guatemala,Seasonal Naive,124059.0,9779.0
2022-06-01,S6_guatemala,Seasonal Naive,120909.0,11817.0
2022-07-01,S6_guatemala,Seasonal Naive,120389.0,13484.0
2022-08-01,S6_guatemala,Seasonal Naive,121969.0,15357.0
2022-09-01,S6_guatemala,Seasonal Naive,114330.0,10640.0
2022-10-01,S6_guatemala,Seasonal Naive,131294.0,10870.25
2022-11-01,S6_guatemala,Seasonal Naive,139062.0,23763.0
2022-12-01,S6_guatemala,Seasonal Naive,169557.0,37313.0
2023-01-01,S6_guatemala,Seasonal Naive,0.0,44423.0
2023-02-01,S6_guatemala,Seasonal Naive,0.0,30093.0
2023-03-01,S6_guatemala,Seasonal Naive,0.0,29318.0
2023-04-01,S6_guatemala,Seasonal Naive,0.0,10039.0
2023-05-01,S6_guatemala,Seasonal Naive,0.0,9779.0
2023-06-01,S6_guatemala,Seasonal Naive,0.0,11817.0
2023-07-01,S6_guatemala,Seasonal Naive,0.0,13484.0
2023-08-01,S6_guatemala,Seasonal Naive,0.0,15357.0
2023-09-01,S6_guatemala,Seasonal Naive,0.0,10640.0
2023-10-01,S6_guatemala,Seasonal Naive,0.0,10870.25
2023-11-01,S6_guatemala,Seasonal Naive,0.0,23763.0
2023-12-01,S6_guatemala,Seasonal Naive,0.0,37313.0
2024-01-01,S6_guatemala,Seasonal Naive,0.0,44423.0
2024-02-01,S6_guatemala,Seasonal Naive,0.0,30093.0
2024-03-01,S6_guatemala,Seasonal Naive,0.0,29318.0
2024-04-01,S6_guatemala,Seasonal Naive,0.0,10039.0
2024-05-01,S6_guatemala,Seasonal Naive,0.0,9779.0
2024-06-01,S6_guatemala,Seasonal Naive,0.0,11817.0
2024-07-01,S6_guatemala,Seasonal Naive,0.0,13484.0
2024-08-01,S6_guatemala,Seasonal Naive,0.0,15357.0
2024-09-01,S6_guatemala,Seasonal Naive,0.0,10640.0
2024-10-01,S6_guatemala,Seasonal Naive,0.0,10870.25
2024-11-01,S6_guatemala,Seasonal Naive,0.0,23763.0
2024-12-01,S6_guatemala,Seasonal Naive,0.0,37313.0
2025-01-01,S6_guatemala,Seasonal Naive,0.0,44423.0
2025-02-01,S6_guatemala,Seasonal Naive,0.0,30093.0
2025-03-01,S6_guatemala,Seasonal Naive,0.0,29318.0
2025-04-01,S6_guatemala,Seasonal Naive,0.0,10039.0
2025-05-01,S6_guatemala,Seasonal Naive,0.0,9779.0
2025-06-01,S6_guatemala,Seasonal Naive,0.0,11817.0
2025-07-01,S6_guatemala,Seasonal Naive,0.0,13484.0
2025-08-01,S6_guatemala,Seasonal Naive,0.0,15357.0
2025-09-01,S6_guatemala,Seasonal Naive,0.0,10640.0
2025-10-01,S6_guatemala,Seasonal Naive,0.0,10870.25
2025-11-01,S6_guatemala,Seasonal Naive,0.0,23763.0
2025-12-01,S6_guatemala,Seasonal Naive,0.0,37313.0
2026-01-01,S6_guatemala,Seasonal Naive,0.0,44423.0
2026-02-01,S6_guatemala,Seasonal Naive,0.0,30093.0
2026-03-01,S6_guatemala,Seasonal Naive,0.0,29318.0
2026-04-01,S6_guatemala,Seasonal Naive,0.0,10039.0
2026-05-01,S6_guatemala,Seasonal Naive,0.0,9779.0
2026-06-01,S6_guatemala,Seasonal Naive,0.0,11817.0
