fecha,serie,modelo,observado,pronostico
2021-04-01,S4_el_salvador,"ARIMA(1,0,0)",11795.0,14058.159862881768
2021-05-01,S4_el_salvador,"ARIMA(1,0,0)",8882.0,13299.420782009249
2021-06-01,S4_el_salvador,"ARIMA(1,0,0)",12932.0,12585.684484940739
2021-07-01,S4_el_salvador,"ARIMA(1,0,0)",14627.0,11914.065959598263
2021-08-01,S4_el_salvador,"ARIMA(1,0,0)",13142.0,11281.877892750803
2021-09-01,S4_el_salvador,"ARIMA(1,0,0)",13569.0,10686.616304900124
2021-10-01,S4_el_salvador,"ARIMA(1,0,0)",16553.0,10125.947285128264
2021-11-01,S4_el_salvador,"ARIMA(1,0,0)",15092.0,9597.694737583868
2021-12-01,S4_el_salvador,"ARIMA(1,0,0)",70119.0,9099.829058691832
2022-01-01,S4_el_salvador,"ARIMA(1,0,0)",19138.0,8630.456670930967
2022-02-01,S4_el_salvador,"ARIMA(1,0,0)",35375.6,8187.810345197004
2022-03-01,S4_el_salvador,"ARIMA(1,0,0)",51629.0,7770.240249405636
2022-04-01,S4_el_salvador,"ARIMA(1,0,0)",51474.0,7376.205666141103
2022-05-01,S4_el_salvador,"ARIMA(1,0,0)",53447.0,7004.267326863375
2022-06-01,S4_el_salvador,"ARIMA(1,0,0)",48237.0,6653.080314490985
2022-07-01,S4_el_salvador,"ARIMA(1,0,0)",84739.0,6321.387490112882
2022-08-01,S4_el_salvador,"ARIMA(1,0,0)",85222.0,6008.01340318416
2022-09-01,S4_el_salvador,"ARIMA(1,0,0)",56835.0,5711.858647856361
2022-10-01,S4_el_salvador,"ARIMA(1,0,0)",61626.0,5431.894631110486
2022-11-01,S4_el_salvador,"ARIMA(1,0,0)",74035.0,5167.158721124314
2022-12-01,S4_el_salvador,"ARIMA(1,0,0)",106641.0,4916.749746837206
2023-01-01,S4_el_salvador,"ARIMA(1,0,0)",124087.44606008333,4679.823821995431
2023-02-01,S4_el_salvador,"ARIMA(1,0,0)",99793.77278846993,4455.5904690878615
2023-03-01,S4_el_salvador,"ARIMA(1,0,0)",107227.74637612878,4243.309020532064
2023-04-01,S4_el_salvador,"ARIMA(1,0,0)",142638.14484654373,4042.2852762597336
2023-05-01,S4_el_salvador,"ARIMA(1,0,0)",96200.05479994524,3851.868398491978
2023-06-01,S4_el_salvador,"ARIMA(1,0,0)",93859.99609812516,3671.4480260016544
2023-07-01,S4_el_salvador,"ARIMA(1,0,0)",120257.79674189496,3500.4515915434185
2023-08-01,S4_el_salvador,"ARIMA(1,0,0)",127663.3341708516,3338.341827402874
2023-09-01,S4_el_salvador,"ARIMA(1,0,0)",106169.27134849771,3184.6144451835667
2023-10-01,S4_el_salvador,"ARIMA(1,0,0)",65019.215918421694,3038.795977023547
2023-11-01,S4_el_salvador,"ARIMA(1,0,0)",116652.0717958603,2900.441766419664
2023-12-01,S4_el_salvador,"ARIMA(1,0,0)",163321.83178352032,2769.134097744746
2024-01-01,S4_el_salvador,"ARIMA(1,0,0)",135317.3074760702,2644.4804543773953
2024-02-01,S4_el_salvador,"ARIMA(1,0,0)",118123.80786567296,2526.1118961318907
2024-03-01,S4_el_salvador,"ARIMA(1,0,0)",152052.6519139057,2413.6815473825463
2024-04-01,S4_el_salvador,"ARIMA(1,0,0)",107135.17206570064,2306.8631879275913
2024-05-01,S4_el_salvador,"ARIMA(1,0,0)",109153.62247387187,2205.3499392370422
2024-06-01,S4_el_salvador,"ARIMA(1,0,0)",91067.29123780465,2108.8530392812545
2024-07-01,S4_el_salvador,"ARIMA(1,0,0)",108436.34458018812,2017.100699645749
2024-08-01,S4_el_salvador,"ARIMA(1,0,0)",149863.3372072433,1929.8370391070193
2024-09-01,S4_el_salvador,"ARIMA(1,0,0)",110122.51546693068,1846.8210882766805
2024-10-01,S4_el_salvador,"ARIMA(1,0,0)",118357.98481287905,1767.825860320313
2024-11-01,S4_el_salvador,"ARIMA(1,0,0)",154245.9443268455,1692.637483125561
2024-12-01,S4_el_salvador,"ARIMA(1,0,0)",190578.95831441664,1621.0543886338494
2025-01-01,S4_el_salvador,"ARIMA(1,0,0)",146835.56187939644,1552.8865553637859
2025-02-01,S4_el_salvador,"ARIMA(1,0,0)",119227.85291310884,1487.9548004440387
2025-03-01,S4_el_salvador,"ARIMA(1,0,0)",126746.69977981305,1426.0901177410801
2025-04-01,S4_el_salvador,"ARIMA(1,0,0)",147657.60550425315,1367.133058914477
2025-05-01,S4_el_salvador,"ARIMA(1,0,0)",118913.7732804138,1310.9331544609472
2025-06-01,S4_el_salvador,"ARIMA(1,0,0)",112400.8581467968,1257.3483720197105
2025-07-01,S4_el_salvador,"ARIMA(1,0,0)",108746.9206164728,1206.2446094070779
2025-08-01,S4_el_salvador,"ARIMA(1,0,0)",150205.8292703861,1157.4952200289745
2025-09-01,S4_el_salvador,"ARIMA(1,0,0)",111355.30407273756,1110.9805684873681
2025-10-01,S4_el_salvador,"ARIMA(1,0,0)",115053.280682349,1066.5876143513758
2025-11-01,S4_el_salvador,"ARIMA(1,0,0)",148004.54968571386,1024.2095222071641
2025-12-01,S4_el_salvador,"ARIMA(1,0,0)",177696.38493960712,983.7452962334794
2026-01-01,S4_el_salvador,"ARIMA(1,0,0)",128593.71952555198,945.0994376726085
2026-02-01,S4_el_salvador,"ARIMA(1,0,0)",88415.91210654091,908.1816236804918
2026-03-01,S4_el_salvador,"ARIMA(1,0,0)",107817.4340630385,872.9064061453101
2026-04-01,S4_el_salvador,"ARIMA(1,0,0)",104319.73121544144,839.1929291617546
2026-05-01,S4_el_salvador,"ARIMA(1,0,0)",100592.23666941204,806.9646639389665
2026-06-01,S4_el_salvador,"ARIMA(1,0,0)",100554.54061302647,776.149160004343
2021-04-01,S4_el_salvador,"ARIMA(1,1,0)",11795.0,14715.817412624681
2021-05-01,S4_el_salvador,"ARIMA(1,1,0)",8882.0,14719.170497277022
2021-06-01,S4_el_salvador,"ARIMA(1,1,0)",12932.0,14719.094750922657
2021-07-01,S4_el_salvador,"ARIMA(1,1,0)",14627.0,14719.096461841904
2021-08-01,S4_el_salvador,"ARIMA(1,1,0)",13142.0,14719.096423196464
2021-09-01,S4_el_salvador,"ARIMA(1,1,0)",13569.0,14719.096424069368
2021-10-01,S4_el_salvador,"ARIMA(1,1,0)",16553.0,14719.096424049652
2021-11-01,S4_el_salvador,"ARIMA(1,1,0)",15092.0,14719.096424050096
2021-12-01,S4_el_salvador,"ARIMA(1,1,0)",70119.0,14719.096424050096
2022-01-01,S4_el_salvador,"ARIMA(1,1,0)",19138.0,14719.096424050096
2022-02-01,S4_el_salvador,"ARIMA(1,1,0)",35375.6,14719.096424050096
2022-03-01,S4_el_salvador,"ARIMA(1,1,0)",51629.0,14719.096424050096
2022-04-01,S4_el_salvador,"ARIMA(1,1,0)",51474.0,14719.096424050096
2022-05-01,S4_el_salvador,"ARIMA(1,1,0)",53447.0,14719.096424050096
2022-06-01,S4_el_salvador,"ARIMA(1,1,0)",48237.0,14719.096424050096
2022-07-01,S4_el_salvador,"ARIMA(1,1,0)",84739.0,14719.096424050096
2022-08-01,S4_el_salvador,"ARIMA(1,1,0)",85222.0,14719.096424050096
2022-09-01,S4_el_salvador,"ARIMA(1,1,0)",56835.0,14719.096424050096
2022-10-01,S4_el_salvador,"ARIMA(1,1,0)",61626.0,14719.096424050096
2022-11-01,S4_el_salvador,"ARIMA(1,1,0)",74035.0,14719.096424050096
2022-12-01,S4_el_salvador,"ARIMA(1,1,0)",106641.0,14719.096424050096
2023-01-01,S4_el_salvador,"ARIMA(1,1,0)",124087.44606008333,14719.096424050096
2023-02-01,S4_el_salvador,"ARIMA(1,1,0)",99793.77278846993,14719.096424050096
2023-03-01,S4_el_salvador,"ARIMA(1,1,0)",107227.74637612878,14719.096424050096
2023-04-01,S4_el_salvador,"ARIMA(1,1,0)",142638.14484654373,14719.096424050096
2023-05-01,S4_el_salvador,"ARIMA(1,1,0)",96200.05479994524,14719.096424050096
2023-06-01,S4_el_salvador,"ARIMA(1,1,0)",93859.99609812516,14719.096424050096
2023-07-01,S4_el_salvador,"ARIMA(1,1,0)",120257.79674189496,14719.096424050096
2023-08-01,S4_el_salvador,"ARIMA(1,1,0)",127663.3341708516,14719.096424050096
2023-09-01,S4_el_salvador,"ARIMA(1,1,0)",106169.27134849771,14719.096424050096
2023-10-01,S4_el_salvador,"ARIMA(1,1,0)",65019.215918421694,14719.096424050096
2023-11-01,S4_el_salvador,"ARIMA(1,1,0)",116652.0717958603,14719.096424050096
2023-12-01,S4_el_salvador,"ARIMA(1,1,0)",163321.83178352032,14719.096424050096
2024-01-01,S4_el_salvador,"ARIMA(1,1,0)",135317.3074760702,14719.096424050096
2024-02-01,S4_el_salvador,"ARIMA(1,1,0)",118123.80786567296,14719.096424050096
2024-03-01,S4_el_salvador,"ARIMA(1,1,0)",152052.6519139057,14719.096424050096
2024-04-01,S4_el_salvador,"ARIMA(1,1,0)",107135.17206570064,14719.096424050096
2024-05-01,S4_el_salvador,"ARIMA(1,1,0)",109153.62247387187,14719.096424050096
2024-06-01,S4_el_salvador,"ARIMA(1,1,0)",91067.29123780465,14719.096424050096
2024-07-01,S4_el_salvador,"ARIMA(1,1,0)",108436.34458018812,14719.096424050096
2024-08-01,S4_el_salvador,"ARIMA(1,1,0)",149863.3372072433,14719.096424050096
2024-09-01,S4_el_salvador,"ARIMA(1,1,0)",110122.51546693068,14719.096424050096
2024-10-01,S4_el_salvador,"ARIMA(1,1,0)",118357.98481287905,14719.096424050096
2024-11-01,S4_el_salvador,"ARIMA(1,1,0)",154245.9443268455,14719.096424050096
2024-12-01,S4_el_salvador,"ARIMA(1,1,0)",190578.95831441664,14719.096424050096
2025-01-01,S4_el_salvador,"ARIMA(1,1,0)",146835.56187939644,14719.096424050096
2025-02-01,S4_el_salvador,"ARIMA(1,1,0)",119227.85291310884,14719.096424050096
2025-03-01,S4_el_salvador,"ARIMA(1,1,0)",126746.69977981305,14719.096424050096
2025-04-01,S4_el_salvador,"ARIMA(1,1,0)",147657.60550425315,14719.096424050096
2025-05-01,S4_el_salvador,"ARIMA(1,1,0)",118913.7732804138,14719.096424050096
2025-06-01,S4_el_salvador,"ARIMA(1,1,0)",112400.8581467968,14719.096424050096
2025-07-01,S4_el_salvador,"ARIMA(1,1,0)",108746.9206164728,14719.096424050096
2025-08-01,S4_el_salvador,"ARIMA(1,1,0)",150205.8292703861,14719.096424050096
2025-09-01,S4_el_salvador,"ARIMA(1,1,0)",111355.30407273756,14719.096424050096
2025-10-01,S4_el_salvador,"ARIMA(1,1,0)",115053.280682349,14719.096424050096
2025-11-01,S4_el_salvador,"ARIMA(1,1,0)",148004.54968571386,14719.096424050096
2025-12-01,S4_el_salvador,"ARIMA(1,1,0)",177696.38493960712,14719.096424050096
2026-01-01,S4_el_salvador,"ARIMA(1,1,0)",128593.71952555198,14719.096424050096
2026-02-01,S4_el_salvador,"ARIMA(1,1,0)",88415.91210654091,14719.096424050096
2026-03-01,S4_el_salvador,"ARIMA(1,1,0)",107817.4340630385,14719.096424050096
2026-04-01,S4_el_salvador,"ARIMA(1,1,0)",104319.73121544144,14719.096424050096
2026-05-01,S4_el_salvador,"ARIMA(1,1,0)",100592.23666941204,14719.096424050096
2026-06-01,S4_el_salvador,"ARIMA(1,1,0)",100554.54061302647,14719.096424050096
2021-04-01,S4_el_salvador,"ARIMA(0,1,1)",11795.0,14737.190977906372
2021-05-01,S4_el_salvador,"ARIMA(0,1,1)",8882.0,14737.190977906372
2021-06-01,S4_el_salvador,"ARIMA(0,1,1)",12932.0,14737.190977906372
2021-07-01,S4_el_salvador,"ARIMA(0,1,1)",14627.0,14737.190977906372
2021-08-01,S4_el_salvador,"ARIMA(0,1,1)",13142.0,14737.190977906372
2021-09-01,S4_el_salvador,"ARIMA(0,1,1)",13569.0,14737.190977906372
2021-10-01,S4_el_salvador,"ARIMA(0,1,1)",16553.0,14737.190977906372
2021-11-01,S4_el_salvador,"ARIMA(0,1,1)",15092.0,14737.190977906372
2021-12-01,S4_el_salvador,"ARIMA(0,1,1)",70119.0,14737.190977906372
2022-01-01,S4_el_salvador,"ARIMA(0,1,1)",19138.0,14737.190977906372
2022-02-01,S4_el_salvador,"ARIMA(0,1,1)",35375.6,14737.190977906372
2022-03-01,S4_el_salvador,"ARIMA(0,1,1)",51629.0,14737.190977906372
2022-04-01,S4_el_salvador,"ARIMA(0,1,1)",51474.0,14737.190977906372
2022-05-01,S4_el_salvador,"ARIMA(0,1,1)",53447.0,14737.190977906372
2022-06-01,S4_el_salvador,"ARIMA(0,1,1)",48237.0,14737.190977906372
2022-07-01,S4_el_salvador,"ARIMA(0,1,1)",84739.0,14737.190977906372
2022-08-01,S4_el_salvador,"ARIMA(0,1,1)",85222.0,14737.190977906372
2022-09-01,S4_el_salvador,"ARIMA(0,1,1)",56835.0,14737.190977906372
2022-10-01,S4_el_salvador,"ARIMA(0,1,1)",61626.0,14737.190977906372
2022-11-01,S4_el_salvador,"ARIMA(0,1,1)",74035.0,14737.190977906372
2022-12-01,S4_el_salvador,"ARIMA(0,1,1)",106641.0,14737.190977906372
2023-01-01,S4_el_salvador,"ARIMA(0,1,1)",124087.44606008333,14737.190977906372
2023-02-01,S4_el_salvador,"ARIMA(0,1,1)",99793.77278846993,14737.190977906372
2023-03-01,S4_el_salvador,"ARIMA(0,1,1)",107227.74637612878,14737.190977906372
2023-04-01,S4_el_salvador,"ARIMA(0,1,1)",142638.14484654373,14737.190977906372
2023-05-01,S4_el_salvador,"ARIMA(0,1,1)",96200.05479994524,14737.190977906372
2023-06-01,S4_el_salvador,"ARIMA(0,1,1)",93859.99609812516,14737.190977906372
2023-07-01,S4_el_salvador,"ARIMA(0,1,1)",120257.79674189496,14737.190977906372
2023-08-01,S4_el_salvador,"ARIMA(0,1,1)",127663.3341708516,14737.190977906372
2023-09-01,S4_el_salvador,"ARIMA(0,1,1)",106169.27134849771,14737.190977906372
2023-10-01,S4_el_salvador,"ARIMA(0,1,1)",65019.215918421694,14737.190977906372
2023-11-01,S4_el_salvador,"ARIMA(0,1,1)",116652.0717958603,14737.190977906372
2023-12-01,S4_el_salvador,"ARIMA(0,1,1)",163321.83178352032,14737.190977906372
2024-01-01,S4_el_salvador,"ARIMA(0,1,1)",135317.3074760702,14737.190977906372
2024-02-01,S4_el_salvador,"ARIMA(0,1,1)",118123.80786567296,14737.190977906372
2024-03-01,S4_el_salvador,"ARIMA(0,1,1)",152052.6519139057,14737.190977906372
2024-04-01,S4_el_salvador,"ARIMA(0,1,1)",107135.17206570064,14737.190977906372
2024-05-01,S4_el_salvador,"ARIMA(0,1,1)",109153.62247387187,14737.190977906372
2024-06-01,S4_el_salvador,"ARIMA(0,1,1)",91067.29123780465,14737.190977906372
2024-07-01,S4_el_salvador,"ARIMA(0,1,1)",108436.34458018812,14737.190977906372
2024-08-01,S4_el_salvador,"ARIMA(0,1,1)",149863.3372072433,14737.190977906372
2024-09-01,S4_el_salvador,"ARIMA(0,1,1)",110122.51546693068,14737.190977906372
2024-10-01,S4_el_salvador,"ARIMA(0,1,1)",118357.98481287905,14737.190977906372
2024-11-01,S4_el_salvador,"ARIMA(0,1,1)",154245.9443268455,14737.190977906372
2024-12-01,S4_el_salvador,"ARIMA(0,1,1)",190578.95831441664,14737.190977906372
2025-01-01,S4_el_salvador,"ARIMA(0,1,1)",146835.56187939644,14737.190977906372
2025-02-01,S4_el_salvador,"ARIMA(0,1,1)",119227.85291310884,14737.190977906372
2025-03-01,S4_el_salvador,"ARIMA(0,1,1)",126746.69977981305,14737.190977906372
2025-04-01,S4_el_salvador,"ARIMA(0,1,1)",147657.60550425315,14737.190977906372
2025-05-01,S4_el_salvador,"ARIMA(0,1,1)",118913.7732804138,14737.190977906372
2025-06-01,S4_el_salvador,"ARIMA(0,1,1)",112400.8581467968,14737.190977906372
2025-07-01,S4_el_salvador,"ARIMA(0,1,1)",108746.9206164728,14737.190977906372
2025-08-01,S4_el_salvador,"ARIMA(0,1,1)",150205.8292703861,14737.190977906372
2025-09-01,S4_el_salvador,"ARIMA(0,1,1)",111355.30407273756,14737.190977906372
2025-10-01,S4_el_salvador,"ARIMA(0,1,1)",115053.280682349,14737.190977906372
2025-11-01,S4_el_salvador,"ARIMA(0,1,1)",148004.54968571386,14737.190977906372
2025-12-01,S4_el_salvador,"ARIMA(0,1,1)",177696.38493960712,14737.190977906372
2026-01-01,S4_el_salvador,"ARIMA(0,1,1)",128593.71952555198,14737.190977906372
2026-02-01,S4_el_salvador,"ARIMA(0,1,1)",88415.91210654091,14737.190977906372
2026-03-01,S4_el_salvador,"ARIMA(0,1,1)",107817.4340630385,14737.190977906372
2026-04-01,S4_el_salvador,"ARIMA(0,1,1)",104319.73121544144,14737.190977906372
2026-05-01,S4_el_salvador,"ARIMA(0,1,1)",100592.23666941204,14737.190977906372
2026-06-01,S4_el_salvador,"ARIMA(0,1,1)",100554.54061302647,14737.190977906372
2021-04-01,S4_el_salvador,"ARIMA(1,1,1)",11795.0,4268.9215200330345
2021-05-01,S4_el_salvador,"ARIMA(1,1,1)",8882.0,14994.180161979986
2021-06-01,S4_el_salvador,"ARIMA(1,1,1)",12932.0,4231.883075696061
2021-07-01,S4_el_salvador,"ARIMA(1,1,1)",14627.0,15126.304557351825
2021-08-01,S4_el_salvador,"ARIMA(1,1,1)",13142.0,4194.657085258843
2021-09-01,S4_el_salvador,"ARIMA(1,1,1)",13569.0,15261.45667943428
2021-10-01,S4_el_salvador,"ARIMA(1,1,1)",16553.0,4157.247167436737
2021-11-01,S4_el_salvador,"ARIMA(1,1,1)",15092.0,15399.722911081702
2021-12-01,S4_el_salvador,"ARIMA(1,1,1)",70119.0,4119.657067741188
2022-01-01,S4_el_salvador,"ARIMA(1,1,1)",19138.0,15541.192642374508
2022-02-01,S4_el_salvador,"ARIMA(1,1,1)",35375.6,4081.890659527622
2022-03-01,S4_el_salvador,"ARIMA(1,1,1)",51629.0,15685.958393785011
2022-04-01,S4_el_salvador,"ARIMA(1,1,1)",51474.0,4043.9519449744384
2022-05-01,S4_el_salvador,"ARIMA(1,1,1)",53447.0,15834.115945103746
2022-06-01,S4_el_salvador,"ARIMA(1,1,1)",48237.0,4005.8450559897406
2022-07-01,S4_el_salvador,"ARIMA(1,1,1)",84739.0,15985.76447042809
2022-08-01,S4_el_salvador,"ARIMA(1,1,1)",85222.0,3967.5742550418536
2022-09-01,S4_el_salvador,"ARIMA(1,1,1)",56835.0,16141.00667953196
2022-10-01,S4_el_salvador,"ARIMA(1,1,1)",61626.0,3929.1439359100696
2022-11-01,S4_el_salvador,"ARIMA(1,1,1)",74035.0,16299.948965954167
2022-12-01,S4_el_salvador,"ARIMA(1,1,1)",106641.0,3890.5586243516445
2023-01-01,S4_el_salvador,"ARIMA(1,1,1)",124087.44606008333,16462.701562162754
2023-02-01,S4_el_salvador,"ARIMA(1,1,1)",99793.77278846993,3851.8229786813235
2023-03-01,S4_el_salvador,"ARIMA(1,1,1)",107227.74637612878,16629.378702173406
2023-04-01,S4_el_salvador,"ARIMA(1,1,1)",142638.14484654373,3812.94179025942
2023-05-01,S4_el_salvador,"ARIMA(1,1,1)",96200.05479994524,16800.098792022458
2023-06-01,S4_el_salvador,"ARIMA(1,1,1)",93859.99609812516,3773.9199838844447
2023-07-01,S4_el_salvador,"ARIMA(1,1,1)",120257.79674189496,16974.984588518706
2023-08-01,S4_el_salvador,"ARIMA(1,1,1)",127663.3341708516,3734.7626180864127
2023-09-01,S4_el_salvador,"ARIMA(1,1,1)",106169.27134849771,17154.163386723412
2023-10-01,S4_el_salvador,"ARIMA(1,1,1)",65019.215918421694,3695.474885316715
2023-11-01,S4_el_salvador,"ARIMA(1,1,1)",116652.0717958603,17337.767216635122
2023-12-01,S4_el_salvador,"ARIMA(1,1,1)",163321.83178352032,3656.062112030504
2024-01-01,S4_el_salvador,"ARIMA(1,1,1)",135317.3074760702,17525.933049584004
2024-02-01,S4_el_salvador,"ARIMA(1,1,1)",118123.80786567296,3616.5297586576203
2024-03-01,S4_el_salvador,"ARIMA(1,1,1)",152052.6519139057,17718.803014871766
2024-04-01,S4_el_salvador,"ARIMA(1,1,1)",107135.17206570064,3576.883419457837
2024-05-01,S4_el_salvador,"ARIMA(1,1,1)",109153.62247387187,17916.524627224815
2024-06-01,S4_el_salvador,"ARIMA(1,1,1)",91067.29123780465,3537.1288222564226
2024-07-01,S4_el_salvador,"ARIMA(1,1,1)",108436.34458018812,18119.25102566383
2024-08-01,S4_el_salvador,"ARIMA(1,1,1)",149863.3372072433,3497.2718280558993
2024-09-01,S4_el_salvador,"ARIMA(1,1,1)",110122.51546693068,18327.14122442983
2024-10-01,S4_el_salvador,"ARIMA(1,1,1)",118357.98481287905,3457.3184305199256
2024-11-01,S4_el_salvador,"ARIMA(1,1,1)",154245.9443268455,18540.360376645767
2024-12-01,S4_el_salvador,"ARIMA(1,1,1)",190578.95831441664,3417.274755325189
2025-01-01,S4_el_salvador,"ARIMA(1,1,1)",146835.56187939644,18759.08005143563
2025-02-01,S4_el_salvador,"ARIMA(1,1,1)",119227.85291310884,3377.1470593773065
2025-03-01,S4_el_salvador,"ARIMA(1,1,1)",126746.69977981305,18983.478525267405
2025-04-01,S4_el_salvador,"ARIMA(1,1,1)",147657.60550425315,3336.94172988667
2025-05-01,S4_el_salvador,"ARIMA(1,1,1)",118913.7732804138,19213.741088335075
2025-06-01,S4_el_salvador,"ARIMA(1,1,1)",112400.8581467968,3296.6652833003104
2025-07-01,S4_el_salvador,"ARIMA(1,1,1)",108746.9206164728,19450.060366845206
2025-08-01,S4_el_salvador,"ARIMA(1,1,1)",150205.8292703861,3256.3243640857854
2025-09-01,S4_el_salvador,"ARIMA(1,1,1)",111355.30407273756,19692.636662129873
2025-10-01,S4_el_salvador,"ARIMA(1,1,1)",115053.280682349,3215.9257433632865
2025-11-01,S4_el_salvador,"ARIMA(1,1,1)",148004.54968571386,19941.678307564933
2025-12-01,S4_el_salvador,"ARIMA(1,1,1)",177696.38493960712,3175.47631738213
2026-01-01,S4_el_salvador,"ARIMA(1,1,1)",128593.71952555198,20197.402044336795
2026-02-01,S4_el_salvador,"ARIMA(1,1,1)",88415.91210654091,3134.983105837921
2026-03-01,S4_el_salvador,"ARIMA(1,1,1)",107817.4340630385,20460.033417167226
2026-04-01,S4_el_salvador,"ARIMA(1,1,1)",104319.73121544144,3094.453250026807
2026-05-01,S4_el_salvador,"ARIMA(1,1,1)",100592.23666941204,20729.807191177704
2026-06-01,S4_el_salvador,"ARIMA(1,1,1)",100554.54061302647,3053.894010833221
2021-04-01,S4_el_salvador,"SARIMA(1,1,1)(0,1,1,12)",11795.0,1.9997537198519137
2021-05-01,S4_el_salvador,"SARIMA(1,1,1)(0,1,1,12)",8882.0,14.303002234273542
2021-06-01,S4_el_salvador,"SARIMA(1,1,1)(0,1,1,12)",12932.0,1.456364101606134
2021-07-01,S4_el_salvador,"SARIMA(1,1,1)(0,1,1,12)",14627.0,15.990196352957824
2021-08-01,S4_el_salvador,"SARIMA(1,1,1)(0,1,1,12)",13142.0,1.5360957800832633
2021-09-01,S4_el_salvador,"SARIMA(1,1,1)(0,1,1,12)",13569.0,977.4229486627372
2021-10-01,S4_el_salvador,"SARIMA(1,1,1)(0,1,1,12)",16553.0,232.01561829693054
2021-11-01,S4_el_salvador,"SARIMA(1,1,1)(0,1,1,12)",15092.0,7240.450602738173
2021-12-01,S4_el_salvador,"SARIMA(1,1,1)(0,1,1,12)",70119.0,99.8704841133035
2022-01-01,S4_el_salvador,"SARIMA(1,1,1)(0,1,1,12)",19138.0,11907.672043081659
2022-02-01,S4_el_salvador,"SARIMA(1,1,1)(0,1,1,12)",35375.6,604.3216065716687
2022-03-01,S4_el_salvador,"SARIMA(1,1,1)(0,1,1,12)",51629.0,11300.04936633271
2022-04-01,S4_el_salvador,"SARIMA(1,1,1)(0,1,1,12)",51474.0,0.0
2022-05-01,S4_el_salvador,"SARIMA(1,1,1)(0,1,1,12)",53447.0,11.950659501787937
2022-06-01,S4_el_salvador,"SARIMA(1,1,1)(0,1,1,12)",48237.0,0.0
2022-07-01,S4_el_salvador,"SARIMA(1,1,1)(0,1,1,12)",84739.0,15.17243400802506
2022-08-01,S4_el_salvador,"SARIMA(1,1,1)(0,1,1,12)",85222.0,0.0
2022-09-01,S4_el_salvador,"SARIMA(1,1,1)(0,1,1,12)",56835.0,1058.41372259982
2022-10-01,S4_el_salvador,"SARIMA(1,1,1)(0,1,1,12)",61626.0,11.409586528724162
2022-11-01,S4_el_salvador,"SARIMA(1,1,1)(0,1,1,12)",74035.0,9029.192251220233
2022-12-01,S4_el_salvador,"SARIMA(1,1,1)(0,1,1,12)",106641.0,3.633705160772683
2023-01-01,S4_el_salvador,"SARIMA(1,1,1)(0,1,1,12)",124087.44606008333,17335.1674743557
2023-02-01,S4_el_salvador,"SARIMA(1,1,1)(0,1,1,12)",99793.77278846993,22.64725034999124
2023-03-01,S4_el_salvador,"SARIMA(1,1,1)(0,1,1,12)",107227.74637612878,19491.950835608033
2023-04-01,S4_el_salvador,"SARIMA(1,1,1)(0,1,1,12)",142638.14484654373,0.0
2023-05-01,S4_el_salvador,"SARIMA(1,1,1)(0,1,1,12)",96200.05479994524,25.902307600098823
2023-06-01,S4_el_salvador,"SARIMA(1,1,1)(0,1,1,12)",93859.99609812516,0.0
2023-07-01,S4_el_salvador,"SARIMA(1,1,1)(0,1,1,12)",120257.79674189496,40.18699531536416
2023-08-01,S4_el_salvador,"SARIMA(1,1,1)(0,1,1,12)",127663.3341708516,0.0
2023-09-01,S4_el_salvador,"SARIMA(1,1,1)(0,1,1,12)",106169.27134849771,3372.0998981005787
2023-10-01,S4_el_salvador,"SARIMA(1,1,1)(0,1,1,12)",65019.215918421694,0.0
2023-11-01,S4_el_salvador,"SARIMA(1,1,1)(0,1,1,12)",116652.0717958603,36722.68360941403
2023-12-01,S4_el_salvador,"SARIMA(1,1,1)(0,1,1,12)",163321.83178352032,0.0
2024-01-01,S4_el_salvador,"SARIMA(1,1,1)(0,1,1,12)",135317.3074760702,92189.85604823196
2024-02-01,S4_el_salvador,"SARIMA(1,1,1)(0,1,1,12)",118123.80786567296,0.0
2024-03-01,S4_el_salvador,"SARIMA(1,1,1)(0,1,1,12)",152052.6519139057,139082.81214373402
2024-04-01,S4_el_salvador,"SARIMA(1,1,1)(0,1,1,12)",107135.17206570064,0.0
2024-05-01,S4_el_salvador,"SARIMA(1,1,1)(0,1,1,12)",109153.62247387187,263.9136241146254
2024-06-01,S4_el_salvador,"SARIMA(1,1,1)(0,1,1,12)",91067.29123780465,0.0
2024-07-01,S4_el_salvador,"SARIMA(1,1,1)(0,1,1,12)",108436.34458018812,576.3217066341208
2024-08-01,S4_el_salvador,"SARIMA(1,1,1)(0,1,1,12)",149863.3372072433,0.0
2024-09-01,S4_el_salvador,"SARIMA(1,1,1)(0,1,1,12)",110122.51546693068,69620.89194068487
2024-10-01,S4_el_salvador,"SARIMA(1,1,1)(0,1,1,12)",118357.98481287905,0.0
2024-11-01,S4_el_salvador,"SARIMA(1,1,1)(0,1,1,12)",154245.9443268455,1158375.528183598
2024-12-01,S4_el_salvador,"SARIMA(1,1,1)(0,1,1,12)",190578.95831441664,0.0
2025-01-01,S4_el_salvador,"SARIMA(1,1,1)(0,1,1,12)",146835.56187939644,4628646.03132086
2025-02-01,S4_el_salvador,"SARIMA(1,1,1)(0,1,1,12)",119227.85291310884,0.0
2025-03-01,S4_el_salvador,"SARIMA(1,1,1)(0,1,1,12)",126746.69977981305,11621911.605310699
2025-04-01,S4_el_salvador,"SARIMA(1,1,1)(0,1,1,12)",147657.60550425315,0.0
2025-05-01,S4_el_salvador,"SARIMA(1,1,1)(0,1,1,12)",118913.7732804138,38686.55578155923
2025-06-01,S4_el_salvador,"SARIMA(1,1,1)(0,1,1,12)",112400.8581467968,0.0
2025-07-01,S4_el_salvador,"SARIMA(1,1,1)(0,1,1,12)",108746.9206164728,155459.3087787278
2025-08-01,S4_el_salvador,"SARIMA(1,1,1)(0,1,1,12)",150205.8292703861,0.0
2025-09-01,S4_el_salvador,"SARIMA(1,1,1)(0,1,1,12)",111355.30407273756,36659266.18074484
2025-10-01,S4_el_salvador,"SARIMA(1,1,1)(0,1,1,12)",115053.280682349,0.0
2025-11-01,S4_el_salvador,"SARIMA(1,1,1)(0,1,1,12)",148004.54968571386,1271958718.9901848
2025-12-01,S4_el_salvador,"SARIMA(1,1,1)(0,1,1,12)",177696.38493960712,0.0
2026-01-01,S4_el_salvador,"SARIMA(1,1,1)(0,1,1,12)",128593.71952555198,11373491431.430658
2026-02-01,S4_el_salvador,"SARIMA(1,1,1)(0,1,1,12)",88415.91210654091,0.0
2026-03-01,S4_el_salvador,"SARIMA(1,1,1)(0,1,1,12)",107817.4340630385,69040599558.26299
2026-04-01,S4_el_salvador,"SARIMA(1,1,1)(0,1,1,12)",104319.73121544144,0.0
2026-05-01,S4_el_salvador,"SARIMA(1,1,1)(0,1,1,12)",100592.23666941204,604752756.6496217
2026-06-01,S4_el_salvador,"SARIMA(1,1,1)(0,1,1,12)",100554.54061302647,0.0
2021-04-01,S4_el_salvador,"auto_arima(2, 0, 2)x(0, 0, 0, 12)",11795.0,1883.0049966438046
2021-05-01,S4_el_salvador,"auto_arima(2, 0, 2)x(0, 0, 0, 12)",8882.0,9275.124379984221
2021-06-01,S4_el_salvador,"auto_arima(2, 0, 2)x(0, 0, 0, 12)",12932.0,1609.2385142966511
2021-07-01,S4_el_salvador,"auto_arima(2, 0, 2)x(0, 0, 0, 12)",14627.0,8334.577015918585
2021-08-01,S4_el_salvador,"auto_arima(2, 0, 2)x(0, 0, 0, 12)",13142.0,1377.160665977239
2021-09-01,S4_el_salvador,"auto_arima(2, 0, 2)x(0, 0, 0, 12)",13569.0,7510.526082729723
2021-10-01,S4_el_salvador,"auto_arima(2, 0, 2)x(0, 0, 0, 12)",16553.0,1180.1015922227919
2021-11-01,S4_el_salvador,"auto_arima(2, 0, 2)x(0, 0, 0, 12)",15092.0,6786.956956893321
2021-12-01,S4_el_salvador,"auto_arima(2, 0, 2)x(0, 0, 0, 12)",70119.0,1012.511460070901
2022-01-01,S4_el_salvador,"auto_arima(2, 0, 2)x(0, 0, 0, 12)",19138.0,6150.256776358218
2022-02-01,S4_el_salvador,"auto_arima(2, 0, 2)x(0, 0, 0, 12)",35375.6,869.7635937530465
2022-03-01,S4_el_salvador,"auto_arima(2, 0, 2)x(0, 0, 0, 12)",51629.0,5588.8287926344165
2022-04-01,S4_el_salvador,"auto_arima(2, 0, 2)x(0, 0, 0, 12)",51474.0,747.9937141776638
2022-05-01,S4_el_salvador,"auto_arima(2, 0, 2)x(0, 0, 0, 12)",53447.0,5092.772446321199
2022-06-01,S4_el_salvador,"auto_arima(2, 0, 2)x(0, 0, 0, 12)",48237.0,643.968397111151
2022-07-01,S4_el_salvador,"auto_arima(2, 0, 2)x(0, 0, 0, 12)",84739.0,4653.617376236575
2022-08-01,S4_el_salvador,"auto_arima(2, 0, 2)x(0, 0, 0, 12)",85222.0,554.9772239621738
2022-09-01,S4_el_salvador,"auto_arima(2, 0, 2)x(0, 0, 0, 12)",56835.0,4264.101786928459
2022-10-01,S4_el_salvador,"auto_arima(2, 0, 2)x(0, 0, 0, 12)",61626.0,478.74418362692086
2022-11-01,S4_el_salvador,"auto_arima(2, 0, 2)x(0, 0, 0, 12)",74035.0,3917.9873804653034
2022-12-01,S4_el_salvador,"auto_arima(2, 0, 2)x(0, 0, 0, 12)",106641.0,413.35474807642896
2023-01-01,S4_el_salvador,"auto_arima(2, 0, 2)x(0, 0, 0, 12)",124087.44606008333,3609.9044941416732
2023-02-01,S4_el_salvador,"auto_arima(2, 0, 2)x(0, 0, 0, 12)",99793.77278846993,357.1957344898603
2023-03-01,S4_el_salvador,"auto_arima(2, 0, 2)x(0, 0, 0, 12)",107227.74637612878,3335.222245671322
2023-04-01,S4_el_salvador,"auto_arima(2, 0, 2)x(0, 0, 0, 12)",142638.14484654373,308.9056189906474
2023-05-01,S4_el_salvador,"auto_arima(2, 0, 2)x(0, 0, 0, 12)",96200.05479994524,3089.939426643113
2023-06-01,S4_el_salvador,"auto_arima(2, 0, 2)x(0, 0, 0, 12)",93859.99609812516,267.33340988357304
2023-07-01,S4_el_salvador,"auto_arima(2, 0, 2)x(0, 0, 0, 12)",120257.79674189496,2870.5926471609832
2023-08-01,S4_el_salvador,"auto_arima(2, 0, 2)x(0, 0, 0, 12)",127663.3341708516,231.50454412123432
2023-09-01,S4_el_salvador,"auto_arima(2, 0, 2)x(0, 0, 0, 12)",106169.27134849771,2674.1788544039096
2023-10-01,S4_el_salvador,"auto_arima(2, 0, 2)x(0, 0, 0, 12)",65019.215918421694,200.59255721897011
2023-11-01,S4_el_salvador,"auto_arima(2, 0, 2)x(0, 0, 0, 12)",116652.0717958603,2498.089852993196
2023-12-01,S4_el_salvador,"auto_arima(2, 0, 2)x(0, 0, 0, 12)",163321.83178352032,173.89550795734158
2024-01-01,S4_el_salvador,"auto_arima(2, 0, 2)x(0, 0, 0, 12)",135317.3074760702,2340.0568676368125
2024-02-01,S4_el_salvador,"auto_arima(2, 0, 2)x(0, 0, 0, 12)",118123.80786567296,150.81632602633638
2024-03-01,S4_el_salvador,"auto_arima(2, 0, 2)x(0, 0, 0, 12)",152052.6519139057,2198.1035262158957
2024-04-01,S4_el_salvador,"auto_arima(2, 0, 2)x(0, 0, 0, 12)",107135.17206570064,130.84640205938072
2024-05-01,S4_el_salvador,"auto_arima(2, 0, 2)x(0, 0, 0, 12)",109153.62247387187,2070.505918468941
2024-06-01,S4_el_salvador,"auto_arima(2, 0, 2)x(0, 0, 0, 12)",91067.29123780465,113.55186226438742
2024-07-01,S4_el_salvador,"auto_arima(2, 0, 2)x(0, 0, 0, 12)",108436.34458018812,1955.7586131133926
2024-08-01,S4_el_salvador,"auto_arima(2, 0, 2)x(0, 0, 0, 12)",149863.3372072433,98.56206965148162
2024-09-01,S4_el_salvador,"auto_arima(2, 0, 2)x(0, 0, 0, 12)",110122.51546693068,1852.5457038049713
2024-10-01,S4_el_salvador,"auto_arima(2, 0, 2)x(0, 0, 0, 12)",118357.98481287905,85.55997512894763
2024-11-01,S4_el_salvador,"auto_arima(2, 0, 2)x(0, 0, 0, 12)",154245.9443268455,1759.716109184909
2024-12-01,S4_el_salvador,"auto_arima(2, 0, 2)x(0, 0, 0, 12)",190578.95831441664,74.27400804777982
2025-01-01,S4_el_salvador,"auto_arima(2, 0, 2)x(0, 0, 0, 12)",146835.56187939644,1676.2624804022778
2025-02-01,S4_el_salvador,"auto_arima(2, 0, 2)x(0, 0, 0, 12)",119227.85291310884,64.47124997266071
2025-03-01,S4_el_salvador,"auto_arima(2, 0, 2)x(0, 0, 0, 12)",126746.69977981305,1601.3031757868964
2025-04-01,S4_el_salvador,"auto_arima(2, 0, 2)x(0, 0, 0, 12)",147657.60550425315,55.95167983354163
2025-05-01,S4_el_salvador,"auto_arima(2, 0, 2)x(0, 0, 0, 12)",118913.7732804138,1534.066850742151
2025-06-01,S4_el_salvador,"auto_arima(2, 0, 2)x(0, 0, 0, 12)",112400.8581467968,48.543315010099384
2025-07-01,S4_el_salvador,"auto_arima(2, 0, 2)x(0, 0, 0, 12)",108746.9206164728,1473.879284649567
2025-08-01,S4_el_salvador,"auto_arima(2, 0, 2)x(0, 0, 0, 12)",150205.8292703861,42.098102806719076
2025-09-01,S4_el_salvador,"auto_arima(2, 0, 2)x(0, 0, 0, 12)",111355.30407273756,1420.1521282627102
2025-10-01,S4_el_salvador,"auto_arima(2, 0, 2)x(0, 0, 0, 12)",115053.280682349,36.48844138797534
2025-11-01,S4_el_salvador,"auto_arima(2, 0, 2)x(0, 0, 0, 12)",148004.54968571386,1372.3733068780266
2025-12-01,S4_el_salvador,"auto_arima(2, 0, 2)x(0, 0, 0, 12)",177696.38493960712,31.604229534404332
2026-01-01,S4_el_salvador,"auto_arima(2, 0, 2)x(0, 0, 0, 12)",128593.71952555198,1330.0988582840084
2026-02-01,S4_el_salvador,"auto_arima(2, 0, 2)x(0, 0, 0, 12)",88415.91210654091,27.350361332246276
2026-03-01,S4_el_salvador,"auto_arima(2, 0, 2)x(0, 0, 0, 12)",107817.4340630385,1292.9460215804002
2026-04-01,S4_el_salvador,"auto_arima(2, 0, 2)x(0, 0, 0, 12)",104319.73121544144,23.6445957673722
2026-05-01,S4_el_salvador,"auto_arima(2, 0, 2)x(0, 0, 0, 12)",100592.23666941204,1260.5874246526837
2026-06-01,S4_el_salvador,"auto_arima(2, 0, 2)x(0, 0, 0, 12)",100554.54061302647,20.4157426721112
2021-04-01,S4_el_salvador,Prophet,11795.0,68487.05557833565
2021-05-01,S4_el_salvador,Prophet,8882.0,55228.768933668216
2021-06-01,S4_el_salvador,Prophet,12932.0,52288.736370665014
2021-07-01,S4_el_salvador,Prophet,14627.0,57001.80086653549
2021-08-01,S4_el_salvador,Prophet,13142.0,71880.90242162699
2021-09-01,S4_el_salvador,Prophet,13569.0,51374.61582287459
2021-10-01,S4_el_salvador,Prophet,16553.0,55606.522754264384
2021-11-01,S4_el_salvador,Prophet,15092.0,60951.92359841482
2021-12-01,S4_el_salvador,Prophet,70119.0,78278.04655648512
2022-01-01,S4_el_salvador,Prophet,19138.0,57404.11623154011
2022-02-01,S4_el_salvador,Prophet,35375.6,48710.06443062842
2022-03-01,S4_el_salvador,Prophet,51629.0,66268.82549031485
2022-04-01,S4_el_salvador,Prophet,51474.0,67240.56324210262
2022-05-01,S4_el_salvador,Prophet,53447.0,53675.60688401367
2022-06-01,S4_el_salvador,Prophet,48237.0,50798.33063596571
2022-07-01,S4_el_salvador,Prophet,84739.0,55683.71950871756
2022-08-01,S4_el_salvador,Prophet,85222.0,70572.90884251712
2022-09-01,S4_el_salvador,Prophet,56835.0,49774.49249915377
2022-10-01,S4_el_salvador,Prophet,61626.0,54051.622315295426
2022-11-01,S4_el_salvador,Prophet,74035.0,59503.38052369078
2022-12-01,S4_el_salvador,Prophet,106641.0,77050.51803172367
2023-01-01,S4_el_salvador,Prophet,124087.44606008333,55935.088512348935
2023-02-01,S4_el_salvador,Prophet,99793.77278846993,47175.56916233164
2023-03-01,S4_el_salvador,Prophet,107227.74637612878,64770.23142069324
2023-04-01,S4_el_salvador,Prophet,142638.14484654373,65989.65078329993
2023-05-01,S4_el_salvador,Prophet,96200.05479994524,52122.85945264896
2023-06-01,S4_el_salvador,Prophet,93859.99609812516,49313.68138454933
2023-07-01,S4_el_salvador,Prophet,120257.79674189496,54368.37829548273
2023-08-01,S4_el_salvador,Prophet,127663.3341708516,69253.41862292147
2023-09-01,S4_el_salvador,Prophet,106169.27134849771,48175.223987532954
2023-10-01,S4_el_salvador,Prophet,65019.215918421694,52501.0684909462
2023-11-01,S4_el_salvador,Prophet,116652.0717958603,58061.32543055428
2023-12-01,S4_el_salvador,Prophet,163321.83178352032,75814.08987143675
2024-01-01,S4_el_salvador,Prophet,135317.3074760702,54464.27763250448
2024-02-01,S4_el_salvador,Prophet,118123.80786567296,45646.689772333266
2024-03-01,S4_el_salvador,Prophet,152052.6519139057,63521.88994511194
2024-04-01,S4_el_salvador,Prophet,107135.17206570064,63988.07623945804
2024-05-01,S4_el_salvador,Prophet,109153.62247387187,51040.9892130482
2024-06-01,S4_el_salvador,Prophet,91067.29123780465,48043.70763185823
2024-07-01,S4_el_salvador,Prophet,108436.34458018812,52581.76013425025
2024-08-01,S4_el_salvador,Prophet,149863.3372072433,67436.3541198197
2024-09-01,S4_el_salvador,Prophet,110122.51546693068,47234.15861619804
2024-10-01,S4_el_salvador,Prophet,118357.98481287905,51424.50687976881
2024-11-01,S4_el_salvador,Prophet,154245.9443268455,56665.96465888211
2024-12-01,S4_el_salvador,Prophet,190578.95831441664,73755.74343417503
2025-01-01,S4_el_salvador,Prophet,146835.56187939644,53130.032195586566
2025-02-01,S4_el_salvador,Prophet,119227.85291310884,44508.95179784724
2025-03-01,S4_el_salvador,Prophet,126746.69977981305,62025.25598099624
2025-04-01,S4_el_salvador,Prophet,147657.60550425315,62745.91238150639
2025-05-01,S4_el_salvador,Prophet,118913.7732804138,49487.625736837275
2025-06-01,S4_el_salvador,Prophet,112400.8581467968,46547.59317383704
2025-07-01,S4_el_salvador,Prophet,108746.9206164728,51260.65766970745
2025-08-01,S4_el_salvador,Prophet,150205.8292703861,66139.75922479873
2025-09-01,S4_el_salvador,Prophet,111355.30407273756,45633.47262604721
2025-10-01,S4_el_salvador,Prophet,115053.280682349,49865.37955743609
2025-11-01,S4_el_salvador,Prophet,148004.54968571386,55210.780401584394
2025-12-01,S4_el_salvador,Prophet,177696.38493960712,72536.90335965803
2026-01-01,S4_el_salvador,Prophet,128593.71952555198,51662.97303471163
2026-02-01,S4_el_salvador,Prophet,88415.91210654091,42968.921233799134
2026-03-01,S4_el_salvador,Prophet,107817.4340630385,60527.68229348692
2026-04-01,S4_el_salvador,Prophet,104319.73121544144,61499.42004527339
2026-05-01,S4_el_salvador,Prophet,100592.23666941204,47934.46368718502
2026-06-01,S4_el_salvador,Prophet,100554.54061302647,45057.18743913579
2021-04-01,S4_el_salvador,Holt-Winters,11795.0,14872.175462792447
2021-05-01,S4_el_salvador,Holt-Winters,8882.0,3732.1328410607002
2021-06-01,S4_el_salvador,Holt-Winters,12932.0,4138.110938676917
2021-07-01,S4_el_salvador,Holt-Winters,14627.0,9642.82364539041
2021-08-01,S4_el_salvador,Holt-Winters,13142.0,24028.923185041094
2021-09-01,S4_el_salvador,Holt-Winters,13569.0,3374.532215971145
2021-10-01,S4_el_salvador,Holt-Winters,16553.0,8978.152477672738
2021-11-01,S4_el_salvador,Holt-Winters,15092.0,17362.229230981335
2021-12-01,S4_el_salvador,Holt-Winters,70119.0,36554.631634313366
2022-01-01,S4_el_salvador,Holt-Winters,19138.0,11319.243682331877
2022-02-01,S4_el_salvador,Holt-Winters,35375.6,2123.598294755202
2022-03-01,S4_el_salvador,Holt-Winters,51629.0,16305.492596233242
2022-04-01,S4_el_salvador,Holt-Winters,51474.0,14872.17546279243
2022-05-01,S4_el_salvador,Holt-Winters,53447.0,3732.1328410606857
2022-06-01,S4_el_salvador,Holt-Winters,48237.0,4138.110938676904
2022-07-01,S4_el_salvador,Holt-Winters,84739.0,9642.8236453904
2022-08-01,S4_el_salvador,Holt-Winters,85222.0,24028.923185041087
2022-09-01,S4_el_salvador,Holt-Winters,56835.0,3374.5322159711377
2022-10-01,S4_el_salvador,Holt-Winters,61626.0,8978.152477672733
2022-11-01,S4_el_salvador,Holt-Winters,74035.0,17362.229230981335
2022-12-01,S4_el_salvador,Holt-Winters,106641.0,36554.63163431336
2023-01-01,S4_el_salvador,Holt-Winters,124087.44606008333,11319.243682331875
2023-02-01,S4_el_salvador,Holt-Winters,99793.77278846993,2123.5982947552
2023-03-01,S4_el_salvador,Holt-Winters,107227.74637612878,16305.492596233242
2023-04-01,S4_el_salvador,Holt-Winters,142638.14484654373,14872.175462792427
2023-05-01,S4_el_salvador,Holt-Winters,96200.05479994524,3732.132841060684
2023-06-01,S4_el_salvador,Holt-Winters,93859.99609812516,4138.110938676904
2023-07-01,S4_el_salvador,Holt-Winters,120257.79674189496,9642.8236453904
2023-08-01,S4_el_salvador,Holt-Winters,127663.3341708516,24028.923185041087
2023-09-01,S4_el_salvador,Holt-Winters,106169.27134849771,3374.5322159711377
2023-10-01,S4_el_salvador,Holt-Winters,65019.215918421694,8978.152477672733
2023-11-01,S4_el_salvador,Holt-Winters,116652.0717958603,17362.229230981335
2023-12-01,S4_el_salvador,Holt-Winters,163321.83178352032,36554.63163431336
2024-01-01,S4_el_salvador,Holt-Winters,135317.3074760702,11319.243682331875
2024-02-01,S4_el_salvador,Holt-Winters,118123.80786567296,2123.5982947552
2024-03-01,S4_el_salvador,Holt-Winters,152052.6519139057,16305.492596233242
2024-04-01,S4_el_salvador,Holt-Winters,107135.17206570064,14872.175462792427
2024-05-01,S4_el_salvador,Holt-Winters,109153.62247387187,3732.132841060684
2024-06-01,S4_el_salvador,Holt-Winters,91067.29123780465,4138.110938676904
2024-07-01,S4_el_salvador,Holt-Winters,108436.34458018812,9642.8236453904
2024-08-01,S4_el_salvador,Holt-Winters,149863.3372072433,24028.923185041087
2024-09-01,S4_el_salvador,Holt-Winters,110122.51546693068,3374.5322159711377
2024-10-01,S4_el_salvador,Holt-Winters,118357.98481287905,8978.152477672733
2024-11-01,S4_el_salvador,Holt-Winters,154245.9443268455,17362.229230981335
2024-12-01,S4_el_salvador,Holt-Winters,190578.95831441664,36554.63163431336
2025-01-01,S4_el_salvador,Holt-Winters,146835.56187939644,11319.243682331875
2025-02-01,S4_el_salvador,Holt-Winters,119227.85291310884,2123.5982947552
2025-03-01,S4_el_salvador,Holt-Winters,126746.69977981305,16305.492596233242
2025-04-01,S4_el_salvador,Holt-Winters,147657.60550425315,14872.175462792427
2025-05-01,S4_el_salvador,Holt-Winters,118913.7732804138,3732.132841060684
2025-06-01,S4_el_salvador,Holt-Winters,112400.8581467968,4138.110938676904
2025-07-01,S4_el_salvador,Holt-Winters,108746.9206164728,9642.8236453904
2025-08-01,S4_el_salvador,Holt-Winters,150205.8292703861,24028.923185041087
2025-09-01,S4_el_salvador,Holt-Winters,111355.30407273756,3374.5322159711377
2025-10-01,S4_el_salvador,Holt-Winters,115053.280682349,8978.152477672733
2025-11-01,S4_el_salvador,Holt-Winters,148004.54968571386,17362.229230981335
2025-12-01,S4_el_salvador,Holt-Winters,177696.38493960712,36554.63163431336
2026-01-01,S4_el_salvador,Holt-Winters,128593.71952555198,11319.243682331875
2026-02-01,S4_el_salvador,Holt-Winters,88415.91210654091,2123.5982947552
2026-03-01,S4_el_salvador,Holt-Winters,107817.4340630385,16305.492596233242
2026-04-01,S4_el_salvador,Holt-Winters,104319.73121544144,14872.175462792427
2026-05-01,S4_el_salvador,Holt-Winters,100592.23666941204,3732.132841060684
2026-06-01,S4_el_salvador,Holt-Winters,100554.54061302647,4138.110938676904
2021-04-01,S4_el_salvador,Suavizamiento exponencial simple,11795.0,11758.718546912358
2021-05-01,S4_el_salvador,Suavizamiento exponencial simple,8882.0,11758.718546912358
2021-06-01,S4_el_salvador,Suavizamiento exponencial simple,12932.0,11758.718546912358
2021-07-01,S4_el_salvador,Suavizamiento exponencial simple,14627.0,11758.718546912358
2021-08-01,S4_el_salvador,Suavizamiento exponencial simple,13142.0,11758.718546912358
2021-09-01,S4_el_salvador,Suavizamiento exponencial simple,13569.0,11758.718546912358
2021-10-01,S4_el_salvador,Suavizamiento exponencial simple,16553.0,11758.718546912358
2021-11-01,S4_el_salvador,Suavizamiento exponencial simple,15092.0,11758.718546912358
2021-12-01,S4_el_salvador,Suavizamiento exponencial simple,70119.0,11758.718546912358
2022-01-01,S4_el_salvador,Suavizamiento exponencial simple,19138.0,11758.718546912358
2022-02-01,S4_el_salvador,Suavizamiento exponencial simple,35375.6,11758.718546912358
2022-03-01,S4_el_salvador,Suavizamiento exponencial simple,51629.0,11758.718546912358
2022-04-01,S4_el_salvador,Suavizamiento exponencial simple,51474.0,11758.718546912358
2022-05-01,S4_el_salvador,Suavizamiento exponencial simple,53447.0,11758.718546912358
2022-06-01,S4_el_salvador,Suavizamiento exponencial simple,48237.0,11758.718546912358
2022-07-01,S4_el_salvador,Suavizamiento exponencial simple,84739.0,11758.718546912358
2022-08-01,S4_el_salvador,Suavizamiento exponencial simple,85222.0,11758.718546912358
2022-09-01,S4_el_salvador,Suavizamiento exponencial simple,56835.0,11758.718546912358
2022-10-01,S4_el_salvador,Suavizamiento exponencial simple,61626.0,11758.718546912358
2022-11-01,S4_el_salvador,Suavizamiento exponencial simple,74035.0,11758.718546912358
2022-12-01,S4_el_salvador,Suavizamiento exponencial simple,106641.0,11758.718546912358
2023-01-01,S4_el_salvador,Suavizamiento exponencial simple,124087.44606008333,11758.718546912358
2023-02-01,S4_el_salvador,Suavizamiento exponencial simple,99793.77278846993,11758.718546912358
2023-03-01,S4_el_salvador,Suavizamiento exponencial simple,107227.74637612878,11758.718546912358
2023-04-01,S4_el_salvador,Suavizamiento exponencial simple,142638.14484654373,11758.718546912358
2023-05-01,S4_el_salvador,Suavizamiento exponencial simple,96200.05479994524,11758.718546912358
2023-06-01,S4_el_salvador,Suavizamiento exponencial simple,93859.99609812516,11758.718546912358
2023-07-01,S4_el_salvador,Suavizamiento exponencial simple,120257.79674189496,11758.718546912358
2023-08-01,S4_el_salvador,Suavizamiento exponencial simple,127663.3341708516,11758.718546912358
2023-09-01,S4_el_salvador,Suavizamiento exponencial simple,106169.27134849771,11758.718546912358
2023-10-01,S4_el_salvador,Suavizamiento exponencial simple,65019.215918421694,11758.718546912358
2023-11-01,S4_el_salvador,Suavizamiento exponencial simple,116652.0717958603,11758.718546912358
2023-12-01,S4_el_salvador,Suavizamiento exponencial simple,163321.83178352032,11758.718546912358
2024-01-01,S4_el_salvador,Suavizamiento exponencial simple,135317.3074760702,11758.718546912358
2024-02-01,S4_el_salvador,Suavizamiento exponencial simple,118123.80786567296,11758.718546912358
2024-03-01,S4_el_salvador,Suavizamiento exponencial simple,152052.6519139057,11758.718546912358
2024-04-01,S4_el_salvador,Suavizamiento exponencial simple,107135.17206570064,11758.718546912358
2024-05-01,S4_el_salvador,Suavizamiento exponencial simple,109153.62247387187,11758.718546912358
2024-06-01,S4_el_salvador,Suavizamiento exponencial simple,91067.29123780465,11758.718546912358
2024-07-01,S4_el_salvador,Suavizamiento exponencial simple,108436.34458018812,11758.718546912358
2024-08-01,S4_el_salvador,Suavizamiento exponencial simple,149863.3372072433,11758.718546912358
2024-09-01,S4_el_salvador,Suavizamiento exponencial simple,110122.51546693068,11758.718546912358
2024-10-01,S4_el_salvador,Suavizamiento exponencial simple,118357.98481287905,11758.718546912358
2024-11-01,S4_el_salvador,Suavizamiento exponencial simple,154245.9443268455,11758.718546912358
2024-12-01,S4_el_salvador,Suavizamiento exponencial simple,190578.95831441664,11758.718546912358
2025-01-01,S4_el_salvador,Suavizamiento exponencial simple,146835.56187939644,11758.718546912358
2025-02-01,S4_el_salvador,Suavizamiento exponencial simple,119227.85291310884,11758.718546912358
2025-03-01,S4_el_salvador,Suavizamiento exponencial simple,126746.69977981305,11758.718546912358
2025-04-01,S4_el_salvador,Suavizamiento exponencial simple,147657.60550425315,11758.718546912358
2025-05-01,S4_el_salvador,Suavizamiento exponencial simple,118913.7732804138,11758.718546912358
2025-06-01,S4_el_salvador,Suavizamiento exponencial simple,112400.8581467968,11758.718546912358
2025-07-01,S4_el_salvador,Suavizamiento exponencial simple,108746.9206164728,11758.718546912358
2025-08-01,S4_el_salvador,Suavizamiento exponencial simple,150205.8292703861,11758.718546912358
2025-09-01,S4_el_salvador,Suavizamiento exponencial simple,111355.30407273756,11758.718546912358
2025-10-01,S4_el_salvador,Suavizamiento exponencial simple,115053.280682349,11758.718546912358
2025-11-01,S4_el_salvador,Suavizamiento exponencial simple,148004.54968571386,11758.718546912358
2025-12-01,S4_el_salvador,Suavizamiento exponencial simple,177696.38493960712,11758.718546912358
2026-01-01,S4_el_salvador,Suavizamiento exponencial simple,128593.71952555198,11758.718546912358
2026-02-01,S4_el_salvador,Suavizamiento exponencial simple,88415.91210654091,11758.718546912358
2026-03-01,S4_el_salvador,Suavizamiento exponencial simple,107817.4340630385,11758.718546912358
2026-04-01,S4_el_salvador,Suavizamiento exponencial simple,104319.73121544144,11758.718546912358
2026-05-01,S4_el_salvador,Suavizamiento exponencial simple,100592.23666941204,11758.718546912358
2026-06-01,S4_el_salvador,Suavizamiento exponencial simple,100554.54061302647,11758.718546912358
2021-04-01,S4_el_salvador,Seasonal Naive,11795.0,0.0
2021-05-01,S4_el_salvador,Seasonal Naive,8882.0,0.0
2021-06-01,S4_el_salvador,Seasonal Naive,12932.0,0.0
2021-07-01,S4_el_salvador,Seasonal Naive,14627.0,0.0
2021-08-01,S4_el_salvador,Seasonal Naive,13142.0,0.0
2021-09-01,S4_el_salvador,Seasonal Naive,13569.0,489.0
2021-10-01,S4_el_salvador,Seasonal Naive,16553.0,1561.3110774519969
2021-11-01,S4_el_salvador,Seasonal Naive,15092.0,8760.0
2021-12-01,S4_el_salvador,Seasonal Naive,70119.0,404.0
2022-01-01,S4_el_salvador,Seasonal Naive,19138.0,14586.0
2022-02-01,S4_el_salvador,Seasonal Naive,35375.6,9511.0
2022-03-01,S4_el_salvador,Seasonal Naive,51629.0,14865.0
2022-04-01,S4_el_salvador,Seasonal Naive,51474.0,0.0
2022-05-01,S4_el_salvador,Seasonal Naive,53447.0,0.0
2022-06-01,S4_el_salvador,Seasonal Naive,48237.0,0.0
2022-07-01,S4_el_salvador,Seasonal Naive,84739.0,0.0
2022-08-01,S4_el_salvador,Seasonal Naive,85222.0,0.0
2022-09-01,S4_el_salvador,Seasonal Naive,56835.0,489.0
2022-10-01,S4_el_salvador,Seasonal Naive,61626.0,1561.3110774519969
2022-11-01,S4_el_salvador,Seasonal Naive,74035.0,8760.0
2022-12-01,S4_el_salvador,Seasonal Naive,106641.0,404.0
2023-01-01,S4_el_salvador,Seasonal Naive,124087.44606008333,14586.0
2023-02-01,S4_el_salvador,Seasonal Naive,99793.77278846993,9511.0
2023-03-01,S4_el_salvador,Seasonal Naive,107227.74637612878,14865.0
2023-04-01,S4_el_salvador,Seasonal Naive,142638.14484654373,0.0
2023-05-01,S4_el_salvador,Seasonal Naive,96200.05479994524,0.0
2023-06-01,S4_el_salvador,Seasonal Naive,93859.99609812516,0.0
2023-07-01,S4_el_salvador,Seasonal Naive,120257.79674189496,0.0
2023-08-01,S4_el_salvador,Seasonal Naive,127663.3341708516,0.0
2023-09-01,S4_el_salvador,Seasonal Naive,106169.27134849771,489.0
2023-10-01,S4_el_salvador,Seasonal Naive,65019.215918421694,1561.3110774519969
2023-11-01,S4_el_salvador,Seasonal Naive,116652.0717958603,8760.0
2023-12-01,S4_el_salvador,Seasonal Naive,163321.83178352032,404.0
2024-01-01,S4_el_salvador,Seasonal Naive,135317.3074760702,14586.0
2024-02-01,S4_el_salvador,Seasonal Naive,118123.80786567296,9511.0
2024-03-01,S4_el_salvador,Seasonal Naive,152052.6519139057,14865.0
2024-04-01,S4_el_salvador,Seasonal Naive,107135.17206570064,0.0
2024-05-01,S4_el_salvador,Seasonal Naive,109153.62247387187,0.0
2024-06-01,S4_el_salvador,Seasonal Naive,91067.29123780465,0.0
2024-07-01,S4_el_salvador,Seasonal Naive,108436.34458018812,0.0
2024-08-01,S4_el_salvador,Seasonal Naive,149863.3372072433,0.0
2024-09-01,S4_el_salvador,Seasonal Naive,110122.51546693068,489.0
2024-10-01,S4_el_salvador,Seasonal Naive,118357.98481287905,1561.3110774519969
2024-11-01,S4_el_salvador,Seasonal Naive,154245.9443268455,8760.0
2024-12-01,S4_el_salvador,Seasonal Naive,190578.95831441664,404.0
2025-01-01,S4_el_salvador,Seasonal Naive,146835.56187939644,14586.0
2025-02-01,S4_el_salvador,Seasonal Naive,119227.85291310884,9511.0
2025-03-01,S4_el_salvador,Seasonal Naive,126746.69977981305,14865.0
2025-04-01,S4_el_salvador,Seasonal Naive,147657.60550425315,0.0
2025-05-01,S4_el_salvador,Seasonal Naive,118913.7732804138,0.0
2025-06-01,S4_el_salvador,Seasonal Naive,112400.8581467968,0.0
2025-07-01,S4_el_salvador,Seasonal Naive,108746.9206164728,0.0
2025-08-01,S4_el_salvador,Seasonal Naive,150205.8292703861,0.0
2025-09-01,S4_el_salvador,Seasonal Naive,111355.30407273756,489.0
2025-10-01,S4_el_salvador,Seasonal Naive,115053.280682349,1561.3110774519969
2025-11-01,S4_el_salvador,Seasonal Naive,148004.54968571386,8760.0
2025-12-01,S4_el_salvador,Seasonal Naive,177696.38493960712,404.0
2026-01-01,S4_el_salvador,Seasonal Naive,128593.71952555198,14586.0
2026-02-01,S4_el_salvador,Seasonal Naive,88415.91210654091,9511.0
2026-03-01,S4_el_salvador,Seasonal Naive,107817.4340630385,14865.0
2026-04-01,S4_el_salvador,Seasonal Naive,104319.73121544144,0.0
2026-05-01,S4_el_salvador,Seasonal Naive,100592.23666941204,0.0
2026-06-01,S4_el_salvador,Seasonal Naive,100554.54061302647,0.0
2021-04-01,S5_estados_unidos,"ARIMA(1,1,0)",15318.0,24155.087184235024
2021-05-01,S5_estados_unidos,"ARIMA(1,1,0)",17237.0,24247.280817772764
2021-06-01,S5_estados_unidos,"ARIMA(1,1,0)",26082.0,24252.369313123367
2021-07-01,S5_estados_unidos,"ARIMA(1,1,0)",24567.0,24252.649632694985
2021-08-01,S5_estados_unidos,"ARIMA(1,1,0)",14111.0,24252.66507357454
2021-09-01,S5_estados_unidos,"ARIMA(1,1,0)",10998.0,24252.665924101606
2021-10-01,S5_estados_unidos,"ARIMA(1,1,0)",14298.0,24252.665970951017
2021-11-01,S5_estados_unidos,"ARIMA(1,1,0)",19323.0,24252.665973531613
2021-12-01,S5_estados_unidos,"ARIMA(1,1,0)",51057.0,24252.665973673742
2022-01-01,S5_estados_unidos,"ARIMA(1,1,0)",27001.0,24252.665973681585
2022-02-01,S5_estados_unidos,"ARIMA(1,1,0)",26498.0,24252.665973682015
2022-03-01,S5_estados_unidos,"ARIMA(1,1,0)",38737.0,24252.66597368206
2022-04-01,S5_estados_unidos,"ARIMA(1,1,0)",40838.0,24252.66597368206
2022-05-01,S5_estados_unidos,"ARIMA(1,1,0)",38482.0,24252.66597368206
2022-06-01,S5_estados_unidos,"ARIMA(1,1,0)",49492.0,24252.66597368206
2022-07-01,S5_estados_unidos,"ARIMA(1,1,0)",47406.0,24252.66597368206
2022-08-01,S5_estados_unidos,"ARIMA(1,1,0)",34897.0,24252.66597368206
2022-09-01,S5_estados_unidos,"ARIMA(1,1,0)",26821.0,24252.66597368206
2022-10-01,S5_estados_unidos,"ARIMA(1,1,0)",32382.0,24252.66597368206
2022-11-01,S5_estados_unidos,"ARIMA(1,1,0)",32735.0,24252.66597368206
2022-12-01,S5_estados_unidos,"ARIMA(1,1,0)",50965.0,24252.66597368206
2023-01-01,S5_estados_unidos,"ARIMA(1,1,0)",42564.85679012346,24252.66597368206
2023-02-01,S5_estados_unidos,"ARIMA(1,1,0)",41184.363046740815,24252.66597368206
2023-03-01,S5_estados_unidos,"ARIMA(1,1,0)",55213.4667036626,24252.66597368206
2023-04-01,S5_estados_unidos,"ARIMA(1,1,0)",44113.51210894952,24252.66597368206
2023-05-01,S5_estados_unidos,"ARIMA(1,1,0)",41381.57060678371,24252.66597368206
2023-06-01,S5_estados_unidos,"ARIMA(1,1,0)",60972.33456874857,24252.66597368206
2023-07-01,S5_estados_unidos,"ARIMA(1,1,0)",61402.21111111111,24252.66597368206
2023-08-01,S5_estados_unidos,"ARIMA(1,1,0)",44902.59605263158,24252.66597368206
2023-09-01,S5_estados_unidos,"ARIMA(1,1,0)",33300.637664783426,24252.66597368206
2023-10-01,S5_estados_unidos,"ARIMA(1,1,0)",28856.235897435898,24252.66597368206
2023-11-01,S5_estados_unidos,"ARIMA(1,1,0)",44110.3871460894,24252.66597368206
2023-12-01,S5_estados_unidos,"ARIMA(1,1,0)",67843.63231707318,24252.66597368206
2024-01-01,S5_estados_unidos,"ARIMA(1,1,0)",51549.98050420168,24252.66597368206
2024-02-01,S5_estados_unidos,"ARIMA(1,1,0)",56331.931939211085,24252.66597368206
2024-03-01,S5_estados_unidos,"ARIMA(1,1,0)",65814.34652526065,24252.66597368206
2024-04-01,S5_estados_unidos,"ARIMA(1,1,0)",47926.56645860106,24252.66597368206
2024-05-01,S5_estados_unidos,"ARIMA(1,1,0)",50604.94190287849,24252.66597368206
2024-06-01,S5_estados_unidos,"ARIMA(1,1,0)",70997.42091836735,24252.66597368206
2024-07-01,S5_estados_unidos,"ARIMA(1,1,0)",70063.43320926385,24252.66597368206
2024-08-01,S5_estados_unidos,"ARIMA(1,1,0)",50503.92132168998,24252.66597368206
2024-09-01,S5_estados_unidos,"ARIMA(1,1,0)",32282.807516339868,24252.66597368206
2024-10-01,S5_estados_unidos,"ARIMA(1,1,0)",39405.92157928389,24252.66597368206
2024-11-01,S5_estados_unidos,"ARIMA(1,1,0)",49135.98230088496,24252.66597368206
2024-12-01,S5_estados_unidos,"ARIMA(1,1,0)",71932.50701754386,24252.66597368206
2025-01-01,S5_estados_unidos,"ARIMA(1,1,0)",53194.70208728653,24252.66597368206
2025-02-01,S5_estados_unidos,"ARIMA(1,1,0)",49713.2784700413,24252.66597368206
2025-03-01,S5_estados_unidos,"ARIMA(1,1,0)",61290.23050429767,24252.66597368206
2025-04-01,S5_estados_unidos,"ARIMA(1,1,0)",51448.35050594361,24252.66597368206
2025-05-01,S5_estados_unidos,"ARIMA(1,1,0)",51035.18262062994,24252.66597368206
2025-06-01,S5_estados_unidos,"ARIMA(1,1,0)",67934.42191452536,24252.66597368206
2025-07-01,S5_estados_unidos,"ARIMA(1,1,0)",73557.04897780964,24252.66597368206
2025-08-01,S5_estados_unidos,"ARIMA(1,1,0)",51692.05755693582,24252.66597368206
2025-09-01,S5_estados_unidos,"ARIMA(1,1,0)",33002.422864995315,24252.66597368206
2025-10-01,S5_estados_unidos,"ARIMA(1,1,0)",45871.23336163119,24252.66597368206
2025-11-01,S5_estados_unidos,"ARIMA(1,1,0)",56053.30186546072,24252.66597368206
2025-12-01,S5_estados_unidos,"ARIMA(1,1,0)",78927.15862068966,24252.66597368206
2026-01-01,S5_estados_unidos,"ARIMA(1,1,0)",58205.9383828186,24252.66597368206
2026-02-01,S5_estados_unidos,"ARIMA(1,1,0)",56019.357142857145,24252.66597368206
2026-03-01,S5_estados_unidos,"ARIMA(1,1,0)",72509.63840109167,24252.66597368206
2026-04-01,S5_estados_unidos,"ARIMA(1,1,0)",54854.81282997855,24252.66597368206
2026-05-01,S5_estados_unidos,"ARIMA(1,1,0)",54361.72805970149,24252.66597368206
2026-06-01,S5_estados_unidos,"ARIMA(1,1,0)",65119.89089994972,24252.66597368206
2021-04-01,S5_estados_unidos,"ARIMA(0,1,1)",15318.0,24038.31546364716
2021-05-01,S5_estados_unidos,"ARIMA(0,1,1)",17237.0,24038.31546364716
2021-06-01,S5_estados_unidos,"ARIMA(0,1,1)",26082.0,24038.31546364716
2021-07-01,S5_estados_unidos,"ARIMA(0,1,1)",24567.0,24038.31546364716
2021-08-01,S5_estados_unidos,"ARIMA(0,1,1)",14111.0,24038.31546364716
2021-09-01,S5_estados_unidos,"ARIMA(0,1,1)",10998.0,24038.31546364716
2021-10-01,S5_estados_unidos,"ARIMA(0,1,1)",14298.0,24038.31546364716
2021-11-01,S5_estados_unidos,"ARIMA(0,1,1)",19323.0,24038.31546364716
2021-12-01,S5_estados_unidos,"ARIMA(0,1,1)",51057.0,24038.31546364716
2022-01-01,S5_estados_unidos,"ARIMA(0,1,1)",27001.0,24038.31546364716
2022-02-01,S5_estados_unidos,"ARIMA(0,1,1)",26498.0,24038.31546364716
2022-03-01,S5_estados_unidos,"ARIMA(0,1,1)",38737.0,24038.31546364716
2022-04-01,S5_estados_unidos,"ARIMA(0,1,1)",40838.0,24038.31546364716
2022-05-01,S5_estados_unidos,"ARIMA(0,1,1)",38482.0,24038.31546364716
2022-06-01,S5_estados_unidos,"ARIMA(0,1,1)",49492.0,24038.31546364716
2022-07-01,S5_estados_unidos,"ARIMA(0,1,1)",47406.0,24038.31546364716
2022-08-01,S5_estados_unidos,"ARIMA(0,1,1)",34897.0,24038.31546364716
2022-09-01,S5_estados_unidos,"ARIMA(0,1,1)",26821.0,24038.31546364716
2022-10-01,S5_estados_unidos,"ARIMA(0,1,1)",32382.0,24038.31546364716
2022-11-01,S5_estados_unidos,"ARIMA(0,1,1)",32735.0,24038.31546364716
2022-12-01,S5_estados_unidos,"ARIMA(0,1,1)",50965.0,24038.31546364716
2023-01-01,S5_estados_unidos,"ARIMA(0,1,1)",42564.85679012346,24038.31546364716
2023-02-01,S5_estados_unidos,"ARIMA(0,1,1)",41184.363046740815,24038.31546364716
2023-03-01,S5_estados_unidos,"ARIMA(0,1,1)",55213.4667036626,24038.31546364716
2023-04-01,S5_estados_unidos,"ARIMA(0,1,1)",44113.51210894952,24038.31546364716
2023-05-01,S5_estados_unidos,"ARIMA(0,1,1)",41381.57060678371,24038.31546364716
2023-06-01,S5_estados_unidos,"ARIMA(0,1,1)",60972.33456874857,24038.31546364716
2023-07-01,S5_estados_unidos,"ARIMA(0,1,1)",61402.21111111111,24038.31546364716
2023-08-01,S5_estados_unidos,"ARIMA(0,1,1)",44902.59605263158,24038.31546364716
2023-09-01,S5_estados_unidos,"ARIMA(0,1,1)",33300.637664783426,24038.31546364716
2023-10-01,S5_estados_unidos,"ARIMA(0,1,1)",28856.235897435898,24038.31546364716
2023-11-01,S5_estados_unidos,"ARIMA(0,1,1)",44110.3871460894,24038.31546364716
2023-12-01,S5_estados_unidos,"ARIMA(0,1,1)",67843.63231707318,24038.31546364716
2024-01-01,S5_estados_unidos,"ARIMA(0,1,1)",51549.98050420168,24038.31546364716
2024-02-01,S5_estados_unidos,"ARIMA(0,1,1)",56331.931939211085,24038.31546364716
2024-03-01,S5_estados_unidos,"ARIMA(0,1,1)",65814.34652526065,24038.31546364716
2024-04-01,S5_estados_unidos,"ARIMA(0,1,1)",47926.56645860106,24038.31546364716
2024-05-01,S5_estados_unidos,"ARIMA(0,1,1)",50604.94190287849,24038.31546364716
2024-06-01,S5_estados_unidos,"ARIMA(0,1,1)",70997.42091836735,24038.31546364716
2024-07-01,S5_estados_unidos,"ARIMA(0,1,1)",70063.43320926385,24038.31546364716
2024-08-01,S5_estados_unidos,"ARIMA(0,1,1)",50503.92132168998,24038.31546364716
2024-09-01,S5_estados_unidos,"ARIMA(0,1,1)",32282.807516339868,24038.31546364716
2024-10-01,S5_estados_unidos,"ARIMA(0,1,1)",39405.92157928389,24038.31546364716
2024-11-01,S5_estados_unidos,"ARIMA(0,1,1)",49135.98230088496,24038.31546364716
2024-12-01,S5_estados_unidos,"ARIMA(0,1,1)",71932.50701754386,24038.31546364716
2025-01-01,S5_estados_unidos,"ARIMA(0,1,1)",53194.70208728653,24038.31546364716
2025-02-01,S5_estados_unidos,"ARIMA(0,1,1)",49713.2784700413,24038.31546364716
2025-03-01,S5_estados_unidos,"ARIMA(0,1,1)",61290.23050429767,24038.31546364716
2025-04-01,S5_estados_unidos,"ARIMA(0,1,1)",51448.35050594361,24038.31546364716
2025-05-01,S5_estados_unidos,"ARIMA(0,1,1)",51035.18262062994,24038.31546364716
2025-06-01,S5_estados_unidos,"ARIMA(0,1,1)",67934.42191452536,24038.31546364716
2025-07-01,S5_estados_unidos,"ARIMA(0,1,1)",73557.04897780964,24038.31546364716
2025-08-01,S5_estados_unidos,"ARIMA(0,1,1)",51692.05755693582,24038.31546364716
2025-09-01,S5_estados_unidos,"ARIMA(0,1,1)",33002.422864995315,24038.31546364716
2025-10-01,S5_estados_unidos,"ARIMA(0,1,1)",45871.23336163119,24038.31546364716
2025-11-01,S5_estados_unidos,"ARIMA(0,1,1)",56053.30186546072,24038.31546364716
2025-12-01,S5_estados_unidos,"ARIMA(0,1,1)",78927.15862068966,24038.31546364716
2026-01-01,S5_estados_unidos,"ARIMA(0,1,1)",58205.9383828186,24038.31546364716
2026-02-01,S5_estados_unidos,"ARIMA(0,1,1)",56019.357142857145,24038.31546364716
2026-03-01,S5_estados_unidos,"ARIMA(0,1,1)",72509.63840109167,24038.31546364716
2026-04-01,S5_estados_unidos,"ARIMA(0,1,1)",54854.81282997855,24038.31546364716
2026-05-01,S5_estados_unidos,"ARIMA(0,1,1)",54361.72805970149,24038.31546364716
2026-06-01,S5_estados_unidos,"ARIMA(0,1,1)",65119.89089994972,24038.31546364716
2021-04-01,S5_estados_unidos,"ARIMA(1,1,1)",15318.0,24111.021800944105
2021-05-01,S5_estados_unidos,"ARIMA(1,1,1)",17237.0,24606.857379164183
2021-06-01,S5_estados_unidos,"ARIMA(1,1,1)",26082.0,24758.755743128033
2021-07-01,S5_estados_unidos,"ARIMA(1,1,1)",24567.0,24804.861864807317
2021-08-01,S5_estados_unidos,"ARIMA(1,1,1)",14111.0,24818.81752890783
2021-09-01,S5_estados_unidos,"ARIMA(1,1,1)",10998.0,24823.038140774046
2021-10-01,S5_estados_unidos,"ARIMA(1,1,1)",14298.0,24824.314254438003
2021-11-01,S5_estados_unidos,"ARIMA(1,1,1)",19323.0,24824.70006112827
2021-12-01,S5_estados_unidos,"ARIMA(1,1,1)",51057.0,24824.816699113133
2022-01-01,S5_estados_unidos,"ARIMA(1,1,1)",27001.0,24824.85196113376
2022-02-01,S5_estados_unidos,"ARIMA(1,1,1)",26498.0,24824.862621532662
2022-03-01,S5_estados_unidos,"ARIMA(1,1,1)",38737.0,24824.865844377764
2022-04-01,S5_estados_unidos,"ARIMA(1,1,1)",40838.0,24824.866818706112
2022-05-01,S5_estados_unidos,"ARIMA(1,1,1)",38482.0,24824.86711326435
2022-06-01,S5_estados_unidos,"ARIMA(1,1,1)",49492.0,24824.86720231498
2022-07-01,S5_estados_unidos,"ARIMA(1,1,1)",47406.0,24824.867229236726
2022-08-01,S5_estados_unidos,"ARIMA(1,1,1)",34897.0,24824.867237375704
2022-09-01,S5_estados_unidos,"ARIMA(1,1,1)",26821.0,24824.867239836287
2022-10-01,S5_estados_unidos,"ARIMA(1,1,1)",32382.0,24824.86724058016
2022-11-01,S5_estados_unidos,"ARIMA(1,1,1)",32735.0,24824.867240805066
2022-12-01,S5_estados_unidos,"ARIMA(1,1,1)",50965.0,24824.867240873067
2023-01-01,S5_estados_unidos,"ARIMA(1,1,1)",42564.85679012346,24824.867240893618
2023-02-01,S5_estados_unidos,"ARIMA(1,1,1)",41184.363046740815,24824.867240899835
2023-03-01,S5_estados_unidos,"ARIMA(1,1,1)",55213.4667036626,24824.867240901734
2023-04-01,S5_estados_unidos,"ARIMA(1,1,1)",44113.51210894952,24824.867240902306
2023-05-01,S5_estados_unidos,"ARIMA(1,1,1)",41381.57060678371,24824.867240902484
2023-06-01,S5_estados_unidos,"ARIMA(1,1,1)",60972.33456874857,24824.867240902528
2023-07-01,S5_estados_unidos,"ARIMA(1,1,1)",61402.21111111111,24824.867240902528
2023-08-01,S5_estados_unidos,"ARIMA(1,1,1)",44902.59605263158,24824.867240902528
2023-09-01,S5_estados_unidos,"ARIMA(1,1,1)",33300.637664783426,24824.867240902528
2023-10-01,S5_estados_unidos,"ARIMA(1,1,1)",28856.235897435898,24824.867240902528
2023-11-01,S5_estados_unidos,"ARIMA(1,1,1)",44110.3871460894,24824.867240902528
2023-12-01,S5_estados_unidos,"ARIMA(1,1,1)",67843.63231707318,24824.867240902528
2024-01-01,S5_estados_unidos,"ARIMA(1,1,1)",51549.98050420168,24824.867240902528
2024-02-01,S5_estados_unidos,"ARIMA(1,1,1)",56331.931939211085,24824.867240902528
2024-03-01,S5_estados_unidos,"ARIMA(1,1,1)",65814.34652526065,24824.867240902528
2024-04-01,S5_estados_unidos,"ARIMA(1,1,1)",47926.56645860106,24824.867240902528
2024-05-01,S5_estados_unidos,"ARIMA(1,1,1)",50604.94190287849,24824.867240902528
2024-06-01,S5_estados_unidos,"ARIMA(1,1,1)",70997.42091836735,24824.867240902528
2024-07-01,S5_estados_unidos,"ARIMA(1,1,1)",70063.43320926385,24824.867240902528
2024-08-01,S5_estados_unidos,"ARIMA(1,1,1)",50503.92132168998,24824.867240902528
2024-09-01,S5_estados_unidos,"ARIMA(1,1,1)",32282.807516339868,24824.867240902528
2024-10-01,S5_estados_unidos,"ARIMA(1,1,1)",39405.92157928389,24824.867240902528
2024-11-01,S5_estados_unidos,"ARIMA(1,1,1)",49135.98230088496,24824.867240902528
2024-12-01,S5_estados_unidos,"ARIMA(1,1,1)",71932.50701754386,24824.867240902528
2025-01-01,S5_estados_unidos,"ARIMA(1,1,1)",53194.70208728653,24824.867240902528
2025-02-01,S5_estados_unidos,"ARIMA(1,1,1)",49713.2784700413,24824.867240902528
2025-03-01,S5_estados_unidos,"ARIMA(1,1,1)",61290.23050429767,24824.867240902528
2025-04-01,S5_estados_unidos,"ARIMA(1,1,1)",51448.35050594361,24824.867240902528
2025-05-01,S5_estados_unidos,"ARIMA(1,1,1)",51035.18262062994,24824.867240902528
2025-06-01,S5_estados_unidos,"ARIMA(1,1,1)",67934.42191452536,24824.867240902528
2025-07-01,S5_estados_unidos,"ARIMA(1,1,1)",73557.04897780964,24824.867240902528
2025-08-01,S5_estados_unidos,"ARIMA(1,1,1)",51692.05755693582,24824.867240902528
2025-09-01,S5_estados_unidos,"ARIMA(1,1,1)",33002.422864995315,24824.867240902528
2025-10-01,S5_estados_unidos,"ARIMA(1,1,1)",45871.23336163119,24824.867240902528
2025-11-01,S5_estados_unidos,"ARIMA(1,1,1)",56053.30186546072,24824.867240902528
2025-12-01,S5_estados_unidos,"ARIMA(1,1,1)",78927.15862068966,24824.867240902528
2026-01-01,S5_estados_unidos,"ARIMA(1,1,1)",58205.9383828186,24824.867240902528
2026-02-01,S5_estados_unidos,"ARIMA(1,1,1)",56019.357142857145,24824.867240902528
2026-03-01,S5_estados_unidos,"ARIMA(1,1,1)",72509.63840109167,24824.867240902528
2026-04-01,S5_estados_unidos,"ARIMA(1,1,1)",54854.81282997855,24824.867240902528
2026-05-01,S5_estados_unidos,"ARIMA(1,1,1)",54361.72805970149,24824.867240902528
2026-06-01,S5_estados_unidos,"ARIMA(1,1,1)",65119.89089994972,24824.867240902528
2021-04-01,S5_estados_unidos,"SARIMA(1,1,1)(0,1,1,12)",15318.0,121.88397921479768
2021-05-01,S5_estados_unidos,"SARIMA(1,1,1)(0,1,1,12)",17237.0,124.6451404082576
2021-06-01,S5_estados_unidos,"SARIMA(1,1,1)(0,1,1,12)",26082.0,158.77559705999923
2021-07-01,S5_estados_unidos,"SARIMA(1,1,1)(0,1,1,12)",24567.0,163.99372700485506
2021-08-01,S5_estados_unidos,"SARIMA(1,1,1)(0,1,1,12)",14111.0,134.05844471193632
2021-09-01,S5_estados_unidos,"SARIMA(1,1,1)(0,1,1,12)",10998.0,4222.183930212879
2021-10-01,S5_estados_unidos,"SARIMA(1,1,1)(0,1,1,12)",14298.0,5876.459182411381
2021-11-01,S5_estados_unidos,"SARIMA(1,1,1)(0,1,1,12)",19323.0,18863.900772760077
2021-12-01,S5_estados_unidos,"SARIMA(1,1,1)(0,1,1,12)",51057.0,23268.259746573163
2022-01-01,S5_estados_unidos,"SARIMA(1,1,1)(0,1,1,12)",27001.0,19952.830702357944
2022-02-01,S5_estados_unidos,"SARIMA(1,1,1)(0,1,1,12)",26498.0,14606.20444744547
2022-03-01,S5_estados_unidos,"SARIMA(1,1,1)(0,1,1,12)",38737.0,25267.87396430966
2022-04-01,S5_estados_unidos,"SARIMA(1,1,1)(0,1,1,12)",40838.0,128.83495713767232
2022-05-01,S5_estados_unidos,"SARIMA(1,1,1)(0,1,1,12)",38482.0,128.70542385460885
2022-06-01,S5_estados_unidos,"SARIMA(1,1,1)(0,1,1,12)",49492.0,162.4428017400545
2022-07-01,S5_estados_unidos,"SARIMA(1,1,1)(0,1,1,12)",47406.0,167.17829972294697
2022-08-01,S5_estados_unidos,"SARIMA(1,1,1)(0,1,1,12)",34897.0,136.4722105794455
2022-09-01,S5_estados_unidos,"SARIMA(1,1,1)(0,1,1,12)",26821.0,4295.29455476905
2022-10-01,S5_estados_unidos,"SARIMA(1,1,1)(0,1,1,12)",32382.0,5976.916439674754
2022-11-01,S5_estados_unidos,"SARIMA(1,1,1)(0,1,1,12)",32735.0,19184.712028882906
2022-12-01,S5_estados_unidos,"SARIMA(1,1,1)(0,1,1,12)",50965.0,23663.1829559831
2023-01-01,S5_estados_unidos,"SARIMA(1,1,1)(0,1,1,12)",42564.85679012346,20291.219889711654
2023-02-01,S5_estados_unidos,"SARIMA(1,1,1)(0,1,1,12)",41184.363046740815,14853.846189373262
2023-03-01,S5_estados_unidos,"SARIMA(1,1,1)(0,1,1,12)",55213.4667036626,25696.21556173285
2023-04-01,S5_estados_unidos,"SARIMA(1,1,1)(0,1,1,12)",44113.51210894952,131.03573113104278
2023-05-01,S5_estados_unidos,"SARIMA(1,1,1)(0,1,1,12)",41381.57060678371,130.90396135007896
2023-06-01,S5_estados_unidos,"SARIMA(1,1,1)(0,1,1,12)",60972.33456874857,165.21317554633035
2023-07-01,S5_estados_unidos,"SARIMA(1,1,1)(0,1,1,12)",61402.21111111111,170.028932596881
2023-08-01,S5_estados_unidos,"SARIMA(1,1,1)(0,1,1,12)",44902.59605263158,138.80237067445228
2023-09-01,S5_estados_unidos,"SARIMA(1,1,1)(0,1,1,12)",33300.637664783426,4368.116906836941
2023-10-01,S5_estados_unidos,"SARIMA(1,1,1)(0,1,1,12)",28856.235897435898,6078.242327555175
2023-11-01,S5_estados_unidos,"SARIMA(1,1,1)(0,1,1,12)",44110.3871460894,19509.910481170522
2023-12-01,S5_estados_unidos,"SARIMA(1,1,1)(0,1,1,12)",67843.63231707318,24064.291627661292
2024-01-01,S5_estados_unidos,"SARIMA(1,1,1)(0,1,1,12)",51549.98050420168,20635.173674023194
2024-02-01,S5_estados_unidos,"SARIMA(1,1,1)(0,1,1,12)",56331.931939211085,15105.636312338047
2024-03-01,S5_estados_unidos,"SARIMA(1,1,1)(0,1,1,12)",65814.34652526065,26131.784195244705
2024-04-01,S5_estados_unidos,"SARIMA(1,1,1)(0,1,1,12)",47926.56645860106,133.27374103561908
2024-05-01,S5_estados_unidos,"SARIMA(1,1,1)(0,1,1,12)",50604.94190287849,133.13973775206082
2024-06-01,S5_estados_unidos,"SARIMA(1,1,1)(0,1,1,12)",70997.42091836735,168.03049423596812
2024-07-01,S5_estados_unidos,"SARIMA(1,1,1)(0,1,1,12)",70063.43320926385,172.92787852383188
2024-08-01,S5_estados_unidos,"SARIMA(1,1,1)(0,1,1,12)",50503.92132168998,141.17202536904108
2024-09-01,S5_estados_unidos,"SARIMA(1,1,1)(0,1,1,12)",32282.807516339868,4442.173579406116
2024-10-01,S5_estados_unidos,"SARIMA(1,1,1)(0,1,1,12)",39405.92157928389,6181.285681193724
2024-11-01,S5_estados_unidos,"SARIMA(1,1,1)(0,1,1,12)",49135.98230088496,19840.621043473173
2024-12-01,S5_estados_unidos,"SARIMA(1,1,1)(0,1,1,12)",71932.50701754386,24472.19909737369
2025-01-01,S5_estados_unidos,"SARIMA(1,1,1)(0,1,1,12)",53194.70208728653,20984.957483758502
2025-02-01,S5_estados_unidos,"SARIMA(1,1,1)(0,1,1,12)",49713.2784700413,15361.69428534621
2025-03-01,S5_estados_unidos,"SARIMA(1,1,1)(0,1,1,12)",61290.23050429767,26574.735730698678
2025-04-01,S5_estados_unidos,"SARIMA(1,1,1)(0,1,1,12)",51448.35050594361,135.54968527939005
2025-05-01,S5_estados_unidos,"SARIMA(1,1,1)(0,1,1,12)",51035.18262062994,135.413410635851
2025-06-01,S5_estados_unidos,"SARIMA(1,1,1)(0,1,1,12)",67934.42191452536,170.89556656813812
2025-07-01,S5_estados_unidos,"SARIMA(1,1,1)(0,1,1,12)",73557.04897780964,175.8759616777272
2025-08-01,S5_estados_unidos,"SARIMA(1,1,1)(0,1,1,12)",51692.05755693582,143.58184578715316
2025-09-01,S5_estados_unidos,"SARIMA(1,1,1)(0,1,1,12)",33002.422864995315,4517.485514964998
2025-10-01,S5_estados_unidos,"SARIMA(1,1,1)(0,1,1,12)",45871.23336163119,6286.075623001702
2025-11-01,S5_estados_unidos,"SARIMA(1,1,1)(0,1,1,12)",56053.30186546072,20176.93716047924
2025-12-01,S5_estados_unidos,"SARIMA(1,1,1)(0,1,1,12)",78927.15862068966,24887.02061186142
2026-01-01,S5_estados_unidos,"SARIMA(1,1,1)(0,1,1,12)",58205.9383828186,21340.67014035688
2026-02-01,S5_estados_unidos,"SARIMA(1,1,1)(0,1,1,12)",56019.357142857145,15622.092449260295
2026-03-01,S5_estados_unidos,"SARIMA(1,1,1)(0,1,1,12)",72509.63840109167,27025.19530897331
2026-04-01,S5_estados_unidos,"SARIMA(1,1,1)(0,1,1,12)",54854.81282997855,137.86420685154113
2026-05-01,S5_estados_unidos,"SARIMA(1,1,1)(0,1,1,12)",54361.72805970149,137.72562234839629
2026-06-01,S5_estados_unidos,"SARIMA(1,1,1)(0,1,1,12)",65119.89089994972,173.80920196879865
2021-04-01,S5_estados_unidos,"auto_arima(0, 1, 0)x(0, 1, 0, 12)",15318.0,0.26633335205886677
2021-05-01,S5_estados_unidos,"auto_arima(0, 1, 0)x(0, 1, 0, 12)",17237.0,0.26633335205886904
2021-06-01,S5_estados_unidos,"auto_arima(0, 1, 0)x(0, 1, 0, 12)",26082.0,0.2663333520588691
2021-07-01,S5_estados_unidos,"auto_arima(0, 1, 0)x(0, 1, 0, 12)",24567.0,0.26633335205886904
2021-08-01,S5_estados_unidos,"auto_arima(0, 1, 0)x(0, 1, 0, 12)",14111.0,0.26633335205886893
2021-09-01,S5_estados_unidos,"auto_arima(0, 1, 0)x(0, 1, 0, 12)",10998.0,1202.0166844559258
2021-10-01,S5_estados_unidos,"auto_arima(0, 1, 0)x(0, 1, 0, 12)",14298.0,1765.650664340712
2021-11-01,S5_estados_unidos,"auto_arima(0, 1, 0)x(0, 1, 0, 12)",19323.0,14021.109207347847
2021-12-01,S5_estados_unidos,"auto_arima(0, 1, 0)x(0, 1, 0, 12)",51057.0,15424.206561429075
2022-01-01,S5_estados_unidos,"auto_arima(0, 1, 0)x(0, 1, 0, 12)",27001.0,14547.903881804343
2022-02-01,S5_estados_unidos,"auto_arima(0, 1, 0)x(0, 1, 0, 12)",26498.0,8132.659120274111
2022-03-01,S5_estados_unidos,"auto_arima(0, 1, 0)x(0, 1, 0, 12)",38737.0,28544.686422111005
2022-04-01,S5_estados_unidos,"auto_arima(0, 1, 0)x(0, 1, 0, 12)",40838.0,0.6036001585366486
2022-05-01,S5_estados_unidos,"auto_arima(0, 1, 0)x(0, 1, 0, 12)",38482.0,0.6036001585366515
2022-06-01,S5_estados_unidos,"auto_arima(0, 1, 0)x(0, 1, 0, 12)",49492.0,0.6036001585366515
2022-07-01,S5_estados_unidos,"auto_arima(0, 1, 0)x(0, 1, 0, 12)",47406.0,0.6036001585366515
2022-08-01,S5_estados_unidos,"auto_arima(0, 1, 0)x(0, 1, 0, 12)",34897.0,0.6036001585366515
2022-09-01,S5_estados_unidos,"auto_arima(0, 1, 0)x(0, 1, 0, 12)",26821.0,1522.420150609819
2022-10-01,S5_estados_unidos,"auto_arima(0, 1, 0)x(0, 1, 0, 12)",32382.0,2236.1686576916018
2022-11-01,S5_estados_unidos,"auto_arima(0, 1, 0)x(0, 1, 0, 12)",32735.0,17755.664555476327
2022-12-01,S5_estados_unidos,"auto_arima(0, 1, 0)x(0, 1, 0, 12)",50965.0,19532.45353113494
2023-01-01,S5_estados_unidos,"auto_arima(0, 1, 0)x(0, 1, 0, 12)",42564.85679012346,18422.762221427587
2023-02-01,S5_estados_unidos,"auto_arima(0, 1, 0)x(0, 1, 0, 12)",41184.363046740815,10298.923818280906
2023-03-01,S5_estados_unidos,"auto_arima(0, 1, 0)x(0, 1, 0, 12)",55213.4667036626,36147.35477373317
2023-04-01,S5_estados_unidos,"auto_arima(0, 1, 0)x(0, 1, 0, 12)",44113.51210894952,1.030692364121848
2023-05-01,S5_estados_unidos,"auto_arima(0, 1, 0)x(0, 1, 0, 12)",41381.57060678371,1.0306923641218515
2023-06-01,S5_estados_unidos,"auto_arima(0, 1, 0)x(0, 1, 0, 12)",60972.33456874857,1.0306923641218515
2023-07-01,S5_estados_unidos,"auto_arima(0, 1, 0)x(0, 1, 0, 12)",61402.21111111111,1.0306923641218515
2023-08-01,S5_estados_unidos,"auto_arima(0, 1, 0)x(0, 1, 0, 12)",44902.59605263158,1.0306923641218515
2023-09-01,S5_estados_unidos,"auto_arima(0, 1, 0)x(0, 1, 0, 12)",33300.637664783426,1928.1577459157595
2023-10-01,S5_estados_unidos,"auto_arima(0, 1, 0)x(0, 1, 0, 12)",28856.235897435898,2832.0012854156466
2023-11-01,S5_estados_unidos,"auto_arima(0, 1, 0)x(0, 1, 0, 12)",44110.3871460894,22484.85654792125
2023-12-01,S5_estados_unidos,"auto_arima(0, 1, 0)x(0, 1, 0, 12)",67843.63231707318,24734.863687368263
2024-01-01,S5_estados_unidos,"auto_arima(0, 1, 0)x(0, 1, 0, 12)",51549.98050420168,23329.62457139595
2024-02-01,S5_estados_unidos,"auto_arima(0, 1, 0)x(0, 1, 0, 12)",56331.931939211085,13042.137054754645
2024-03-01,S5_estados_unidos,"auto_arima(0, 1, 0)x(0, 1, 0, 12)",65814.34652526065,45774.867272034746
2024-04-01,S5_estados_unidos,"auto_arima(0, 1, 0)x(0, 1, 0, 12)",47926.56645860106,1.5715334684587692
2024-05-01,S5_estados_unidos,"auto_arima(0, 1, 0)x(0, 1, 0, 12)",50604.94190287849,1.571533468458774
2024-06-01,S5_estados_unidos,"auto_arima(0, 1, 0)x(0, 1, 0, 12)",70997.42091836735,1.571533468458774
2024-07-01,S5_estados_unidos,"auto_arima(0, 1, 0)x(0, 1, 0, 12)",70063.43320926385,1.571533468458774
2024-08-01,S5_estados_unidos,"auto_arima(0, 1, 0)x(0, 1, 0, 12)",50503.92132168998,1.571533468458774
2024-09-01,S5_estados_unidos,"auto_arima(0, 1, 0)x(0, 1, 0, 12)",32282.807516339868,2441.9567950358355
2024-10-01,S5_estados_unidos,"auto_arima(0, 1, 0)x(0, 1, 0, 12)",39405.92157928389,3586.52401414748
2024-11-01,S5_estados_unidos,"auto_arima(0, 1, 0)x(0, 1, 0, 12)",49135.98230088496,28473.59009624398
2024-12-01,S5_estados_unidos,"auto_arima(0, 1, 0)x(0, 1, 0, 12)",71932.50701754386,31322.849179296307
2025-01-01,S5_estados_unidos,"auto_arima(0, 1, 0)x(0, 1, 0, 12)",53194.70208728653,29543.34801912285
2025-02-01,S5_estados_unidos,"auto_arima(0, 1, 0)x(0, 1, 0, 12)",49713.2784700413,16515.959467910696
2025-03-01,S5_estados_unidos,"auto_arima(0, 1, 0)x(0, 1, 0, 12)",61290.23050429767,57966.50744599764
2025-04-01,S5_estados_unidos,"auto_arima(0, 1, 0)x(0, 1, 0, 12)",51448.35050594361,2.2564185970449633
2025-05-01,S5_estados_unidos,"auto_arima(0, 1, 0)x(0, 1, 0, 12)",51035.18262062994,2.256418597044969
2025-06-01,S5_estados_unidos,"auto_arima(0, 1, 0)x(0, 1, 0, 12)",67934.42191452536,2.256418597044969
2025-07-01,S5_estados_unidos,"auto_arima(0, 1, 0)x(0, 1, 0, 12)",73557.04897780964,2.256418597044969
2025-08-01,S5_estados_unidos,"auto_arima(0, 1, 0)x(0, 1, 0, 12)",51692.05755693582,2.256418597044969
2025-09-01,S5_estados_unidos,"auto_arima(0, 1, 0)x(0, 1, 0, 12)",33002.422864995315,3092.597667192721
2025-10-01,S5_estados_unidos,"auto_arima(0, 1, 0)x(0, 1, 0, 12)",45871.23336163119,4542.001310427068
2025-11-01,S5_estados_unidos,"auto_arima(0, 1, 0)x(0, 1, 0, 12)",56053.30186546072,36057.32312507892
2025-12-01,S5_estados_unidos,"auto_arima(0, 1, 0)x(0, 1, 0, 12)",78927.15862068966,39665.434930604744
2026-01-01,S5_estados_unidos,"auto_arima(0, 1, 0)x(0, 1, 0, 12)",58205.9383828186,37411.99326144964
2026-02-01,S5_estados_unidos,"auto_arima(0, 1, 0)x(0, 1, 0, 12)",56019.357142857145,20914.976648819822
2026-03-01,S5_estados_unidos,"auto_arima(0, 1, 0)x(0, 1, 0, 12)",72509.63840109167,73405.18801458763
2026-04-01,S5_estados_unidos,"auto_arima(0, 1, 0)x(0, 1, 0, 12)",54854.81282997855,3.1237114777027877
2026-05-01,S5_estados_unidos,"auto_arima(0, 1, 0)x(0, 1, 0, 12)",54361.72805970149,3.123711477702795
2026-06-01,S5_estados_unidos,"auto_arima(0, 1, 0)x(0, 1, 0, 12)",65119.89089994972,3.123711477702795
2021-04-01,S5_estados_unidos,Prophet,15318.0,19623.983714193375
2021-05-01,S5_estados_unidos,Prophet,17237.0,17567.981064366657
2021-06-01,S5_estados_unidos,Prophet,26082.0,31368.553379805395
2021-07-01,S5_estados_unidos,Prophet,24567.0,32722.32131816193
2021-08-01,S5_estados_unidos,Prophet,14111.0,19887.333500661476
2021-09-01,S5_estados_unidos,Prophet,10998.0,9924.484511782732
2021-10-01,S5_estados_unidos,Prophet,14298.0,14578.808882953672
2021-11-01,S5_estados_unidos,Prophet,19323.0,17726.095923957168
2021-12-01,S5_estados_unidos,Prophet,51057.0,27771.628601735763
2022-01-01,S5_estados_unidos,Prophet,27001.0,19590.008312135913
2022-02-01,S5_estados_unidos,Prophet,26498.0,19091.520347246438
2022-03-01,S5_estados_unidos,Prophet,38737.0,26908.343262338964
2022-04-01,S5_estados_unidos,Prophet,40838.0,17227.30480273253
2022-05-01,S5_estados_unidos,Prophet,38482.0,15189.226738000343
2022-06-01,S5_estados_unidos,Prophet,49492.0,29219.856000153115
2022-07-01,S5_estados_unidos,Prophet,47406.0,30477.110929238115
2022-08-01,S5_estados_unidos,Prophet,34897.0,17375.42976301111
2022-09-01,S5_estados_unidos,Prophet,26821.0,7324.365110103521
2022-10-01,S5_estados_unidos,Prophet,32382.0,12206.180164163348
2022-11-01,S5_estados_unidos,Prophet,32735.0,15378.18853091756
2022-12-01,S5_estados_unidos,Prophet,50965.0,25578.93373142297
2023-01-01,S5_estados_unidos,Prophet,42564.85679012346,17203.714612417585
2023-02-01,S5_estados_unidos,Prophet,41184.363046740815,16701.403228666997
2023-03-01,S5_estados_unidos,Prophet,55213.4667036626,24310.74920946678
2023-04-01,S5_estados_unidos,Prophet,44113.51210894952,14837.311201310422
2023-05-01,S5_estados_unidos,Prophet,41381.57060678371,12819.0371888093
2023-06-01,S5_estados_unidos,Prophet,60972.33456874857,27069.36395089147
2023-07-01,S5_estados_unidos,Prophet,61402.21111111111,28221.019483407537
2023-08-01,S5_estados_unidos,Prophet,44902.59605263158,14857.83806848233
2023-09-01,S5_estados_unidos,Prophet,33300.637664783426,4729.591716833285
2023-10-01,S5_estados_unidos,Prophet,28856.235897435898,9839.651495474545
2023-11-01,S5_estados_unidos,Prophet,44110.3871460894,13035.363518267784
2023-12-01,S5_estados_unidos,Prophet,67843.63231707318,23381.121587588204
2024-01-01,S5_estados_unidos,Prophet,51549.98050420168,14814.179126246438
2024-02-01,S5_estados_unidos,Prophet,56331.931939211085,14308.782857229366
2024-03-01,S5_estados_unidos,Prophet,65814.34652526065,22568.551953820242
2024-04-01,S5_estados_unidos,Prophet,47926.56645860106,12499.991042013005
2024-05-01,S5_estados_unidos,Prophet,50604.94190287849,10428.259376147096
2024-06-01,S5_estados_unidos,Prophet,70997.42091836735,23988.683780875814
2024-07-01,S5_estados_unidos,Prophet,70063.43320926385,25429.553848283933
2024-08-01,S5_estados_unidos,Prophet,50503.92132168998,12866.014449855033
2024-09-01,S5_estados_unidos,Prophet,32282.807516339868,3002.396624145
2024-10-01,S5_estados_unidos,Prophet,39405.92157928389,7430.353980203121
2024-11-01,S5_estados_unidos,Prophet,49135.98230088496,10552.073821024771
2024-12-01,S5_estados_unidos,Prophet,71932.50701754386,20432.269922316864
2025-01-01,S5_estados_unidos,Prophet,53194.70208728653,12445.862011886831
2025-02-01,S5_estados_unidos,Prophet,49713.2784700413,11951.92100017463
2025-03-01,S5_estados_unidos,Prophet,61290.23050429767,19976.240867273507
2025-04-01,S5_estados_unidos,Prophet,51448.35050594361,10096.781934176444
2025-05-01,S5_estados_unidos,Prophet,51035.18262062994,8040.779284349663
2025-06-01,S5_estados_unidos,Prophet,67934.42191452536,21841.35159978625
2025-07-01,S5_estados_unidos,Prophet,73557.04897780964,23195.119538146275
2025-08-01,S5_estados_unidos,Prophet,51692.05755693582,10360.131720647352
2025-09-01,S5_estados_unidos,Prophet,33002.422864995315,397.2827317685351
2025-10-01,S5_estados_unidos,Prophet,45871.23336163119,5051.607102937421
2025-11-01,S5_estados_unidos,Prophet,56053.30186546072,8198.894143939662
2025-12-01,S5_estados_unidos,Prophet,78927.15862068966,18244.42682171921
2026-01-01,S5_estados_unidos,Prophet,58205.9383828186,10062.806532119688
2026-02-01,S5_estados_unidos,Prophet,56019.357142857145,9564.318567228474
2026-03-01,S5_estados_unidos,Prophet,72509.63840109167,17381.141482322775
2026-04-01,S5_estados_unidos,Prophet,54854.81282997855,7700.103022715648
2026-05-01,S5_estados_unidos,Prophet,54361.72805970149,5662.024957985322
2026-06-01,S5_estados_unidos,Prophet,65119.89089994972,19692.65422013725
2021-04-01,S5_estados_unidos,Holt-Winters,15318.0,11914.800040673324
2021-05-01,S5_estados_unidos,Holt-Winters,17237.0,10342.557336959122
2021-06-01,S5_estados_unidos,Holt-Winters,26082.0,24171.0947209179
2021-07-01,S5_estados_unidos,Holt-Winters,24567.0,25877.84996525183
2021-08-01,S5_estados_unidos,Holt-Winters,14111.0,13098.1883710898
2021-09-01,S5_estados_unidos,Holt-Winters,10998.0,3692.239542365409
2021-10-01,S5_estados_unidos,Holt-Winters,14298.0,8233.897482174023
2021-11-01,S5_estados_unidos,Holt-Winters,19323.0,11017.603802052061
2021-12-01,S5_estados_unidos,Holt-Winters,51057.0,21017.975304286607
2022-01-01,S5_estados_unidos,Holt-Winters,27001.0,12868.076398334872
2022-02-01,S5_estados_unidos,Holt-Winters,26498.0,12998.575263109064
2022-03-01,S5_estados_unidos,Holt-Winters,38737.0,21457.130755106442
2022-04-01,S5_estados_unidos,Holt-Winters,40838.0,11914.800040673317
2022-05-01,S5_estados_unidos,Holt-Winters,38482.0,10342.557336959115
2022-06-01,S5_estados_unidos,Holt-Winters,49492.0,24171.0947209179
2022-07-01,S5_estados_unidos,Holt-Winters,47406.0,25877.84996525183
2022-08-01,S5_estados_unidos,Holt-Winters,34897.0,13098.188371089796
2022-09-01,S5_estados_unidos,Holt-Winters,26821.0,3692.239542365407
2022-10-01,S5_estados_unidos,Holt-Winters,32382.0,8233.89748217402
2022-11-01,S5_estados_unidos,Holt-Winters,32735.0,11017.603802052061
2022-12-01,S5_estados_unidos,Holt-Winters,50965.0,21017.975304286607
2023-01-01,S5_estados_unidos,Holt-Winters,42564.85679012346,12868.07639833487
2023-02-01,S5_estados_unidos,Holt-Winters,41184.363046740815,12998.575263109062
2023-03-01,S5_estados_unidos,Holt-Winters,55213.4667036626,21457.130755106442
2023-04-01,S5_estados_unidos,Holt-Winters,44113.51210894952,11914.800040673315
2023-05-01,S5_estados_unidos,Holt-Winters,41381.57060678371,10342.557336959115
2023-06-01,S5_estados_unidos,Holt-Winters,60972.33456874857,24171.094720917896
2023-07-01,S5_estados_unidos,Holt-Winters,61402.21111111111,25877.849965251826
2023-08-01,S5_estados_unidos,Holt-Winters,44902.59605263158,13098.188371089796
2023-09-01,S5_estados_unidos,Holt-Winters,33300.637664783426,3692.239542365405
2023-10-01,S5_estados_unidos,Holt-Winters,28856.235897435898,8233.89748217402
2023-11-01,S5_estados_unidos,Holt-Winters,44110.3871460894,11017.60380205206
2023-12-01,S5_estados_unidos,Holt-Winters,67843.63231707318,21017.975304286607
2024-01-01,S5_estados_unidos,Holt-Winters,51549.98050420168,12868.07639833487
2024-02-01,S5_estados_unidos,Holt-Winters,56331.931939211085,12998.575263109062
2024-03-01,S5_estados_unidos,Holt-Winters,65814.34652526065,21457.130755106442
2024-04-01,S5_estados_unidos,Holt-Winters,47926.56645860106,11914.800040673315
2024-05-01,S5_estados_unidos,Holt-Winters,50604.94190287849,10342.557336959115
2024-06-01,S5_estados_unidos,Holt-Winters,70997.42091836735,24171.094720917896
2024-07-01,S5_estados_unidos,Holt-Winters,70063.43320926385,25877.849965251826
2024-08-01,S5_estados_unidos,Holt-Winters,50503.92132168998,13098.188371089796
2024-09-01,S5_estados_unidos,Holt-Winters,32282.807516339868,3692.239542365405
2024-10-01,S5_estados_unidos,Holt-Winters,39405.92157928389,8233.89748217402
2024-11-01,S5_estados_unidos,Holt-Winters,49135.98230088496,11017.60380205206
2024-12-01,S5_estados_unidos,Holt-Winters,71932.50701754386,21017.975304286607
2025-01-01,S5_estados_unidos,Holt-Winters,53194.70208728653,12868.07639833487
2025-02-01,S5_estados_unidos,Holt-Winters,49713.2784700413,12998.575263109062
2025-03-01,S5_estados_unidos,Holt-Winters,61290.23050429767,21457.130755106442
2025-04-01,S5_estados_unidos,Holt-Winters,51448.35050594361,11914.800040673315
2025-05-01,S5_estados_unidos,Holt-Winters,51035.18262062994,10342.557336959115
2025-06-01,S5_estados_unidos,Holt-Winters,67934.42191452536,24171.094720917896
2025-07-01,S5_estados_unidos,Holt-Winters,73557.04897780964,25877.849965251826
2025-08-01,S5_estados_unidos,Holt-Winters,51692.05755693582,13098.188371089796
2025-09-01,S5_estados_unidos,Holt-Winters,33002.422864995315,3692.239542365405
2025-10-01,S5_estados_unidos,Holt-Winters,45871.23336163119,8233.89748217402
2025-11-01,S5_estados_unidos,Holt-Winters,56053.30186546072,11017.60380205206
2025-12-01,S5_estados_unidos,Holt-Winters,78927.15862068966,21017.975304286607
2026-01-01,S5_estados_unidos,Holt-Winters,58205.9383828186,12868.07639833487
2026-02-01,S5_estados_unidos,Holt-Winters,56019.357142857145,12998.575263109062
2026-03-01,S5_estados_unidos,Holt-Winters,72509.63840109167,21457.130755106442
2026-04-01,S5_estados_unidos,Holt-Winters,54854.81282997855,11914.800040673315
2026-05-01,S5_estados_unidos,Holt-Winters,54361.72805970149,10342.557336959115
2026-06-01,S5_estados_unidos,Holt-Winters,65119.89089994972,24171.094720917896
2021-04-01,S5_estados_unidos,Suavizamiento exponencial simple,15318.0,13761.287596528984
2021-05-01,S5_estados_unidos,Suavizamiento exponencial simple,17237.0,13761.287596528984
2021-06-01,S5_estados_unidos,Suavizamiento exponencial simple,26082.0,13761.287596528984
2021-07-01,S5_estados_unidos,Suavizamiento exponencial simple,24567.0,13761.287596528984
2021-08-01,S5_estados_unidos,Suavizamiento exponencial simple,14111.0,13761.287596528984
2021-09-01,S5_estados_unidos,Suavizamiento exponencial simple,10998.0,13761.287596528984
2021-10-01,S5_estados_unidos,Suavizamiento exponencial simple,14298.0,13761.287596528984
2021-11-01,S5_estados_unidos,Suavizamiento exponencial simple,19323.0,13761.287596528984
2021-12-01,S5_estados_unidos,Suavizamiento exponencial simple,51057.0,13761.287596528984
2022-01-01,S5_estados_unidos,Suavizamiento exponencial simple,27001.0,13761.287596528984
2022-02-01,S5_estados_unidos,Suavizamiento exponencial simple,26498.0,13761.287596528984
2022-03-01,S5_estados_unidos,Suavizamiento exponencial simple,38737.0,13761.287596528984
2022-04-01,S5_estados_unidos,Suavizamiento exponencial simple,40838.0,13761.287596528984
2022-05-01,S5_estados_unidos,Suavizamiento exponencial simple,38482.0,13761.287596528984
2022-06-01,S5_estados_unidos,Suavizamiento exponencial simple,49492.0,13761.287596528984
2022-07-01,S5_estados_unidos,Suavizamiento exponencial simple,47406.0,13761.287596528984
2022-08-01,S5_estados_unidos,Suavizamiento exponencial simple,34897.0,13761.287596528984
2022-09-01,S5_estados_unidos,Suavizamiento exponencial simple,26821.0,13761.287596528984
2022-10-01,S5_estados_unidos,Suavizamiento exponencial simple,32382.0,13761.287596528984
2022-11-01,S5_estados_unidos,Suavizamiento exponencial simple,32735.0,13761.287596528984
2022-12-01,S5_estados_unidos,Suavizamiento exponencial simple,50965.0,13761.287596528984
2023-01-01,S5_estados_unidos,Suavizamiento exponencial simple,42564.85679012346,13761.287596528984
2023-02-01,S5_estados_unidos,Suavizamiento exponencial simple,41184.363046740815,13761.287596528984
2023-03-01,S5_estados_unidos,Suavizamiento exponencial simple,55213.4667036626,13761.287596528984
2023-04-01,S5_estados_unidos,Suavizamiento exponencial simple,44113.51210894952,13761.287596528984
2023-05-01,S5_estados_unidos,Suavizamiento exponencial simple,41381.57060678371,13761.287596528984
2023-06-01,S5_estados_unidos,Suavizamiento exponencial simple,60972.33456874857,13761.287596528984
2023-07-01,S5_estados_unidos,Suavizamiento exponencial simple,61402.21111111111,13761.287596528984
2023-08-01,S5_estados_unidos,Suavizamiento exponencial simple,44902.59605263158,13761.287596528984
2023-09-01,S5_estados_unidos,Suavizamiento exponencial simple,33300.637664783426,13761.287596528984
2023-10-01,S5_estados_unidos,Suavizamiento exponencial simple,28856.235897435898,13761.287596528984
2023-11-01,S5_estados_unidos,Suavizamiento exponencial simple,44110.3871460894,13761.287596528984
2023-12-01,S5_estados_unidos,Suavizamiento exponencial simple,67843.63231707318,13761.287596528984
2024-01-01,S5_estados_unidos,Suavizamiento exponencial simple,51549.98050420168,13761.287596528984
2024-02-01,S5_estados_unidos,Suavizamiento exponencial simple,56331.931939211085,13761.287596528984
2024-03-01,S5_estados_unidos,Suavizamiento exponencial simple,65814.34652526065,13761.287596528984
2024-04-01,S5_estados_unidos,Suavizamiento exponencial simple,47926.56645860106,13761.287596528984
2024-05-01,S5_estados_unidos,Suavizamiento exponencial simple,50604.94190287849,13761.287596528984
2024-06-01,S5_estados_unidos,Suavizamiento exponencial simple,70997.42091836735,13761.287596528984
2024-07-01,S5_estados_unidos,Suavizamiento exponencial simple,70063.43320926385,13761.287596528984
2024-08-01,S5_estados_unidos,Suavizamiento exponencial simple,50503.92132168998,13761.287596528984
2024-09-01,S5_estados_unidos,Suavizamiento exponencial simple,32282.807516339868,13761.287596528984
2024-10-01,S5_estados_unidos,Suavizamiento exponencial simple,39405.92157928389,13761.287596528984
2024-11-01,S5_estados_unidos,Suavizamiento exponencial simple,49135.98230088496,13761.287596528984
2024-12-01,S5_estados_unidos,Suavizamiento exponencial simple,71932.50701754386,13761.287596528984
2025-01-01,S5_estados_unidos,Suavizamiento exponencial simple,53194.70208728653,13761.287596528984
2025-02-01,S5_estados_unidos,Suavizamiento exponencial simple,49713.2784700413,13761.287596528984
2025-03-01,S5_estados_unidos,Suavizamiento exponencial simple,61290.23050429767,13761.287596528984
2025-04-01,S5_estados_unidos,Suavizamiento exponencial simple,51448.35050594361,13761.287596528984
2025-05-01,S5_estados_unidos,Suavizamiento exponencial simple,51035.18262062994,13761.287596528984
2025-06-01,S5_estados_unidos,Suavizamiento exponencial simple,67934.42191452536,13761.287596528984
2025-07-01,S5_estados_unidos,Suavizamiento exponencial simple,73557.04897780964,13761.287596528984
2025-08-01,S5_estados_unidos,Suavizamiento exponencial simple,51692.05755693582,13761.287596528984
2025-09-01,S5_estados_unidos,Suavizamiento exponencial simple,33002.422864995315,13761.287596528984
2025-10-01,S5_estados_unidos,Suavizamiento exponencial simple,45871.23336163119,13761.287596528984
2025-11-01,S5_estados_unidos,Suavizamiento exponencial simple,56053.30186546072,13761.287596528984
2025-12-01,S5_estados_unidos,Suavizamiento exponencial simple,78927.15862068966,13761.287596528984
2026-01-01,S5_estados_unidos,Suavizamiento exponencial simple,58205.9383828186,13761.287596528984
2026-02-01,S5_estados_unidos,Suavizamiento exponencial simple,56019.357142857145,13761.287596528984
2026-03-01,S5_estados_unidos,Suavizamiento exponencial simple,72509.63840109167,13761.287596528984
2026-04-01,S5_estados_unidos,Suavizamiento exponencial simple,54854.81282997855,13761.287596528984
2026-05-01,S5_estados_unidos,Suavizamiento exponencial simple,54361.72805970149,13761.287596528984
2026-06-01,S5_estados_unidos,Suavizamiento exponencial simple,65119.89089994972,13761.287596528984
2021-04-01,S5_estados_unidos,Seasonal Naive,15318.0,0.0
2021-05-01,S5_estados_unidos,Seasonal Naive,17237.0,0.0
2021-06-01,S5_estados_unidos,Seasonal Naive,26082.0,0.0
2021-07-01,S5_estados_unidos,Seasonal Naive,24567.0,0.0
2021-08-01,S5_estados_unidos,Seasonal Naive,14111.0,0.0
2021-09-01,S5_estados_unidos,Seasonal Naive,10998.0,949.0
2021-10-01,S5_estados_unidos,Seasonal Naive,14298.0,1394.09131736
2021-11-01,S5_estados_unidos,Seasonal Naive,19323.0,11072.0
2021-12-01,S5_estados_unidos,Seasonal Naive,51057.0,12180.0
2022-01-01,S5_estados_unidos,Seasonal Naive,27001.0,11488.0
2022-02-01,S5_estados_unidos,Seasonal Naive,26498.0,6422.0
2022-03-01,S5_estados_unidos,Seasonal Naive,38737.0,22541.0
2022-04-01,S5_estados_unidos,Seasonal Naive,40838.0,0.0
2022-05-01,S5_estados_unidos,Seasonal Naive,38482.0,0.0
2022-06-01,S5_estados_unidos,Seasonal Naive,49492.0,0.0
2022-07-01,S5_estados_unidos,Seasonal Naive,47406.0,0.0
2022-08-01,S5_estados_unidos,Seasonal Naive,34897.0,0.0
2022-09-01,S5_estados_unidos,Seasonal Naive,26821.0,949.0
2022-10-01,S5_estados_unidos,Seasonal Naive,32382.0,1394.09131736
2022-11-01,S5_estados_unidos,Seasonal Naive,32735.0,11072.0
2022-12-01,S5_estados_unidos,Seasonal Naive,50965.0,12180.0
2023-01-01,S5_estados_unidos,Seasonal Naive,42564.85679012346,11488.0
2023-02-01,S5_estados_unidos,Seasonal Naive,41184.363046740815,6422.0
2023-03-01,S5_estados_unidos,Seasonal Naive,55213.4667036626,22541.0
2023-04-01,S5_estados_unidos,Seasonal Naive,44113.51210894952,0.0
2023-05-01,S5_estados_unidos,Seasonal Naive,41381.57060678371,0.0
2023-06-01,S5_estados_unidos,Seasonal Naive,60972.33456874857,0.0
2023-07-01,S5_estados_unidos,Seasonal Naive,61402.21111111111,0.0
2023-08-01,S5_estados_unidos,Seasonal Naive,44902.59605263158,0.0
2023-09-01,S5_estados_unidos,Seasonal Naive,33300.637664783426,949.0
2023-10-01,S5_estados_unidos,Seasonal Naive,28856.235897435898,1394.09131736
2023-11-01,S5_estados_unidos,Seasonal Naive,44110.3871460894,11072.0
2023-12-01,S5_estados_unidos,Seasonal Naive,67843.63231707318,12180.0
2024-01-01,S5_estados_unidos,Seasonal Naive,51549.98050420168,11488.0
2024-02-01,S5_estados_unidos,Seasonal Naive,56331.931939211085,6422.0
2024-03-01,S5_estados_unidos,Seasonal Naive,65814.34652526065,22541.0
2024-04-01,S5_estados_unidos,Seasonal Naive,47926.56645860106,0.0
2024-05-01,S5_estados_unidos,Seasonal Naive,50604.94190287849,0.0
2024-06-01,S5_estados_unidos,Seasonal Naive,70997.42091836735,0.0
2024-07-01,S5_estados_unidos,Seasonal Naive,70063.43320926385,0.0
2024-08-01,S5_estados_unidos,Seasonal Naive,50503.92132168998,0.0
2024-09-01,S5_estados_unidos,Seasonal Naive,32282.807516339868,949.0
2024-10-01,S5_estados_unidos,Seasonal Naive,39405.92157928389,1394.09131736
2024-11-01,S5_estados_unidos,Seasonal Naive,49135.98230088496,11072.0
2024-12-01,S5_estados_unidos,Seasonal Naive,71932.50701754386,12180.0
2025-01-01,S5_estados_unidos,Seasonal Naive,53194.70208728653,11488.0
2025-02-01,S5_estados_unidos,Seasonal Naive,49713.2784700413,6422.0
2025-03-01,S5_estados_unidos,Seasonal Naive,61290.23050429767,22541.0
2025-04-01,S5_estados_unidos,Seasonal Naive,51448.35050594361,0.0
2025-05-01,S5_estados_unidos,Seasonal Naive,51035.18262062994,0.0
2025-06-01,S5_estados_unidos,Seasonal Naive,67934.42191452536,0.0
2025-07-01,S5_estados_unidos,Seasonal Naive,73557.04897780964,0.0
2025-08-01,S5_estados_unidos,Seasonal Naive,51692.05755693582,0.0
2025-09-01,S5_estados_unidos,Seasonal Naive,33002.422864995315,949.0
2025-10-01,S5_estados_unidos,Seasonal Naive,45871.23336163119,1394.09131736
2025-11-01,S5_estados_unidos,Seasonal Naive,56053.30186546072,11072.0
2025-12-01,S5_estados_unidos,Seasonal Naive,78927.15862068966,12180.0
2026-01-01,S5_estados_unidos,Seasonal Naive,58205.9383828186,11488.0
2026-02-01,S5_estados_unidos,Seasonal Naive,56019.357142857145,6422.0
2026-03-01,S5_estados_unidos,Seasonal Naive,72509.63840109167,22541.0
2026-04-01,S5_estados_unidos,Seasonal Naive,54854.81282997855,0.0
2026-05-01,S5_estados_unidos,Seasonal Naive,54361.72805970149,0.0
2026-06-01,S5_estados_unidos,Seasonal Naive,65119.89089994972,0.0
2021-04-01,S6_guatemala,"ARIMA(1,1,0)",19506.0,29257.177974344588
2021-05-01,S6_guatemala,"ARIMA(1,1,0)",35050.0,29252.342248083838
2021-06-01,S6_guatemala,"ARIMA(1,1,0)",40067.0,29251.957381065647
2021-07-01,S6_guatemala,"ARIMA(1,1,0)",39578.0,29251.926747655358
2021-08-01,S6_guatemala,"ARIMA(1,1,0)",31184.0,29251.924309379516
2021-09-01,S6_guatemala,"ARIMA(1,1,0)",27617.0,29251.92411530408
2021-10-01,S6_guatemala,"ARIMA(1,1,0)",33374.0,29251.92409985659
2021-11-01,S6_guatemala,"ARIMA(1,1,0)",40029.0,29251.924098627027
2021-12-01,S6_guatemala,"ARIMA(1,1,0)",66602.0,29251.92409852918
2022-01-01,S6_guatemala,"ARIMA(1,1,0)",56694.0,29251.924098521384
2022-02-01,S6_guatemala,"ARIMA(1,1,0)",92579.0,29251.92409852076
2022-03-01,S6_guatemala,"ARIMA(1,1,0)",88060.0,29251.92409852071
2022-04-01,S6_guatemala,"ARIMA(1,1,0)",136433.0,29251.92409852071
2022-05-01,S6_guatemala,"ARIMA(1,1,0)",124059.0,29251.92409852071
2022-06-01,S6_guatemala,"ARIMA(1,1,0)",120909.0,29251.92409852071
2022-07-01,S6_guatemala,"ARIMA(1,1,0)",120389.0,29251.92409852071
2022-08-01,S6_guatemala,"ARIMA(1,1,0)",121969.0,29251.92409852071
2022-09-01,S6_guatemala,"ARIMA(1,1,0)",114330.0,29251.92409852071
2022-10-01,S6_guatemala,"ARIMA(1,1,0)",131294.0,29251.92409852071
2022-11-01,S6_guatemala,"ARIMA(1,1,0)",139062.0,29251.92409852071
2022-12-01,S6_guatemala,"ARIMA(1,1,0)",169557.0,29251.92409852071
2023-01-01,S6_guatemala,"ARIMA(1,1,0)",0.0,29251.92409852071
2023-02-01,S6_guatemala,"ARIMA(1,1,0)",0.0,29251.92409852071
2023-03-01,S6_guatemala,"ARIMA(1,1,0)",0.0,29251.92409852071
2023-04-01,S6_guatemala,"ARIMA(1,1,0)",0.0,29251.92409852071
2023-05-01,S6_guatemala,"ARIMA(1,1,0)",0.0,29251.92409852071
2023-06-01,S6_guatemala,"ARIMA(1,1,0)",0.0,29251.92409852071
2023-07-01,S6_guatemala,"ARIMA(1,1,0)",0.0,29251.92409852071
2023-08-01,S6_guatemala,"ARIMA(1,1,0)",0.0,29251.92409852071
2023-09-01,S6_guatemala,"ARIMA(1,1,0)",0.0,29251.92409852071
2023-10-01,S6_guatemala,"ARIMA(1,1,0)",0.0,29251.92409852071
2023-11-01,S6_guatemala,"ARIMA(1,1,0)",0.0,29251.92409852071
2023-12-01,S6_guatemala,"ARIMA(1,1,0)",0.0,29251.92409852071
2024-01-01,S6_guatemala,"ARIMA(1,1,0)",0.0,29251.92409852071
2024-02-01,S6_guatemala,"ARIMA(1,1,0)",0.0,29251.92409852071
2024-03-01,S6_guatemala,"ARIMA(1,1,0)",0.0,29251.92409852071
2024-04-01,S6_guatemala,"ARIMA(1,1,0)",0.0,29251.92409852071
2024-05-01,S6_guatemala,"ARIMA(1,1,0)",0.0,29251.92409852071
2024-06-01,S6_guatemala,"ARIMA(1,1,0)",0.0,29251.92409852071
2024-07-01,S6_guatemala,"ARIMA(1,1,0)",0.0,29251.92409852071
2024-08-01,S6_guatemala,"ARIMA(1,1,0)",0.0,29251.92409852071
2024-09-01,S6_guatemala,"ARIMA(1,1,0)",0.0,29251.92409852071
2024-10-01,S6_guatemala,"ARIMA(1,1,0)",0.0,29251.92409852071
2024-11-01,S6_guatemala,"ARIMA(1,1,0)",0.0,29251.92409852071
2024-12-01,S6_guatemala,"ARIMA(1,1,0)",0.0,29251.92409852071
2025-01-01,S6_guatemala,"ARIMA(1,1,0)",0.0,29251.92409852071
2025-02-01,S6_guatemala,"ARIMA(1,1,0)",0.0,29251.92409852071
2025-03-01,S6_guatemala,"ARIMA(1,1,0)",0.0,29251.92409852071
2025-04-01,S6_guatemala,"ARIMA(1,1,0)",0.0,29251.92409852071
2025-05-01,S6_guatemala,"ARIMA(1,1,0)",0.0,29251.92409852071
2025-06-01,S6_guatemala,"ARIMA(1,1,0)",0.0,29251.92409852071
2025-07-01,S6_guatemala,"ARIMA(1,1,0)",0.0,29251.92409852071
2025-08-01,S6_guatemala,"ARIMA(1,1,0)",0.0,29251.92409852071
2025-09-01,S6_guatemala,"ARIMA(1,1,0)",0.0,29251.92409852071
2025-10-01,S6_guatemala,"ARIMA(1,1,0)",0.0,29251.92409852071
2025-11-01,S6_guatemala,"ARIMA(1,1,0)",0.0,29251.92409852071
2025-12-01,S6_guatemala,"ARIMA(1,1,0)",0.0,29251.92409852071
2026-01-01,S6_guatemala,"ARIMA(1,1,0)",0.0,29251.92409852071
2026-02-01,S6_guatemala,"ARIMA(1,1,0)",0.0,29251.92409852071
2026-03-01,S6_guatemala,"ARIMA(1,1,0)",0.0,29251.92409852071
2026-04-01,S6_guatemala,"ARIMA(1,1,0)",0.0,29251.92409852071
2026-05-01,S6_guatemala,"ARIMA(1,1,0)",0.0,29251.92409852071
2026-06-01,S6_guatemala,"ARIMA(1,1,0)",0.0,29251.92409852071
2021-04-01,S6_guatemala,"ARIMA(0,1,1)",19506.0,29604.645844703773
2021-05-01,S6_guatemala,"ARIMA(0,1,1)",35050.0,29604.645844703773
2021-06-01,S6_guatemala,"ARIMA(0,1,1)",40067.0,29604.645844703773
2021-07-01,S6_guatemala,"ARIMA(0,1,1)",39578.0,29604.645844703773
2021-08-01,S6_guatemala,"ARIMA(0,1,1)",31184.0,29604.645844703773
2021-09-01,S6_guatemala,"ARIMA(0,1,1)",27617.0,29604.645844703773
2021-10-01,S6_guatemala,"ARIMA(0,1,1)",33374.0,29604.645844703773
2021-11-01,S6_guatemala,"ARIMA(0,1,1)",40029.0,29604.645844703773
2021-12-01,S6_guatemala,"ARIMA(0,1,1)",66602.0,29604.645844703773
2022-01-01,S6_guatemala,"ARIMA(0,1,1)",56694.0,29604.645844703773
2022-02-01,S6_guatemala,"ARIMA(0,1,1)",92579.0,29604.645844703773
2022-03-01,S6_guatemala,"ARIMA(0,1,1)",88060.0,29604.645844703773
2022-04-01,S6_guatemala,"ARIMA(0,1,1)",136433.0,29604.645844703773
2022-05-01,S6_guatemala,"ARIMA(0,1,1)",124059.0,29604.645844703773
2022-06-01,S6_guatemala,"ARIMA(0,1,1)",120909.0,29604.645844703773
2022-07-01,S6_guatemala,"ARIMA(0,1,1)",120389.0,29604.645844703773
2022-08-01,S6_guatemala,"ARIMA(0,1,1)",121969.0,29604.645844703773
2022-09-01,S6_guatemala,"ARIMA(0,1,1)",114330.0,29604.645844703773
2022-10-01,S6_guatemala,"ARIMA(0,1,1)",131294.0,29604.645844703773
2022-11-01,S6_guatemala,"ARIMA(0,1,1)",139062.0,29604.645844703773
2022-12-01,S6_guatemala,"ARIMA(0,1,1)",169557.0,29604.645844703773
2023-01-01,S6_guatemala,"ARIMA(0,1,1)",0.0,29604.645844703773
2023-02-01,S6_guatemala,"ARIMA(0,1,1)",0.0,29604.645844703773
2023-03-01,S6_guatemala,"ARIMA(0,1,1)",0.0,29604.645844703773
2023-04-01,S6_guatemala,"ARIMA(0,1,1)",0.0,29604.645844703773
2023-05-01,S6_guatemala,"ARIMA(0,1,1)",0.0,29604.645844703773
2023-06-01,S6_guatemala,"ARIMA(0,1,1)",0.0,29604.645844703773
2023-07-01,S6_guatemala,"ARIMA(0,1,1)",0.0,29604.645844703773
2023-08-01,S6_guatemala,"ARIMA(0,1,1)",0.0,29604.645844703773
2023-09-01,S6_guatemala,"ARIMA(0,1,1)",0.0,29604.645844703773
2023-10-01,S6_guatemala,"ARIMA(0,1,1)",0.0,29604.645844703773
2023-11-01,S6_guatemala,"ARIMA(0,1,1)",0.0,29604.645844703773
2023-12-01,S6_guatemala,"ARIMA(0,1,1)",0.0,29604.645844703773
2024-01-01,S6_guatemala,"ARIMA(0,1,1)",0.0,29604.645844703773
2024-02-01,S6_guatemala,"ARIMA(0,1,1)",0.0,29604.645844703773
2024-03-01,S6_guatemala,"ARIMA(0,1,1)",0.0,29604.645844703773
2024-04-01,S6_guatemala,"ARIMA(0,1,1)",0.0,29604.645844703773
2024-05-01,S6_guatemala,"ARIMA(0,1,1)",0.0,29604.645844703773
2024-06-01,S6_guatemala,"ARIMA(0,1,1)",0.0,29604.645844703773
2024-07-01,S6_guatemala,"ARIMA(0,1,1)",0.0,29604.645844703773
2024-08-01,S6_guatemala,"ARIMA(0,1,1)",0.0,29604.645844703773
2024-09-01,S6_guatemala,"ARIMA(0,1,1)",0.0,29604.645844703773
2024-10-01,S6_guatemala,"ARIMA(0,1,1)",0.0,29604.645844703773
2024-11-01,S6_guatemala,"ARIMA(0,1,1)",0.0,29604.645844703773
2024-12-01,S6_guatemala,"ARIMA(0,1,1)",0.0,29604.645844703773
2025-01-01,S6_guatemala,"ARIMA(0,1,1)",0.0,29604.645844703773
2025-02-01,S6_guatemala,"ARIMA(0,1,1)",0.0,29604.645844703773
2025-03-01,S6_guatemala,"ARIMA(0,1,1)",0.0,29604.645844703773
2025-04-01,S6_guatemala,"ARIMA(0,1,1)",0.0,29604.645844703773
2025-05-01,S6_guatemala,"ARIMA(0,1,1)",0.0,29604.645844703773
2025-06-01,S6_guatemala,"ARIMA(0,1,1)",0.0,29604.645844703773
2025-07-01,S6_guatemala,"ARIMA(0,1,1)",0.0,29604.645844703773
2025-08-01,S6_guatemala,"ARIMA(0,1,1)",0.0,29604.645844703773
2025-09-01,S6_guatemala,"ARIMA(0,1,1)",0.0,29604.645844703773
2025-10-01,S6_guatemala,"ARIMA(0,1,1)",0.0,29604.645844703773
2025-11-01,S6_guatemala,"ARIMA(0,1,1)",0.0,29604.645844703773
2025-12-01,S6_guatemala,"ARIMA(0,1,1)",0.0,29604.645844703773
2026-01-01,S6_guatemala,"ARIMA(0,1,1)",0.0,29604.645844703773
2026-02-01,S6_guatemala,"ARIMA(0,1,1)",0.0,29604.645844703773
2026-03-01,S6_guatemala,"ARIMA(0,1,1)",0.0,29604.645844703773
2026-04-01,S6_guatemala,"ARIMA(0,1,1)",0.0,29604.645844703773
2026-05-01,S6_guatemala,"ARIMA(0,1,1)",0.0,29604.645844703773
2026-06-01,S6_guatemala,"ARIMA(0,1,1)",0.0,29604.645844703773
2021-04-01,S6_guatemala,"ARIMA(1,1,1)",19506.0,31949.897604146918
2021-05-01,S6_guatemala,"ARIMA(1,1,1)",35050.0,30593.682999511846
2021-06-01,S6_guatemala,"ARIMA(1,1,1)",40067.0,31270.618654032074
2021-07-01,S6_guatemala,"ARIMA(1,1,1)",39578.0,30927.21408357876
2021-08-01,S6_guatemala,"ARIMA(1,1,1)",31184.0,31100.007493098128
2021-09-01,S6_guatemala,"ARIMA(1,1,1)",27617.0,31012.702949771214
2021-10-01,S6_guatemala,"ARIMA(1,1,1)",33374.0,31056.72244023365
2021-11-01,S6_guatemala,"ARIMA(1,1,1)",40029.0,31034.50427075212
2021-12-01,S6_guatemala,"ARIMA(1,1,1)",66602.0,31045.712628301728
2022-01-01,S6_guatemala,"ARIMA(1,1,1)",56694.0,31040.05686115394
2022-02-01,S6_guatemala,"ARIMA(1,1,1)",92579.0,31042.910392316448
2022-03-01,S6_guatemala,"ARIMA(1,1,1)",88060.0,31041.4705888706
2022-04-01,S6_guatemala,"ARIMA(1,1,1)",136433.0,31042.197044206918
2022-05-01,S6_guatemala,"ARIMA(1,1,1)",124059.0,31041.83050356548
2022-06-01,S6_guatemala,"ARIMA(1,1,1)",120909.0,31042.01544386845
2022-07-01,S6_guatemala,"ARIMA(1,1,1)",120389.0,31041.92213070664
2022-08-01,S6_guatemala,"ARIMA(1,1,1)",121969.0,31041.96921253083
2022-09-01,S6_guatemala,"ARIMA(1,1,1)",114330.0,31041.945457032565
2022-10-01,S6_guatemala,"ARIMA(1,1,1)",131294.0,31041.95744304604
2022-11-01,S6_guatemala,"ARIMA(1,1,1)",139062.0,31041.951395412
2022-12-01,S6_guatemala,"ARIMA(1,1,1)",169557.0,31041.95444679121
2023-01-01,S6_guatemala,"ARIMA(1,1,1)",0.0,31041.952907194798
2023-02-01,S6_guatemala,"ARIMA(1,1,1)",0.0,31041.953684009768
2023-03-01,S6_guatemala,"ARIMA(1,1,1)",0.0,31041.95329206194
2023-04-01,S6_guatemala,"ARIMA(1,1,1)",0.0,31041.953489822194
2023-05-01,S6_guatemala,"ARIMA(1,1,1)",0.0,31041.953390040777
2023-06-01,S6_guatemala,"ARIMA(1,1,1)",0.0,31041.953440386224
2023-07-01,S6_guatemala,"ARIMA(1,1,1)",0.0,31041.953414984047
2023-08-01,S6_guatemala,"ARIMA(1,1,1)",0.0,31041.95342780091
2023-09-01,S6_guatemala,"ARIMA(1,1,1)",0.0,31041.95342133408
2023-10-01,S6_guatemala,"ARIMA(1,1,1)",0.0,31041.95342459697
2023-11-01,S6_guatemala,"ARIMA(1,1,1)",0.0,31041.953422950664
2023-12-01,S6_guatemala,"ARIMA(1,1,1)",0.0,31041.953423781346
2024-01-01,S6_guatemala,"ARIMA(1,1,1)",0.0,31041.953423362254
2024-02-01,S6_guatemala,"ARIMA(1,1,1)",0.0,31041.95342357373
2024-03-01,S6_guatemala,"ARIMA(1,1,1)",0.0,31041.95342346703
2024-04-01,S6_guatemala,"ARIMA(1,1,1)",0.0,31041.95342352085
2024-05-01,S6_guatemala,"ARIMA(1,1,1)",0.0,31041.953423493662
2024-06-01,S6_guatemala,"ARIMA(1,1,1)",0.0,31041.95342350739
2024-07-01,S6_guatemala,"ARIMA(1,1,1)",0.0,31041.9534235005
2024-08-01,S6_guatemala,"ARIMA(1,1,1)",0.0,31041.953423503976
2024-09-01,S6_guatemala,"ARIMA(1,1,1)",0.0,31041.953423502207
2024-10-01,S6_guatemala,"ARIMA(1,1,1)",0.0,31041.95342350309
2024-11-01,S6_guatemala,"ARIMA(1,1,1)",0.0,31041.95342350265
2024-12-01,S6_guatemala,"ARIMA(1,1,1)",0.0,31041.95342350287
2025-01-01,S6_guatemala,"ARIMA(1,1,1)",0.0,31041.95342350276
2025-02-01,S6_guatemala,"ARIMA(1,1,1)",0.0,31041.953423502815
2025-03-01,S6_guatemala,"ARIMA(1,1,1)",0.0,31041.95342350276
2025-04-01,S6_guatemala,"ARIMA(1,1,1)",0.0,31041.95342350276
2025-05-01,S6_guatemala,"ARIMA(1,1,1)",0.0,31041.95342350276
2025-06-01,S6_guatemala,"ARIMA(1,1,1)",0.0,31041.95342350276
2025-07-01,S6_guatemala,"ARIMA(1,1,1)",0.0,31041.95342350276
2025-08-01,S6_guatemala,"ARIMA(1,1,1)",0.0,31041.95342350276
2025-09-01,S6_guatemala,"ARIMA(1,1,1)",0.0,31041.95342350276
2025-10-01,S6_guatemala,"ARIMA(1,1,1)",0.0,31041.95342350276
2025-11-01,S6_guatemala,"ARIMA(1,1,1)",0.0,31041.95342350276
2025-12-01,S6_guatemala,"ARIMA(1,1,1)",0.0,31041.95342350276
2026-01-01,S6_guatemala,"ARIMA(1,1,1)",0.0,31041.95342350276
2026-02-01,S6_guatemala,"ARIMA(1,1,1)",0.0,31041.95342350276
2026-03-01,S6_guatemala,"ARIMA(1,1,1)",0.0,31041.95342350276
2026-04-01,S6_guatemala,"ARIMA(1,1,1)",0.0,31041.95342350276
2026-05-01,S6_guatemala,"ARIMA(1,1,1)",0.0,31041.95342350276
2026-06-01,S6_guatemala,"ARIMA(1,1,1)",0.0,31041.95342350276
2021-04-01,S6_guatemala,"SARIMA(1,1,1)(0,1,1,12)",19506.0,18509.577868217708
2021-05-01,S6_guatemala,"SARIMA(1,1,1)(0,1,1,12)",35050.0,15904.507769952505
2021-06-01,S6_guatemala,"SARIMA(1,1,1)(0,1,1,12)",40067.0,17946.998759594215
2021-07-01,S6_guatemala,"SARIMA(1,1,1)(0,1,1,12)",39578.0,19173.249683244
2021-08-01,S6_guatemala,"SARIMA(1,1,1)(0,1,1,12)",31184.0,19322.734586269136
2021-09-01,S6_guatemala,"SARIMA(1,1,1)(0,1,1,12)",27617.0,16358.589448062734
2021-10-01,S6_guatemala,"SARIMA(1,1,1)(0,1,1,12)",33374.0,17050.383630443204
2021-11-01,S6_guatemala,"SARIMA(1,1,1)(0,1,1,12)",40029.0,23112.420123662814
2021-12-01,S6_guatemala,"SARIMA(1,1,1)(0,1,1,12)",66602.0,32544.981379629127
2022-01-01,S6_guatemala,"SARIMA(1,1,1)(0,1,1,12)",56694.0,29255.30999643392
2022-02-01,S6_guatemala,"SARIMA(1,1,1)(0,1,1,12)",92579.0,21539.14098423206
2022-03-01,S6_guatemala,"SARIMA(1,1,1)(0,1,1,12)",88060.0,21363.30024587072
2022-04-01,S6_guatemala,"SARIMA(1,1,1)(0,1,1,12)",136433.0,13243.387924432784
2022-05-01,S6_guatemala,"SARIMA(1,1,1)(0,1,1,12)",124059.0,11479.410006581178
2022-06-01,S6_guatemala,"SARIMA(1,1,1)(0,1,1,12)",120909.0,12899.495081033165
2022-07-01,S6_guatemala,"SARIMA(1,1,1)(0,1,1,12)",120389.0,13808.578241702395
2022-08-01,S6_guatemala,"SARIMA(1,1,1)(0,1,1,12)",121969.0,13902.863402863482
2022-09-01,S6_guatemala,"SARIMA(1,1,1)(0,1,1,12)",114330.0,11775.517894149576
2022-10-01,S6_guatemala,"SARIMA(1,1,1)(0,1,1,12)",131294.0,12270.80013037856
2022-11-01,S6_guatemala,"SARIMA(1,1,1)(0,1,1,12)",139062.0,16635.378012616897
2022-12-01,S6_guatemala,"SARIMA(1,1,1)(0,1,1,12)",169557.0,23423.4789610098
2023-01-01,S6_guatemala,"SARIMA(1,1,1)(0,1,1,12)",0.0,21056.29861944313
2023-02-01,S6_guatemala,"SARIMA(1,1,1)(0,1,1,12)",0.0,15502.387401746151
2023-03-01,S6_guatemala,"SARIMA(1,1,1)(0,1,1,12)",0.0,15375.912728451127
2023-04-01,S6_guatemala,"SARIMA(1,1,1)(0,1,1,12)",0.0,9531.59650389867
2023-05-01,S6_guatemala,"SARIMA(1,1,1)(0,1,1,12)",0.0,8261.990846778803
2023-06-01,S6_guatemala,"SARIMA(1,1,1)(0,1,1,12)",0.0,9284.08715543623
2023-07-01,S6_guatemala,"SARIMA(1,1,1)(0,1,1,12)",0.0,9938.39956328152
2023-08-01,S6_guatemala,"SARIMA(1,1,1)(0,1,1,12)",0.0,10006.259598417046
2023-09-01,S6_guatemala,"SARIMA(1,1,1)(0,1,1,12)",0.0,8475.110290606393
2023-10-01,S6_guatemala,"SARIMA(1,1,1)(0,1,1,12)",0.0,8831.587777524646
2023-11-01,S6_guatemala,"SARIMA(1,1,1)(0,1,1,12)",0.0,11972.978536681387
2023-12-01,S6_guatemala,"SARIMA(1,1,1)(0,1,1,12)",0.0,16858.69181648389
2024-01-01,S6_guatemala,"SARIMA(1,1,1)(0,1,1,12)",0.0,15154.921592184734
2024-02-01,S6_guatemala,"SARIMA(1,1,1)(0,1,1,12)",0.0,11157.512196709758
2024-03-01,S6_guatemala,"SARIMA(1,1,1)(0,1,1,12)",0.0,11066.482474735498
2024-04-01,S6_guatemala,"SARIMA(1,1,1)(0,1,1,12)",0.0,6860.055048408253
2024-05-01,S6_guatemala,"SARIMA(1,1,1)(0,1,1,12)",0.0,5946.260544558885
2024-06-01,S6_guatemala,"SARIMA(1,1,1)(0,1,1,12)",0.0,6681.911007810207
2024-07-01,S6_guatemala,"SARIMA(1,1,1)(0,1,1,12)",0.0,7152.8502163048615
2024-08-01,S6_guatemala,"SARIMA(1,1,1)(0,1,1,12)",0.0,7201.69225374091
2024-09-01,S6_guatemala,"SARIMA(1,1,1)(0,1,1,12)",0.0,6099.652564490518
2024-10-01,S6_guatemala,"SARIMA(1,1,1)(0,1,1,12)",0.0,6356.226065770567
2024-11-01,S6_guatemala,"SARIMA(1,1,1)(0,1,1,12)",0.0,8617.231755164441
2024-12-01,S6_guatemala,"SARIMA(1,1,1)(0,1,1,12)",0.0,12133.707854188351
2025-01-01,S6_guatemala,"SARIMA(1,1,1)(0,1,1,12)",0.0,10907.424826747349
2025-02-01,S6_guatemala,"SARIMA(1,1,1)(0,1,1,12)",0.0,8030.302533188633
2025-03-01,S6_guatemala,"SARIMA(1,1,1)(0,1,1,12)",0.0,7964.784189543112
2025-04-01,S6_guatemala,"SARIMA(1,1,1)(0,1,1,12)",0.0,4937.221854243187
2025-05-01,S6_guatemala,"SARIMA(1,1,1)(0,1,1,12)",0.0,4279.521259020245
2025-06-01,S6_guatemala,"SARIMA(1,1,1)(0,1,1,12)",0.0,4809.003265662109
2025-07-01,S6_guatemala,"SARIMA(1,1,1)(0,1,1,12)",0.0,5147.960215431534
2025-08-01,S6_guatemala,"SARIMA(1,1,1)(0,1,1,12)",0.0,5183.114111584609
2025-09-01,S6_guatemala,"SARIMA(1,1,1)(0,1,1,12)",0.0,4389.924661958747
2025-10-01,S6_guatemala,"SARIMA(1,1,1)(0,1,1,12)",0.0,4574.592597473241
2025-11-01,S6_guatemala,"SARIMA(1,1,1)(0,1,1,12)",0.0,6201.944022167544
2025-12-01,S6_guatemala,"SARIMA(1,1,1)(0,1,1,12)",0.0,8732.916153946704
2026-01-01,S6_guatemala,"SARIMA(1,1,1)(0,1,1,12)",0.0,7850.30296940424
2026-02-01,S6_guatemala,"SARIMA(1,1,1)(0,1,1,12)",0.0,5779.503640855146
2026-03-01,S6_guatemala,"SARIMA(1,1,1)(0,1,1,12)",0.0,5732.347028036656
2026-04-01,S6_guatemala,"SARIMA(1,1,1)(0,1,1,12)",0.0,3553.268973163676
2026-05-01,S6_guatemala,"SARIMA(1,1,1)(0,1,1,12)",0.0,3079.8911282166077
2026-06-01,S6_guatemala,"SARIMA(1,1,1)(0,1,1,12)",0.0,3460.984064824658
2021-04-01,S6_guatemala,"SARIMA(2,1,1)(1,1,0,12)",19506.0,22507.78311433861
2021-05-01,S6_guatemala,"SARIMA(2,1,1)(1,1,0,12)",35050.0,18108.36251976132
2021-06-01,S6_guatemala,"SARIMA(2,1,1)(1,1,0,12)",40067.0,21215.13353035001
2021-07-01,S6_guatemala,"SARIMA(2,1,1)(1,1,0,12)",39578.0,22465.298303414038
2021-08-01,S6_guatemala,"SARIMA(2,1,1)(1,1,0,12)",31184.0,22746.117819053565
2021-09-01,S6_guatemala,"SARIMA(2,1,1)(1,1,0,12)",27617.0,20274.652579416972
2021-10-01,S6_guatemala,"SARIMA(2,1,1)(1,1,0,12)",33374.0,18797.676523267717
2021-11-01,S6_guatemala,"SARIMA(2,1,1)(1,1,0,12)",40029.0,24361.39847999688
2021-12-01,S6_guatemala,"SARIMA(2,1,1)(1,1,0,12)",66602.0,35418.67222677542
2022-01-01,S6_guatemala,"SARIMA(2,1,1)(1,1,0,12)",56694.0,32184.747016729332
2022-02-01,S6_guatemala,"SARIMA(2,1,1)(1,1,0,12)",92579.0,24220.726429951126
2022-03-01,S6_guatemala,"SARIMA(2,1,1)(1,1,0,12)",88060.0,14503.443413338942
2022-04-01,S6_guatemala,"SARIMA(2,1,1)(1,1,0,12)",136433.0,3084.0049691819386
2022-05-01,S6_guatemala,"SARIMA(2,1,1)(1,1,0,12)",124059.0,2879.6625406698386
2022-06-01,S6_guatemala,"SARIMA(2,1,1)(1,1,0,12)",120909.0,3455.6915875758223
2022-07-01,S6_guatemala,"SARIMA(2,1,1)(1,1,0,12)",120389.0,3878.4538244069417
2022-08-01,S6_guatemala,"SARIMA(2,1,1)(1,1,0,12)",121969.0,4303.974848567096
2022-09-01,S6_guatemala,"SARIMA(2,1,1)(1,1,0,12)",114330.0,3151.3832560192636
2022-10-01,S6_guatemala,"SARIMA(2,1,1)(1,1,0,12)",131294.0,3151.380771756606
2022-11-01,S6_guatemala,"SARIMA(2,1,1)(1,1,0,12)",139062.0,6141.226172579597
2022-12-01,S6_guatemala,"SARIMA(2,1,1)(1,1,0,12)",169557.0,9481.203569222402
2023-01-01,S6_guatemala,"SARIMA(2,1,1)(1,1,0,12)",0.0,10636.510006440147
2023-02-01,S6_guatemala,"SARIMA(2,1,1)(1,1,0,12)",0.0,7373.574389135595
2023-03-01,S6_guatemala,"SARIMA(2,1,1)(1,1,0,12)",0.0,6454.273733427898
2023-04-01,S6_guatemala,"SARIMA(2,1,1)(1,1,0,12)",0.0,3735.992545104992
2023-05-01,S6_guatemala,"SARIMA(2,1,1)(1,1,0,12)",0.0,3105.6578138355353
2023-06-01,S6_guatemala,"SARIMA(2,1,1)(1,1,0,12)",0.0,3657.818340896935
2023-07-01,S6_guatemala,"SARIMA(2,1,1)(1,1,0,12)",0.0,3923.232323032092
2023-08-01,S6_guatemala,"SARIMA(2,1,1)(1,1,0,12)",0.0,4053.1595130153237
2023-09-01,S6_guatemala,"SARIMA(2,1,1)(1,1,0,12)",0.0,3459.7600327262026
2023-10-01,S6_guatemala,"SARIMA(2,1,1)(1,1,0,12)",0.0,3261.465903087937
2023-11-01,S6_guatemala,"SARIMA(2,1,1)(1,1,0,12)",0.0,4623.690117445774
2023-12-01,S6_guatemala,"SARIMA(2,1,1)(1,1,0,12)",0.0,6811.977292084695
2024-01-01,S6_guatemala,"SARIMA(2,1,1)(1,1,0,12)",0.0,6483.5485877825395
2024-02-01,S6_guatemala,"SARIMA(2,1,1)(1,1,0,12)",0.0,4791.720737767767
2024-03-01,S6_guatemala,"SARIMA(2,1,1)(1,1,0,12)",0.0,3118.8735128220023
2024-04-01,S6_guatemala,"SARIMA(2,1,1)(1,1,0,12)",0.0,826.0282215443032
2024-05-01,S6_guatemala,"SARIMA(2,1,1)(1,1,0,12)",0.0,751.7638163081032
2024-06-01,S6_guatemala,"SARIMA(2,1,1)(1,1,0,12)",0.0,898.5823832180888
2024-07-01,S6_guatemala,"SARIMA(2,1,1)(1,1,0,12)",0.0,998.5841675770567
2024-08-01,S6_guatemala,"SARIMA(2,1,1)(1,1,0,12)",0.0,1090.9184315943912
2024-09-01,S6_guatemala,"SARIMA(2,1,1)(1,1,0,12)",0.0,825.9991538573635
2024-10-01,S6_guatemala,"SARIMA(2,1,1)(1,1,0,12)",0.0,815.3368556960478
2024-11-01,S6_guatemala,"SARIMA(2,1,1)(1,1,0,12)",0.0,1482.1179650889217
2024-12-01,S6_guatemala,"SARIMA(2,1,1)(1,1,0,12)",0.0,2265.1493113869687
2025-01-01,S6_guatemala,"SARIMA(2,1,1)(1,1,0,12)",0.0,2450.9986228986954
2025-02-01,S6_guatemala,"SARIMA(2,1,1)(1,1,0,12)",0.0,1722.978659910118
2025-03-01,S6_guatemala,"SARIMA(2,1,1)(1,1,0,12)",0.0,1412.9173025091166
2025-04-01,S6_guatemala,"SARIMA(2,1,1)(1,1,0,12)",0.0,688.3383966643111
2025-05-01,S6_guatemala,"SARIMA(2,1,1)(1,1,0,12)",0.0,583.6028465871414
2025-06-01,S6_guatemala,"SARIMA(2,1,1)(1,1,0,12)",0.0,689.7190453779045
2025-07-01,S6_guatemala,"SARIMA(2,1,1)(1,1,0,12)",0.0,745.6105491190418
2025-08-01,S6_guatemala,"SARIMA(2,1,1)(1,1,0,12)",0.0,779.849819842979
2025-09-01,S6_guatemala,"SARIMA(2,1,1)(1,1,0,12)",0.0,648.2508438520505
2025-10-01,S6_guatemala,"SARIMA(2,1,1)(1,1,0,12)",0.0,617.2768681840947
2025-11-01,S6_guatemala,"SARIMA(2,1,1)(1,1,0,12)",0.0,924.5915174220621
2025-12-01,S6_guatemala,"SARIMA(2,1,1)(1,1,0,12)",0.0,1373.5518572605656
2026-01-01,S6_guatemala,"SARIMA(2,1,1)(1,1,0,12)",0.0,1344.7070497504897
2026-02-01,S6_guatemala,"SARIMA(2,1,1)(1,1,0,12)",0.0,982.7457717546887
2026-03-01,S6_guatemala,"SARIMA(2,1,1)(1,1,0,12)",0.0,672.7565410144334
2026-04-01,S6_guatemala,"SARIMA(2,1,1)(1,1,0,12)",0.0,203.2115375475629
2026-05-01,S6_guatemala,"SARIMA(2,1,1)(1,1,0,12)",0.0,182.0059578892493
2026-06-01,S6_guatemala,"SARIMA(2,1,1)(1,1,0,12)",0.0,217.15275456712195
2021-04-01,S6_guatemala,"auto_arima(1, 0, 1)x(1, 0, 1, 12)",19506.0,18961.68633279315
2021-05-01,S6_guatemala,"auto_arima(1, 0, 1)x(1, 0, 1, 12)",35050.0,16849.073879775373
2021-06-01,S6_guatemala,"auto_arima(1, 0, 1)x(1, 0, 1, 12)",40067.0,18187.07453493872
2021-07-01,S6_guatemala,"auto_arima(1, 0, 1)x(1, 0, 1, 12)",39578.0,18871.757233900018
2021-08-01,S6_guatemala,"auto_arima(1, 0, 1)x(1, 0, 1, 12)",31184.0,18844.802656708598
2021-09-01,S6_guatemala,"auto_arima(1, 0, 1)x(1, 0, 1, 12)",27617.0,16261.734484905197
2021-10-01,S6_guatemala,"auto_arima(1, 0, 1)x(1, 0, 1, 12)",33374.0,16402.21251452991
2021-11-01,S6_guatemala,"auto_arima(1, 0, 1)x(1, 0, 1, 12)",40029.0,20714.206278087495
2021-12-01,S6_guatemala,"auto_arima(1, 0, 1)x(1, 0, 1, 12)",66602.0,26524.480412995767
2022-01-01,S6_guatemala,"auto_arima(1, 0, 1)x(1, 0, 1, 12)",56694.0,24555.378739992455
2022-02-01,S6_guatemala,"auto_arima(1, 0, 1)x(1, 0, 1, 12)",92579.0,19256.27990818037
2022-03-01,S6_guatemala,"auto_arima(1, 0, 1)x(1, 0, 1, 12)",88060.0,18450.890547037397
2022-04-01,S6_guatemala,"auto_arima(1, 0, 1)x(1, 0, 1, 12)",136433.0,12291.043276584105
2022-05-01,S6_guatemala,"auto_arima(1, 0, 1)x(1, 0, 1, 12)",124059.0,10992.25419303178
2022-06-01,S6_guatemala,"auto_arima(1, 0, 1)x(1, 0, 1, 12)",120909.0,11744.718679795902
2022-07-01,S6_guatemala,"auto_arima(1, 0, 1)x(1, 0, 1, 12)",120389.0,12104.441052238453
2022-08-01,S6_guatemala,"auto_arima(1, 0, 1)x(1, 0, 1, 12)",121969.0,12045.36741358277
2022-09-01,S6_guatemala,"auto_arima(1, 0, 1)x(1, 0, 1, 12)",114330.0,10489.183110781387
2022-10-01,S6_guatemala,"auto_arima(1, 0, 1)x(1, 0, 1, 12)",131294.0,10534.829875407082
2022-11-01,S6_guatemala,"auto_arima(1, 0, 1)x(1, 0, 1, 12)",139062.0,12995.301467247102
2022-12-01,S6_guatemala,"auto_arima(1, 0, 1)x(1, 0, 1, 12)",169557.0,16235.11903245309
2023-01-01,S6_guatemala,"auto_arima(1, 0, 1)x(1, 0, 1, 12)",0.0,15077.840679412115
2023-02-01,S6_guatemala,"auto_arima(1, 0, 1)x(1, 0, 1, 12)",0.0,12032.115609798393
2023-03-01,S6_guatemala,"auto_arima(1, 0, 1)x(1, 0, 1, 12)",0.0,11532.294615528157
2023-04-01,S6_guatemala,"auto_arima(1, 0, 1)x(1, 0, 1, 12)",0.0,7928.0113722100805
2023-05-01,S6_guatemala,"auto_arima(1, 0, 1)x(1, 0, 1, 12)",0.0,7134.837618738017
2023-06-01,S6_guatemala,"auto_arima(1, 0, 1)x(1, 0, 1, 12)",0.0,7555.296534628078
2023-07-01,S6_guatemala,"auto_arima(1, 0, 1)x(1, 0, 1, 12)",0.0,7741.406597644797
2023-08-01,S6_guatemala,"auto_arima(1, 0, 1)x(1, 0, 1, 12)",0.0,7682.090602563451
2023-09-01,S6_guatemala,"auto_arima(1, 0, 1)x(1, 0, 1, 12)",0.0,6747.856703203757
2023-10-01,S6_guatemala,"auto_arima(1, 0, 1)x(1, 0, 1, 12)",0.0,6753.315483826661
2023-11-01,S6_guatemala,"auto_arima(1, 0, 1)x(1, 0, 1, 12)",0.0,8156.437839613267
2023-12-01,S6_guatemala,"auto_arima(1, 0, 1)x(1, 0, 1, 12)",0.0,9966.289922159762
2024-01-01,S6_guatemala,"auto_arima(1, 0, 1)x(1, 0, 1, 12)",0.0,9286.119145100234
2024-02-01,S6_guatemala,"auto_arima(1, 0, 1)x(1, 0, 1, 12)",0.0,7532.0614363015675
2024-03-01,S6_guatemala,"auto_arima(1, 0, 1)x(1, 0, 1, 12)",0.0,7223.614312464591
2024-04-01,S6_guatemala,"auto_arima(1, 0, 1)x(1, 0, 1, 12)",0.0,5112.726085081565
2024-05-01,S6_guatemala,"auto_arima(1, 0, 1)x(1, 0, 1, 12)",0.0,4629.207054172145
2024-06-01,S6_guatemala,"auto_arima(1, 0, 1)x(1, 0, 1, 12)",0.0,4863.680776433795
2024-07-01,S6_guatemala,"auto_arima(1, 0, 1)x(1, 0, 1, 12)",0.0,4958.626085964467
2024-08-01,S6_guatemala,"auto_arima(1, 0, 1)x(1, 0, 1, 12)",0.0,4909.669102090843
2024-09-01,S6_guatemala,"auto_arima(1, 0, 1)x(1, 0, 1, 12)",0.0,4348.31454179794
2024-10-01,S6_guatemala,"auto_arima(1, 0, 1)x(1, 0, 1, 12)",0.0,4339.19742109163
2024-11-01,S6_guatemala,"auto_arima(1, 0, 1)x(1, 0, 1, 12)",0.0,5142.156912315801
2024-12-01,S6_guatemala,"auto_arima(1, 0, 1)x(1, 0, 1, 12)",0.0,6158.971024815209
2025-01-01,S6_guatemala,"auto_arima(1, 0, 1)x(1, 0, 1, 12)",0.0,5757.586244514397
2025-02-01,S6_guatemala,"auto_arima(1, 0, 1)x(1, 0, 1, 12)",0.0,4741.582910183319
2025-03-01,S6_guatemala,"auto_arima(1, 0, 1)x(1, 0, 1, 12)",0.0,4551.366912214926
2025-04-01,S6_guatemala,"auto_arima(1, 0, 1)x(1, 0, 1, 12)",0.0,3309.279474048907
2025-05-01,S6_guatemala,"auto_arima(1, 0, 1)x(1, 0, 1, 12)",0.0,3013.882234905446
2025-06-01,S6_guatemala,"auto_arima(1, 0, 1)x(1, 0, 1, 12)",0.0,3144.8454392257017
2025-07-01,S6_guatemala,"auto_arima(1, 0, 1)x(1, 0, 1, 12)",0.0,3192.5626520896403
2025-08-01,S6_guatemala,"auto_arima(1, 0, 1)x(1, 0, 1, 12)",0.0,3155.5331528394713
2025-09-01,S6_guatemala,"auto_arima(1, 0, 1)x(1, 0, 1, 12)",0.0,2816.7084713386416
2025-10-01,S6_guatemala,"auto_arima(1, 0, 1)x(1, 0, 1, 12)",0.0,2804.1534826882116
2025-11-01,S6_guatemala,"auto_arima(1, 0, 1)x(1, 0, 1, 12)",0.0,3266.815490447785
2025-12-01,S6_guatemala,"auto_arima(1, 0, 1)x(1, 0, 1, 12)",0.0,3843.1457877674434
2026-01-01,S6_guatemala,"auto_arima(1, 0, 1)x(1, 0, 1, 12)",0.0,3604.5384691261625
2026-02-01,S6_guatemala,"auto_arima(1, 0, 1)x(1, 0, 1, 12)",0.0,3010.8446396789636
2026-03-01,S6_guatemala,"auto_arima(1, 0, 1)x(1, 0, 1, 12)",0.0,2893.1569670175077
2026-04-01,S6_guatemala,"auto_arima(1, 0, 1)x(1, 0, 1, 12)",0.0,2156.5936013946416
2026-05-01,S6_guatemala,"auto_arima(1, 0, 1)x(1, 0, 1, 12)",0.0,1975.1430499086762
2026-06-01,S6_guatemala,"auto_arima(1, 0, 1)x(1, 0, 1, 12)",0.0,2048.6137415979383
2021-04-01,S6_guatemala,Prophet,19506.0,83582.34987193329
2021-05-01,S6_guatemala,Prophet,35050.0,69547.81086213056
2021-06-01,S6_guatemala,Prophet,40067.0,73988.92878448743
2021-07-01,S6_guatemala,Prophet,39578.0,78377.31783310145
2021-08-01,S6_guatemala,Prophet,31184.0,72173.60810753999
2021-09-01,S6_guatemala,Prophet,27617.0,64581.30004188639
2021-10-01,S6_guatemala,Prophet,33374.0,70458.55180370345
2021-11-01,S6_guatemala,Prophet,40029.0,80414.00458747077
2021-12-01,S6_guatemala,Prophet,66602.0,109123.1725029953
2022-01-01,S6_guatemala,Prophet,56694.0,83475.08785810084
2022-02-01,S6_guatemala,Prophet,92579.0,58453.58343731528
2022-03-01,S6_guatemala,Prophet,88060.0,68859.38033600504
2022-04-01,S6_guatemala,Prophet,136433.0,75352.80301142152
2022-05-01,S6_guatemala,Prophet,124059.0,60591.73206504499
2022-06-01,S6_guatemala,Prophet,120909.0,65477.467469759744
2022-07-01,S6_guatemala,Prophet,120389.0,69372.41399246233
2022-08-01,S6_guatemala,Prophet,121969.0,63007.03229801687
2022-09-01,S6_guatemala,Prophet,114330.0,55647.56863876811
2022-10-01,S6_guatemala,Prophet,131294.0,61144.61598266702
2022-11-01,S6_guatemala,Prophet,139062.0,71351.82815175378
2022-12-01,S6_guatemala,Prophet,169557.0,100925.64597367491
2023-01-01,S6_guatemala,Prophet,0.0,74821.46868561069
2023-02-01,S6_guatemala,Prophet,0.0,49341.59044857268
2023-03-01,S6_guatemala,Prophet,0.0,59120.29958535407
2023-04-01,S6_guatemala,Prophet,0.0,67134.13818022533
2023-05-01,S6_guatemala,Prophet,0.0,51638.92092889414
2023-06-01,S6_guatemala,Prophet,0.0,56962.14778493886
2023-07-01,S6_guatemala,Prophet,0.0,60353.773272346974
2023-08-01,S6_guatemala,Prophet,0.0,53837.26074631729
2023-09-01,S6_guatemala,Prophet,0.0,46716.16069907348
2023-10-01,S6_guatemala,Prophet,0.0,51837.68971818288
2023-11-01,S6_guatemala,Prophet,0.0,62309.3099870048
2023-12-01,S6_guatemala,Prophet,0.0,92718.30298224663
2024-01-01,S6_guatemala,Prophet,0.0,66150.10784245071
2024-02-01,S6_guatemala,Prophet,0.0,40220.989443421
2024-03-01,S6_guatemala,Prophet,0.0,52696.906103956266
2024-04-01,S6_guatemala,Prophet,0.0,56143.09327944317
2024-05-01,S6_guatemala,Prophet,0.0,42827.185404165306
2024-06-01,S6_guatemala,Prophet,0.0,46816.88614388406
2024-07-01,S6_guatemala,Prophet,0.0,51688.206938808515
2024-08-01,S6_guatemala,Prophet,0.0,45656.36583245697
2024-09-01,S6_guatemala,Prophet,0.0,37836.91627361101
2024-10-01,S6_guatemala,Prophet,0.0,44098.92314716051
2024-11-01,S6_guatemala,Prophet,0.0,53815.845934173274
2024-12-01,S6_guatemala,Prophet,0.0,81631.62827115199
2025-01-01,S6_guatemala,Prophet,0.0,56430.908301392665
2025-02-01,S6_guatemala,Prophet,0.0,31876.319213389936
2025-03-01,S6_guatemala,Prophet,0.0,42931.71181964832
2025-04-01,S6_guatemala,Prophet,0.0,47902.15647911775
2025-05-01,S6_guatemala,Prophet,0.0,33867.617469318415
2025-06-01,S6_guatemala,Prophet,0.0,38308.735391671195
2025-07-01,S6_guatemala,Prophet,0.0,42697.124440287975
2025-08-01,S6_guatemala,Prophet,0.0,36493.414714733204
2025-09-01,S6_guatemala,Prophet,0.0,28901.106649076737
2025-10-01,S6_guatemala,Prophet,0.0,34778.35841089224
2025-11-01,S6_guatemala,Prophet,0.0,44733.81119465862
2025-12-01,S6_guatemala,Prophet,0.0,73442.97911018087
2026-01-01,S6_guatemala,Prophet,0.0,47794.894465284
2026-02-01,S6_guatemala,Prophet,0.0,22773.39004449753
2026-03-01,S6_guatemala,Prophet,0.0,33179.18694319078
2026-04-01,S6_guatemala,Prophet,0.0,39672.60961860605
2026-05-01,S6_guatemala,Prophet,0.0,24911.53867223204
2026-06-01,S6_guatemala,Prophet,0.0,29797.274076947415
2021-04-01,S6_guatemala,Holt-Winters,19506.0,35174.6058913938
2021-05-01,S6_guatemala,Holt-Winters,35050.0,23824.637133196098
2021-06-01,S6_guatemala,Holt-Winters,40067.0,29893.154362473317
2021-07-01,S6_guatemala,Holt-Winters,39578.0,36123.44971188255
2021-08-01,S6_guatemala,Holt-Winters,31184.0,30371.65482369581
2021-09-01,S6_guatemala,Holt-Winters,27617.0,23951.5874543265
2021-10-01,S6_guatemala,Holt-Winters,33374.0,28755.161073961408
2021-11-01,S6_guatemala,Holt-Winters,40029.0,38793.6665011027
2021-12-01,S6_guatemala,Holt-Winters,66602.0,66509.95934426616
2022-01-01,S6_guatemala,Holt-Winters,56694.0,41167.83354151952
2022-02-01,S6_guatemala,Holt-Winters,92579.0,16965.78871055439
2022-03-01,S6_guatemala,Holt-Winters,88060.0,30919.12907099506
2022-04-01,S6_guatemala,Holt-Winters,136433.0,35440.84034862964
2022-05-01,S6_guatemala,Holt-Winters,124059.0,24085.118647642994
2022-06-01,S6_guatemala,Holt-Winters,120909.0,30148.0072469309
2022-07-01,S6_guatemala,Holt-Winters,120389.0,36372.79559293005
2022-08-01,S6_guatemala,Holt-Winters,121969.0,30615.612699737445
2022-09-01,S6_guatemala,Holt-Winters,114330.0,24190.27375238252
2022-10-01,S6_guatemala,Holt-Winters,131294.0,28988.68970523201
2022-11-01,S6_guatemala,Holt-Winters,139062.0,39022.14891533127
2022-12-01,S6_guatemala,Holt-Winters,169557.0,66733.50458292782
2023-01-01,S6_guatemala,Holt-Winters,0.0,41386.54828986032
2023-02-01,S6_guatemala,Holt-Winters,0.0,17179.777348506006
2023-03-01,S6_guatemala,Holt-Winters,0.0,31128.493722989344
2023-04-01,S6_guatemala,Holt-Winters,0.0,35645.6809323367
2023-05-01,S6_guatemala,Holt-Winters,0.0,24285.532921656137
2023-06-01,S6_guatemala,Holt-Winters,0.0,30344.09085742117
2023-07-01,S6_guatemala,Holt-Winters,0.0,36564.642119292635
2023-08-01,S6_guatemala,Holt-Winters,0.0,30803.313699251703
2023-09-01,S6_guatemala,Holt-Winters,0.0,24373.918803907014
2023-10-01,S6_guatemala,Holt-Winters,0.0,29168.366451955317
2023-11-01,S6_guatemala,Holt-Winters,0.0,39197.943106599014
2023-12-01,S6_guatemala,Holt-Winters,0.0,66905.5001151659
2024-01-01,S6_guatemala,Holt-Winters,0.0,41554.827246613786
2024-02-01,S6_guatemala,Holt-Winters,0.0,17344.42003961289
2024-03-01,S6_guatemala,Holt-Winters,0.0,31289.578722907845
2024-04-01,S6_guatemala,Holt-Winters,0.0,35803.285117644235
2024-05-01,S6_guatemala,Holt-Winters,0.0,24439.73150773815
2024-06-01,S6_guatemala,Holt-Winters,0.0,30494.957434367047
2024-07-01,S6_guatemala,Holt-Winters,0.0,36712.24868701603
2024-08-01,S6_guatemala,Holt-Winters,0.0,30947.730701851935
2024-09-01,S6_guatemala,Holt-Winters,0.0,24515.215163287983
2024-10-01,S6_guatemala,Holt-Winters,0.0,29306.609600717933
2024-11-01,S6_guatemala,Holt-Winters,0.0,39333.19902022291
2024-12-01,S6_guatemala,Holt-Winters,0.0,67037.8333434957
2025-01-01,S6_guatemala,Holt-Winters,0.0,41684.300944665054
2025-02-01,S6_guatemala,Holt-Winters,0.0,17471.09599771234
2025-03-01,S6_guatemala,Holt-Winters,0.0,31413.517396182306
2025-04-01,S6_guatemala,Holt-Winters,0.0,35924.545654872425
2025-05-01,S6_guatemala,Holt-Winters,0.0,24558.371779578934
2025-06-01,S6_guatemala,Holt-Winters,0.0,30611.0340609778
2025-07-01,S6_guatemala,Holt-Winters,0.0,36825.81706507414
2025-08-01,S6_guatemala,Holt-Winters,0.0,31058.845030992474
2025-09-01,S6_guatemala,Holt-Winters,0.0,24623.928471970044
2025-10-01,S6_guatemala,Holt-Winters,0.0,29412.973771532055
2025-11-01,S6_guatemala,Holt-Winters,0.0,39437.26481465165
2025-12-01,S6_guatemala,Holt-Winters,0.0,67139.65042613915
2026-01-01,S6_guatemala,Holt-Winters,0.0,41783.91790694294
2026-02-01,S6_guatemala,Holt-Winters,0.0,17568.560381053805
2026-03-01,S6_guatemala,Holt-Winters,0.0,31508.875714714795
2026-04-01,S6_guatemala,Holt-Winters,0.0,36017.843417620126
2026-05-01,S6_guatemala,Holt-Winters,0.0,24649.65351218165
2026-06-01,S6_guatemala,Holt-Winters,0.0,30700.343326940434
2021-04-01,S6_guatemala,Suavizamiento exponencial simple,19506.0,29951.85816141583
2021-05-01,S6_guatemala,Suavizamiento exponencial simple,35050.0,29951.85816141583
2021-06-01,S6_guatemala,Suavizamiento exponencial simple,40067.0,29951.85816141583
2021-07-01,S6_guatemala,Suavizamiento exponencial simple,39578.0,29951.85816141583
2021-08-01,S6_guatemala,Suavizamiento exponencial simple,31184.0,29951.85816141583
2021-09-01,S6_guatemala,Suavizamiento exponencial simple,27617.0,29951.85816141583
2021-10-01,S6_guatemala,Suavizamiento exponencial simple,33374.0,29951.85816141583
2021-11-01,S6_guatemala,Suavizamiento exponencial simple,40029.0,29951.85816141583
2021-12-01,S6_guatemala,Suavizamiento exponencial simple,66602.0,29951.85816141583
2022-01-01,S6_guatemala,Suavizamiento exponencial simple,56694.0,29951.85816141583
2022-02-01,S6_guatemala,Suavizamiento exponencial simple,92579.0,29951.85816141583
2022-03-01,S6_guatemala,Suavizamiento exponencial simple,88060.0,29951.85816141583
2022-04-01,S6_guatemala,Suavizamiento exponencial simple,136433.0,29951.85816141583
2022-05-01,S6_guatemala,Suavizamiento exponencial simple,124059.0,29951.85816141583
2022-06-01,S6_guatemala,Suavizamiento exponencial simple,120909.0,29951.85816141583
2022-07-01,S6_guatemala,Suavizamiento exponencial simple,120389.0,29951.85816141583
2022-08-01,S6_guatemala,Suavizamiento exponencial simple,121969.0,29951.85816141583
2022-09-01,S6_guatemala,Suavizamiento exponencial simple,114330.0,29951.85816141583
2022-10-01,S6_guatemala,Suavizamiento exponencial simple,131294.0,29951.85816141583
2022-11-01,S6_guatemala,Suavizamiento exponencial simple,139062.0,29951.85816141583
2022-12-01,S6_guatemala,Suavizamiento exponencial simple,169557.0,29951.85816141583
2023-01-01,S6_guatemala,Suavizamiento exponencial simple,0.0,29951.85816141583
2023-02-01,S6_guatemala,Suavizamiento exponencial simple,0.0,29951.85816141583
2023-03-01,S6_guatemala,Suavizamiento exponencial simple,0.0,29951.85816141583
2023-04-01,S6_guatemala,Suavizamiento exponencial simple,0.0,29951.85816141583
2023-05-01,S6_guatemala,Suavizamiento exponencial simple,0.0,29951.85816141583
2023-06-01,S6_guatemala,Suavizamiento exponencial simple,0.0,29951.85816141583
2023-07-01,S6_guatemala,Suavizamiento exponencial simple,0.0,29951.85816141583
2023-08-01,S6_guatemala,Suavizamiento exponencial simple,0.0,29951.85816141583
2023-09-01,S6_guatemala,Suavizamiento exponencial simple,0.0,29951.85816141583
2023-10-01,S6_guatemala,Suavizamiento exponencial simple,0.0,29951.85816141583
2023-11-01,S6_guatemala,Suavizamiento exponencial simple,0.0,29951.85816141583
2023-12-01,S6_guatemala,Suavizamiento exponencial simple,0.0,29951.85816141583
2024-01-01,S6_guatemala,Suavizamiento exponencial simple,0.0,29951.85816141583
2024-02-01,S6_guatemala,Suavizamiento exponencial simple,0.0,29951.85816141583
2024-03-01,S6_guatemala,Suavizamiento exponencial simple,0.0,29951.85816141583
2024-04-01,S6_guatemala,Suavizamiento exponencial simple,0.0,29951.85816141583
2024-05-01,S6_guatemala,Suavizamiento exponencial simple,0.0,29951.85816141583
2024-06-01,S6_guatemala,Suavizamiento exponencial simple,0.0,29951.85816141583
2024-07-01,S6_guatemala,Suavizamiento exponencial simple,0.0,29951.85816141583
2024-08-01,S6_guatemala,Suavizamiento exponencial simple,0.0,29951.85816141583
2024-09-01,S6_guatemala,Suavizamiento exponencial simple,0.0,29951.85816141583
2024-10-01,S6_guatemala,Suavizamiento exponencial simple,0.0,29951.85816141583
2024-11-01,S6_guatemala,Suavizamiento exponencial simple,0.0,29951.85816141583
2024-12-01,S6_guatemala,Suavizamiento exponencial simple,0.0,29951.85816141583
2025-01-01,S6_guatemala,Suavizamiento exponencial simple,0.0,29951.85816141583
2025-02-01,S6_guatemala,Suavizamiento exponencial simple,0.0,29951.85816141583
2025-03-01,S6_guatemala,Suavizamiento exponencial simple,0.0,29951.85816141583
2025-04-01,S6_guatemala,Suavizamiento exponencial simple,0.0,29951.85816141583
2025-05-01,S6_guatemala,Suavizamiento exponencial simple,0.0,29951.85816141583
2025-06-01,S6_guatemala,Suavizamiento exponencial simple,0.0,29951.85816141583
2025-07-01,S6_guatemala,Suavizamiento exponencial simple,0.0,29951.85816141583
2025-08-01,S6_guatemala,Suavizamiento exponencial simple,0.0,29951.85816141583
2025-09-01,S6_guatemala,Suavizamiento exponencial simple,0.0,29951.85816141583
2025-10-01,S6_guatemala,Suavizamiento exponencial simple,0.0,29951.85816141583
2025-11-01,S6_guatemala,Suavizamiento exponencial simple,0.0,29951.85816141583
2025-12-01,S6_guatemala,Suavizamiento exponencial simple,0.0,29951.85816141583
2026-01-01,S6_guatemala,Suavizamiento exponencial simple,0.0,29951.85816141583
2026-02-01,S6_guatemala,Suavizamiento exponencial simple,0.0,29951.85816141583
2026-03-01,S6_guatemala,Suavizamiento exponencial simple,0.0,29951.85816141583
2026-04-01,S6_guatemala,Suavizamiento exponencial simple,0.0,29951.85816141583
2026-05-01,S6_guatemala,Suavizamiento exponencial simple,0.0,29951.85816141583
2026-06-01,S6_guatemala,Suavizamiento exponencial simple,0.0,29951.85816141583
2021-04-01,S6_guatemala,Seasonal Naive,19506.0,10039.0
2021-05-01,S6_guatemala,Seasonal Naive,35050.0,9779.0
2021-06-01,S6_guatemala,Seasonal Naive,40067.0,11817.0
2021-07-01,S6_guatemala,Seasonal Naive,39578.0,13484.0
2021-08-01,S6_guatemala,Seasonal Naive,31184.0,15357.0
2021-09-01,S6_guatemala,Seasonal Naive,27617.0,10640.0
2021-10-01,S6_guatemala,Seasonal Naive,33374.0,10870.25
2021-11-01,S6_guatemala,Seasonal Naive,40029.0,23763.0
2021-12-01,S6_guatemala,Seasonal Naive,66602.0,37313.0
2022-01-01,S6_guatemala,Seasonal Naive,56694.0,44423.0
2022-02-01,S6_guatemala,Seasonal Naive,92579.0,30093.0
2022-03-01,S6_guatemala,Seasonal Naive,88060.0,29318.0
2022-04-01,S6_guatemala,Seasonal Naive,136433.0,10039.0
2022-05-01,S6_guatemala,Seasonal Naive,124059.0,9779.0
2022-06-01,S6_guatemala,Seasonal Naive,120909.0,11817.0
2022-07-01,S6_guatemala,Seasonal Naive,120389.0,13484.0
2022-08-01,S6_guatemala,Seasonal Naive,121969.0,15357.0
2022-09-01,S6_guatemala,Seasonal Naive,114330.0,10640.0
2022-10-01,S6_guatemala,Seasonal Naive,131294.0,10870.25
2022-11-01,S6_guatemala,Seasonal Naive,139062.0,23763.0
2022-12-01,S6_guatemala,Seasonal Naive,169557.0,37313.0
2023-01-01,S6_guatemala,Seasonal Naive,0.0,44423.0
2023-02-01,S6_guatemala,Seasonal Naive,0.0,30093.0
2023-03-01,S6_guatemala,Seasonal Naive,0.0,29318.0
2023-04-01,S6_guatemala,Seasonal Naive,0.0,10039.0
2023-05-01,S6_guatemala,Seasonal Naive,0.0,9779.0
2023-06-01,S6_guatemala,Seasonal Naive,0.0,11817.0
2023-07-01,S6_guatemala,Seasonal Naive,0.0,13484.0
2023-08-01,S6_guatemala,Seasonal Naive,0.0,15357.0
2023-09-01,S6_guatemala,Seasonal Naive,0.0,10640.0
2023-10-01,S6_guatemala,Seasonal Naive,0.0,10870.25
2023-11-01,S6_guatemala,Seasonal Naive,0.0,23763.0
2023-12-01,S6_guatemala,Seasonal Naive,0.0,37313.0
2024-01-01,S6_guatemala,Seasonal Naive,0.0,44423.0
2024-02-01,S6_guatemala,Seasonal Naive,0.0,30093.0
2024-03-01,S6_guatemala,Seasonal Naive,0.0,29318.0
2024-04-01,S6_guatemala,Seasonal Naive,0.0,10039.0
2024-05-01,S6_guatemala,Seasonal Naive,0.0,9779.0
2024-06-01,S6_guatemala,Seasonal Naive,0.0,11817.0
2024-07-01,S6_guatemala,Seasonal Naive,0.0,13484.0
2024-08-01,S6_guatemala,Seasonal Naive,0.0,15357.0
2024-09-01,S6_guatemala,Seasonal Naive,0.0,10640.0
2024-10-01,S6_guatemala,Seasonal Naive,0.0,10870.25
2024-11-01,S6_guatemala,Seasonal Naive,0.0,23763.0
2024-12-01,S6_guatemala,Seasonal Naive,0.0,37313.0
2025-01-01,S6_guatemala,Seasonal Naive,0.0,44423.0
2025-02-01,S6_guatemala,Seasonal Naive,0.0,30093.0
2025-03-01,S6_guatemala,Seasonal Naive,0.0,29318.0
2025-04-01,S6_guatemala,Seasonal Naive,0.0,10039.0
2025-05-01,S6_guatemala,Seasonal Naive,0.0,9779.0
2025-06-01,S6_guatemala,Seasonal Naive,0.0,11817.0
2025-07-01,S6_guatemala,Seasonal Naive,0.0,13484.0
2025-08-01,S6_guatemala,Seasonal Naive,0.0,15357.0
2025-09-01,S6_guatemala,Seasonal Naive,0.0,10640.0
2025-10-01,S6_guatemala,Seasonal Naive,0.0,10870.25
2025-11-01,S6_guatemala,Seasonal Naive,0.0,23763.0
2025-12-01,S6_guatemala,Seasonal Naive,0.0,37313.0
2026-01-01,S6_guatemala,Seasonal Naive,0.0,44423.0
2026-02-01,S6_guatemala,Seasonal Naive,0.0,30093.0
2026-03-01,S6_guatemala,Seasonal Naive,0.0,29318.0
2026-04-01,S6_guatemala,Seasonal Naive,0.0,10039.0
2026-05-01,S6_guatemala,Seasonal Naive,0.0,9779.0
2026-06-01,S6_guatemala,Seasonal Naive,0.0,11817.0
